TIM_MONTH	PRODUTO	CARTEIRA	CANAL_AJUSTADO	SUB_CANAL_AJUSTADO	CUST_SEGMENT_CROSS	METODO_PAGAMENTO	SUM de TPV
202601	OP - CHECKOUT					BANK_TRANSFER	12152,65
202601	OP - CHECKOUT					CREDIT_CARD	19815,71
202601	OP - CHECKOUT					TICKET	2924,25
202601	OP - CHECKOUT	ACQUISITION	CANAIS DIGITAIS	CANAIS DIGITAIS	LONGTAIL	ACCOUNT_MONEY	234943,41
202601	OP - CHECKOUT	ACQUISITION	CANAIS DIGITAIS	CANAIS DIGITAIS	LONGTAIL	BANK_TRANSFER	3172611,2
202601	OP - CHECKOUT	ACQUISITION	CANAIS DIGITAIS	CANAIS DIGITAIS	LONGTAIL	CREDIT_CARD	1016044,4
202601	OP - CHECKOUT	ACQUISITION	CANAIS DIGITAIS	CANAIS DIGITAIS	LONGTAIL	DEBIT_CARD	148,77
202601	OP - CHECKOUT	ACQUISITION	CANAIS DIGITAIS	CANAIS DIGITAIS	LONGTAIL	DIGITAL_CURRENCY	7432,8
202601	OP - CHECKOUT	ACQUISITION	CANAIS DIGITAIS	CANAIS DIGITAIS	LONGTAIL	TICKET	31313,8
202601	OP - CHECKOUT	ACQUISITION	CANAIS DIGITAIS	CANAIS DIGITAIS	SMB	ACCOUNT_MONEY	45283,01
202601	OP - CHECKOUT	ACQUISITION	CANAIS DIGITAIS	CANAIS DIGITAIS	SMB	BANK_TRANSFER	3845924
202601	OP - CHECKOUT	ACQUISITION	CANAIS DIGITAIS	CANAIS DIGITAIS	SMB	CREDIT_CARD	645046,76
202601	OP - CHECKOUT	ACQUISITION	CANAIS DIGITAIS	CANAIS DIGITAIS	SMB	DEBIT_CARD	10
202601	OP - CHECKOUT	ACQUISITION	CANAIS DIGITAIS	CANAIS DIGITAIS	SMB	DIGITAL_CURRENCY	4875,81
202601	OP - CHECKOUT	ACQUISITION	CANAIS DIGITAIS	CANAIS DIGITAIS	SMB	TICKET	5053,74
202601	OP - CHECKOUT	ACQUISITION	CONSULTOR CERTIFICADO	CONSULTOR CERTIFICADO	LONGTAIL	BANK_TRANSFER	18,9
202601	OP - CHECKOUT	ACQUISITION	CONSULTOR CERTIFICADO	CONSULTOR CERTIFICADO	LONGTAIL	CREDIT_CARD	14,9
202601	OP - CHECKOUT	ACQUISITION	CONSULTOR CERTIFICADO	CONSULTOR CERTIFICADO	SMB	CREDIT_CARD	266,46
202601	OP - CHECKOUT	ACQUISITION	FDV PROPRIA	FDV PROPRIA	LONGTAIL	ACCOUNT_MONEY	99
202601	OP - CHECKOUT	ACQUISITION	FDV PROPRIA	FDV PROPRIA	LONGTAIL	BANK_TRANSFER	7470,27
202601	OP - CHECKOUT	ACQUISITION	FDV PROPRIA	FDV PROPRIA	LONGTAIL	CREDIT_CARD	4918,56
202601	OP - CHECKOUT	ACQUISITION	FDV PROPRIA	FDV PROPRIA	SMB	ACCOUNT_MONEY	137,56
202601	OP - CHECKOUT	ACQUISITION	FDV PROPRIA	FDV PROPRIA	SMB	BANK_TRANSFER	2018,28
202601	OP - CHECKOUT	ACQUISITION	FDV PROPRIA	FDV PROPRIA	SMB	CREDIT_CARD	26600,21
202601	OP - CHECKOUT	ACQUISITION	FDV TERCEIRA	FDV TERCEIRA	LONGTAIL	BANK_TRANSFER	28804,47
202601	OP - CHECKOUT	ACQUISITION	FDV TERCEIRA	FDV TERCEIRA	LONGTAIL	CREDIT_CARD	4718
202601	OP - CHECKOUT	ACQUISITION	FDV TERCEIRA	FDV TERCEIRA	SMB	BANK_TRANSFER	1809,8
202601	OP - CHECKOUT	ACQUISITION	FDV TERCEIRA	FDV TERCEIRA	SMB	CREDIT_CARD	5592,7
202601	OP - CHECKOUT	ACQUISITION	HUNTING	HUNTING	BIG SELLERS	ACCOUNT_MONEY	6034,33
202601	OP - CHECKOUT	ACQUISITION	HUNTING	HUNTING	BIG SELLERS	BANK_TRANSFER	10655311,2
202601	OP - CHECKOUT	ACQUISITION	HUNTING	HUNTING	BIG SELLERS	CREDIT_CARD	18816628,51
202601	OP - CHECKOUT	ACQUISITION	HUNTING	HUNTING	BIG SELLERS	DIGITAL_CURRENCY	1446,96
202601	OP - CHECKOUT	ACQUISITION	HUNTING	HUNTING	BIG SELLERS	TICKET	221124,84
202601	OP - CHECKOUT	ACQUISITION	HUNTING LC	HUNTING LC	BIG SELLERS	ACCOUNT_MONEY	76681,45
202601	OP - CHECKOUT	ACQUISITION	HUNTING LC	HUNTING LC	BIG SELLERS	BANK_TRANSFER	1298
202601	OP - CHECKOUT	ACQUISITION	HUNTING LC	HUNTING LC	BIG SELLERS	CREDIT_CARD	228788,5
202601	OP - CHECKOUT	ACQUISITION	HUNTING LC	HUNTING LC	BIG SELLERS	DIGITAL_CURRENCY	6503,8
202601	OP - CHECKOUT	ACQUISITION	MGM	MGM	LONGTAIL	ACCOUNT_MONEY	1750,79
202601	OP - CHECKOUT	ACQUISITION	MGM	MGM	LONGTAIL	BANK_TRANSFER	111579,19
202601	OP - CHECKOUT	ACQUISITION	MGM	MGM	LONGTAIL	CREDIT_CARD	69918,74
202601	OP - CHECKOUT	ACQUISITION	MGM	MGM	LONGTAIL	DIGITAL_CURRENCY	35
202601	OP - CHECKOUT	ACQUISITION	MGM	MGM	LONGTAIL	TICKET	469
202601	OP - CHECKOUT	ACQUISITION	MGM	MGM	SMB	BANK_TRANSFER	14319,66
202601	OP - CHECKOUT	ACQUISITION	MGM	MGM	SMB	CREDIT_CARD	14943,39
202601	OP - CHECKOUT	ACQUISITION	PARTNERS ONLINE	AGENCIA	LONGTAIL	BANK_TRANSFER	60306,22
202601	OP - CHECKOUT	ACQUISITION	PARTNERS ONLINE	AGENCIA	LONGTAIL	CREDIT_CARD	19411,29
202601	OP - CHECKOUT	ACQUISITION	PARTNERS ONLINE	AGENCIA	LONGTAIL	TICKET	1139,8
202601	OP - CHECKOUT	ACQUISITION	PARTNERS ONLINE	AGENCIA	SMB	BANK_TRANSFER	91867,4
202601	OP - CHECKOUT	ACQUISITION	PARTNERS ONLINE	AGENCIA	SMB	CREDIT_CARD	16738,07
202601	OP - CHECKOUT	ACQUISITION	PARTNERS ONLINE	AGENCIA	SMB	TICKET	80
202601	OP - CHECKOUT	ACQUISITION	PARTNERS ONLINE	DEVELOPERS	LONGTAIL	ACCOUNT_MONEY	15
202601	OP - CHECKOUT	ACQUISITION	PARTNERS ONLINE	DEVELOPERS	LONGTAIL	BANK_TRANSFER	64933,49
202601	OP - CHECKOUT	ACQUISITION	PARTNERS ONLINE	DEVELOPERS	LONGTAIL	CREDIT_CARD	14127,88
202601	OP - CHECKOUT	ACQUISITION	PARTNERS ONLINE	DEVELOPERS	LONGTAIL	DIGITAL_CURRENCY	70,5
202601	OP - CHECKOUT	ACQUISITION	PARTNERS ONLINE	DEVELOPERS	SMB	ACCOUNT_MONEY	357
202601	OP - CHECKOUT	ACQUISITION	PARTNERS ONLINE	DEVELOPERS	SMB	BANK_TRANSFER	88115,25
202601	OP - CHECKOUT	ACQUISITION	PARTNERS ONLINE	DEVELOPERS	SMB	CREDIT_CARD	3649,46
202601	OP - CHECKOUT	ACQUISITION	PARTNERS ONLINE	DEVELOPERS	SMB	DIGITAL_CURRENCY	15,75
202601	OP - CHECKOUT	ACQUISITION	PARTNERS ONLINE	PLATAFORMAS	LONGTAIL	ACCOUNT_MONEY	22922,51
202601	OP - CHECKOUT	ACQUISITION	PARTNERS ONLINE	PLATAFORMAS	LONGTAIL	BANK_TRANSFER	1288496,19
202601	OP - CHECKOUT	ACQUISITION	PARTNERS ONLINE	PLATAFORMAS	LONGTAIL	CREDIT_CARD	1225103,25
202601	OP - CHECKOUT	ACQUISITION	PARTNERS ONLINE	PLATAFORMAS	LONGTAIL	DIGITAL_CURRENCY	47830,76
202601	OP - CHECKOUT	ACQUISITION	PARTNERS ONLINE	PLATAFORMAS	LONGTAIL	TICKET	107230,74
202601	OP - CHECKOUT	ACQUISITION	PARTNERS ONLINE	PLATAFORMAS	SMB	ACCOUNT_MONEY	28139,08
202601	OP - CHECKOUT	ACQUISITION	PARTNERS ONLINE	PLATAFORMAS	SMB	BANK_TRANSFER	2759060,19
202601	OP - CHECKOUT	ACQUISITION	PARTNERS ONLINE	PLATAFORMAS	SMB	CREDIT_CARD	2628720,2
202601	OP - CHECKOUT	ACQUISITION	PARTNERS ONLINE	PLATAFORMAS	SMB	DIGITAL_CURRENCY	6642,8
202601	OP - CHECKOUT	ACQUISITION	PARTNERS ONLINE	PLATAFORMAS	SMB	TICKET	224664,2
202601	OP - CHECKOUT	ACQUISITION	RESELLERS	RESELLERS	LONGTAIL	ACCOUNT_MONEY	32410,11
202601	OP - CHECKOUT	ACQUISITION	RESELLERS	RESELLERS	LONGTAIL	BANK_TRANSFER	163659,42
202601	OP - CHECKOUT	ACQUISITION	RESELLERS	RESELLERS	LONGTAIL	CREDIT_CARD	50502,37
202601	OP - CHECKOUT	ACQUISITION	RESELLERS	RESELLERS	LONGTAIL	DIGITAL_CURRENCY	20
202601	OP - CHECKOUT	ACQUISITION	RESELLERS	RESELLERS	LONGTAIL	TICKET	89,48
202601	OP - CHECKOUT	ACQUISITION	RESELLERS	RESELLERS	SMB	ACCOUNT_MONEY	807,47
202601	OP - CHECKOUT	ACQUISITION	RESELLERS	RESELLERS	SMB	BANK_TRANSFER	89408,06
202601	OP - CHECKOUT	ACQUISITION	RESELLERS	RESELLERS	SMB	CREDIT_CARD	22772,49
202601	OP - CHECKOUT	ACQUISITION	RESELLERS	RESELLERS	SMB	DIGITAL_CURRENCY	89,73
202601	OP - CHECKOUT	ACQUISITION	TELESALES_FARMING	TELESALES_FARMING	LONGTAIL	BANK_TRANSFER	3,1
202601	OP - CHECKOUT	ACQUISITION	TELESALES_FARMING	TELESALES_FARMING	LONGTAIL	CREDIT_CARD	96,6
202601	OP - CHECKOUT	ACQUISITION	TELEVENDAS	TELEVENDAS	LONGTAIL	ACCOUNT_MONEY	25
202601	OP - CHECKOUT	ACQUISITION	TELEVENDAS	TELEVENDAS	LONGTAIL	BANK_TRANSFER	4902,33
202601	OP - CHECKOUT	ACQUISITION	TELEVENDAS	TELEVENDAS	LONGTAIL	CREDIT_CARD	5178,62
202601	OP - CHECKOUT	ACQUISITION	TELEVENDAS	TELEVENDAS	LONGTAIL	TICKET	794,35
202601	OP - CHECKOUT	ACQUISITION	TELEVENDAS	TELEVENDAS	SMB	BANK_TRANSFER	19790,07
202601	OP - CHECKOUT	ACQUISITION	TELEVENDAS	TELEVENDAS	SMB	CREDIT_CARD	6827,47
202601	OP - CHECKOUT	ENGAGEMENT	ENGAGEMENT & VALUE PROP	ENGAGEMENT & VALUE PROP	LONGTAIL	ACCOUNT_MONEY	1079855,47
202601	OP - CHECKOUT	ENGAGEMENT	ENGAGEMENT & VALUE PROP	ENGAGEMENT & VALUE PROP	LONGTAIL	BANK_TRANSFER	61612746,39
202601	OP - CHECKOUT	ENGAGEMENT	ENGAGEMENT & VALUE PROP	ENGAGEMENT & VALUE PROP	LONGTAIL	CREDIT_CARD	47454798,83
202601	OP - CHECKOUT	ENGAGEMENT	ENGAGEMENT & VALUE PROP	ENGAGEMENT & VALUE PROP	LONGTAIL	DEBIT_CARD	1989,54
202601	OP - CHECKOUT	ENGAGEMENT	ENGAGEMENT & VALUE PROP	ENGAGEMENT & VALUE PROP	LONGTAIL	DIGITAL_CURRENCY	316555,52
202601	OP - CHECKOUT	ENGAGEMENT	ENGAGEMENT & VALUE PROP	ENGAGEMENT & VALUE PROP	LONGTAIL	TICKET	2235746,15
202601	OP - CHECKOUT	ENGAGEMENT	ENGAGEMENT & VALUE PROP	ENGAGEMENT & VALUE PROP	SMB	ACCOUNT_MONEY	2703595,28
202601	OP - CHECKOUT	ENGAGEMENT	ENGAGEMENT & VALUE PROP	ENGAGEMENT & VALUE PROP	SMB	BANK_TRANSFER	208325965,4
202601	OP - CHECKOUT	ENGAGEMENT	ENGAGEMENT & VALUE PROP	ENGAGEMENT & VALUE PROP	SMB	CREDIT_CARD	186561654,4
202601	OP - CHECKOUT	ENGAGEMENT	ENGAGEMENT & VALUE PROP	ENGAGEMENT & VALUE PROP	SMB	DEBIT_CARD	2148,66
202601	OP - CHECKOUT	ENGAGEMENT	ENGAGEMENT & VALUE PROP	ENGAGEMENT & VALUE PROP	SMB	DIGITAL_CURRENCY	620074,48
202601	OP - CHECKOUT	ENGAGEMENT	ENGAGEMENT & VALUE PROP	ENGAGEMENT & VALUE PROP	SMB	TICKET	9765713,75
202601	OP - CHECKOUT	ENGAGEMENT	ENGAGEMENT BIG SELLERS	ENGAGEMENT BIG SELLERS	BIG SELLERS	ACCOUNT_MONEY	98373211,89
202601	OP - CHECKOUT	ENGAGEMENT	ENGAGEMENT BIG SELLERS	ENGAGEMENT BIG SELLERS	BIG SELLERS	BANK_TRANSFER	1312723246
202601	OP - CHECKOUT	ENGAGEMENT	ENGAGEMENT BIG SELLERS	ENGAGEMENT BIG SELLERS	BIG SELLERS	CREDIT_CARD	1822756752
202601	OP - CHECKOUT	ENGAGEMENT	ENGAGEMENT BIG SELLERS	ENGAGEMENT BIG SELLERS	BIG SELLERS	DEBIT_CARD	5697,53
202601	OP - CHECKOUT	ENGAGEMENT	ENGAGEMENT BIG SELLERS	ENGAGEMENT BIG SELLERS	BIG SELLERS	DIGITAL_CURRENCY	1147841,17
202601	OP - CHECKOUT	ENGAGEMENT	ENGAGEMENT BIG SELLERS	ENGAGEMENT BIG SELLERS	BIG SELLERS	TICKET	56840565,06
202601	OP - LINK	ACQUISITION	CANAIS DIGITAIS	CANAIS DIGITAIS	BIG SELLERS	BANK_TRANSFER	150
202601	OP - LINK	ACQUISITION	CANAIS DIGITAIS	CANAIS DIGITAIS	BIG SELLERS	CREDIT_CARD	8757,96
202601	OP - LINK	ACQUISITION	CANAIS DIGITAIS	CANAIS DIGITAIS	LONGTAIL	ACCOUNT_MONEY	290196,94
202601	OP - LINK	ACQUISITION	CANAIS DIGITAIS	CANAIS DIGITAIS	LONGTAIL	BANK_TRANSFER	1264997,57
202601	OP - LINK	ACQUISITION	CANAIS DIGITAIS	CANAIS DIGITAIS	LONGTAIL	CREDIT_CARD	94618528,13
202601	OP - LINK	ACQUISITION	CANAIS DIGITAIS	CANAIS DIGITAIS	LONGTAIL	DEBIT_CARD	2760,53
202601	OP - LINK	ACQUISITION	CANAIS DIGITAIS	CANAIS DIGITAIS	LONGTAIL	DIGITAL_CURRENCY	1384676,32
202601	OP - LINK	ACQUISITION	CANAIS DIGITAIS	CANAIS DIGITAIS	LONGTAIL	TICKET	378114,02
202601	OP - LINK	ACQUISITION	CANAIS DIGITAIS	CANAIS DIGITAIS	SMB	ACCOUNT_MONEY	77458,53
202601	OP - LINK	ACQUISITION	CANAIS DIGITAIS	CANAIS DIGITAIS	SMB	BANK_TRANSFER	377231,3
202601	OP - LINK	ACQUISITION	CANAIS DIGITAIS	CANAIS DIGITAIS	SMB	CREDIT_CARD	38705208,76
202601	OP - LINK	ACQUISITION	CANAIS DIGITAIS	CANAIS DIGITAIS	SMB	DEBIT_CARD	248,31
202601	OP - LINK	ACQUISITION	CANAIS DIGITAIS	CANAIS DIGITAIS	SMB	DIGITAL_CURRENCY	71998,05
202601	OP - LINK	ACQUISITION	CANAIS DIGITAIS	CANAIS DIGITAIS	SMB	TICKET	634370,55
202601	OP - LINK	ACQUISITION	CONSULTOR CERTIFICADO	CONSULTOR CERTIFICADO	LONGTAIL	ACCOUNT_MONEY	555,69
202601	OP - LINK	ACQUISITION	CONSULTOR CERTIFICADO	CONSULTOR CERTIFICADO	LONGTAIL	BANK_TRANSFER	311,8
202601	OP - LINK	ACQUISITION	CONSULTOR CERTIFICADO	CONSULTOR CERTIFICADO	LONGTAIL	CREDIT_CARD	91502,75
202601	OP - LINK	ACQUISITION	CONSULTOR CERTIFICADO	CONSULTOR CERTIFICADO	LONGTAIL	DIGITAL_CURRENCY	1343
202601	OP - LINK	ACQUISITION	CONSULTOR CERTIFICADO	CONSULTOR CERTIFICADO	SMB	ACCOUNT_MONEY	129
202601	OP - LINK	ACQUISITION	CONSULTOR CERTIFICADO	CONSULTOR CERTIFICADO	SMB	BANK_TRANSFER	242
202601	OP - LINK	ACQUISITION	CONSULTOR CERTIFICADO	CONSULTOR CERTIFICADO	SMB	CREDIT_CARD	99835,41
202601	OP - LINK	ACQUISITION	CONSULTOR CERTIFICADO	CONSULTOR CERTIFICADO	SMB	DIGITAL_CURRENCY	614,9
202601	OP - LINK	ACQUISITION	FDV PROPRIA	FDV PROPRIA	BIG SELLERS	CREDIT_CARD	36779
202601	OP - LINK	ACQUISITION	FDV PROPRIA	FDV PROPRIA	LONGTAIL	ACCOUNT_MONEY	9769,93
202601	OP - LINK	ACQUISITION	FDV PROPRIA	FDV PROPRIA	LONGTAIL	BANK_TRANSFER	26201,46
202601	OP - LINK	ACQUISITION	FDV PROPRIA	FDV PROPRIA	LONGTAIL	CREDIT_CARD	3885841,65
202601	OP - LINK	ACQUISITION	FDV PROPRIA	FDV PROPRIA	LONGTAIL	DIGITAL_CURRENCY	6856,17
202601	OP - LINK	ACQUISITION	FDV PROPRIA	FDV PROPRIA	LONGTAIL	TICKET	1557,49
202601	OP - LINK	ACQUISITION	FDV PROPRIA	FDV PROPRIA	SMB	ACCOUNT_MONEY	16649,15
202601	OP - LINK	ACQUISITION	FDV PROPRIA	FDV PROPRIA	SMB	BANK_TRANSFER	41413,38
202601	OP - LINK	ACQUISITION	FDV PROPRIA	FDV PROPRIA	SMB	CREDIT_CARD	6332756,72
202601	OP - LINK	ACQUISITION	FDV PROPRIA	FDV PROPRIA	SMB	DIGITAL_CURRENCY	4964,79
202601	OP - LINK	ACQUISITION	FDV PROPRIA	FDV PROPRIA	SMB	TICKET	4770
202601	OP - LINK	ACQUISITION	FDV TERCEIRA	FDV TERCEIRA	LONGTAIL	ACCOUNT_MONEY	16053,32
202601	OP - LINK	ACQUISITION	FDV TERCEIRA	FDV TERCEIRA	LONGTAIL	BANK_TRANSFER	17775,66
202601	OP - LINK	ACQUISITION	FDV TERCEIRA	FDV TERCEIRA	LONGTAIL	CREDIT_CARD	2015382,58
202601	OP - LINK	ACQUISITION	FDV TERCEIRA	FDV TERCEIRA	LONGTAIL	DEBIT_CARD	50
202601	OP - LINK	ACQUISITION	FDV TERCEIRA	FDV TERCEIRA	LONGTAIL	DIGITAL_CURRENCY	13151,13
202601	OP - LINK	ACQUISITION	FDV TERCEIRA	FDV TERCEIRA	LONGTAIL	TICKET	2650
202601	OP - LINK	ACQUISITION	FDV TERCEIRA	FDV TERCEIRA	SMB	ACCOUNT_MONEY	2426,65
202601	OP - LINK	ACQUISITION	FDV TERCEIRA	FDV TERCEIRA	SMB	BANK_TRANSFER	3032,69
202601	OP - LINK	ACQUISITION	FDV TERCEIRA	FDV TERCEIRA	SMB	CREDIT_CARD	1383321
202601	OP - LINK	ACQUISITION	FDV TERCEIRA	FDV TERCEIRA	SMB	DIGITAL_CURRENCY	5427,86
202601	OP - LINK	ACQUISITION	HUNTING	HUNTING	BIG SELLERS	ACCOUNT_MONEY	14293,95
202601	OP - LINK	ACQUISITION	HUNTING	HUNTING	BIG SELLERS	BANK_TRANSFER	122532,51
202601	OP - LINK	ACQUISITION	HUNTING	HUNTING	BIG SELLERS	CREDIT_CARD	3859339,69
202601	OP - LINK	ACQUISITION	HUNTING	HUNTING	BIG SELLERS	DIGITAL_CURRENCY	2712
202601	OP - LINK	ACQUISITION	HUNTING	HUNTING	BIG SELLERS	TICKET	8336,93
202601	OP - LINK	ACQUISITION	HUNTING	HUNTING	LONGTAIL	ACCOUNT_MONEY	10
202601	OP - LINK	ACQUISITION	HUNTING	HUNTING	LONGTAIL	BANK_TRANSFER	500
202601	OP - LINK	ACQUISITION	HUNTING	HUNTING	LONGTAIL	CREDIT_CARD	6662,84
202601	OP - LINK	ACQUISITION	HUNTING	HUNTING	SMB	BANK_TRANSFER	281,01
202601	OP - LINK	ACQUISITION	HUNTING	HUNTING	SMB	CREDIT_CARD	69338,45
202601	OP - LINK	ACQUISITION	HUNTING	HUNTING	SMB	TICKET	120
202601	OP - LINK	ACQUISITION	HUNTING LC	HUNTING LC	BIG SELLERS	ACCOUNT_MONEY	27014
202601	OP - LINK	ACQUISITION	HUNTING LC	HUNTING LC	BIG SELLERS	CREDIT_CARD	33190
202601	OP - LINK	ACQUISITION	MGM	MGM	LONGTAIL	ACCOUNT_MONEY	20752,68
202601	OP - LINK	ACQUISITION	MGM	MGM	LONGTAIL	BANK_TRANSFER	74523,87
202601	OP - LINK	ACQUISITION	MGM	MGM	LONGTAIL	CREDIT_CARD	8846957,36
202601	OP - LINK	ACQUISITION	MGM	MGM	LONGTAIL	DIGITAL_CURRENCY	101327,61
202601	OP - LINK	ACQUISITION	MGM	MGM	LONGTAIL	TICKET	4282,47
202601	OP - LINK	ACQUISITION	MGM	MGM	SMB	ACCOUNT_MONEY	5852
202601	OP - LINK	ACQUISITION	MGM	MGM	SMB	BANK_TRANSFER	36996,15
202601	OP - LINK	ACQUISITION	MGM	MGM	SMB	CREDIT_CARD	1787870,22
202601	OP - LINK	ACQUISITION	MGM	MGM	SMB	DIGITAL_CURRENCY	3809,55
202601	OP - LINK	ACQUISITION	MGM	MGM	SMB	TICKET	20000
202601	OP - LINK	ACQUISITION	RESELLERS	RESELLERS	LONGTAIL	ACCOUNT_MONEY	61684,51
202601	OP - LINK	ACQUISITION	RESELLERS	RESELLERS	LONGTAIL	BANK_TRANSFER	171565,06
202601	OP - LINK	ACQUISITION	RESELLERS	RESELLERS	LONGTAIL	CREDIT_CARD	21182902,12
202601	OP - LINK	ACQUISITION	RESELLERS	RESELLERS	LONGTAIL	DEBIT_CARD	194
202601	OP - LINK	ACQUISITION	RESELLERS	RESELLERS	LONGTAIL	DIGITAL_CURRENCY	337753,42
202601	OP - LINK	ACQUISITION	RESELLERS	RESELLERS	LONGTAIL	TICKET	87563,14
202601	OP - LINK	ACQUISITION	RESELLERS	RESELLERS	SMB	ACCOUNT_MONEY	12917,07
202601	OP - LINK	ACQUISITION	RESELLERS	RESELLERS	SMB	BANK_TRANSFER	24653,17
202601	OP - LINK	ACQUISITION	RESELLERS	RESELLERS	SMB	CREDIT_CARD	2985534,05
202601	OP - LINK	ACQUISITION	RESELLERS	RESELLERS	SMB	DIGITAL_CURRENCY	19459,77
202601	OP - LINK	ACQUISITION	RESELLERS	RESELLERS	SMB	TICKET	135
202601	OP - LINK	ACQUISITION	TELESALES_FARMING	TELESALES_FARMING	LONGTAIL	BANK_TRANSFER	25
202601	OP - LINK	ACQUISITION	TELESALES_FARMING	TELESALES_FARMING	LONGTAIL	CREDIT_CARD	120222,37
202601	OP - LINK	ACQUISITION	TELESALES_FARMING	TELESALES_FARMING	LONGTAIL	DIGITAL_CURRENCY	1330
202601	OP - LINK	ACQUISITION	TELESALES_FARMING	TELESALES_FARMING	SMB	BANK_TRANSFER	1000
202601	OP - LINK	ACQUISITION	TELESALES_FARMING	TELESALES_FARMING	SMB	CREDIT_CARD	20961,46
202601	OP - LINK	ACQUISITION	TELEVENDAS	TELEVENDAS	LONGTAIL	ACCOUNT_MONEY	4075,88
202601	OP - LINK	ACQUISITION	TELEVENDAS	TELEVENDAS	LONGTAIL	BANK_TRANSFER	5688,46
202601	OP - LINK	ACQUISITION	TELEVENDAS	TELEVENDAS	LONGTAIL	CREDIT_CARD	1027457,39
202601	OP - LINK	ACQUISITION	TELEVENDAS	TELEVENDAS	LONGTAIL	DIGITAL_CURRENCY	16667,23
202601	OP - LINK	ACQUISITION	TELEVENDAS	TELEVENDAS	LONGTAIL	TICKET	3347,08
202601	OP - LINK	ACQUISITION	TELEVENDAS	TELEVENDAS	SMB	ACCOUNT_MONEY	2688,1
202601	OP - LINK	ACQUISITION	TELEVENDAS	TELEVENDAS	SMB	BANK_TRANSFER	1987
202601	OP - LINK	ACQUISITION	TELEVENDAS	TELEVENDAS	SMB	CREDIT_CARD	389551,92
202601	OP - LINK	ACQUISITION	TELEVENDAS	TELEVENDAS	SMB	DIGITAL_CURRENCY	1640
202601	OP - LINK	ACQUISITION	TELEVENDAS	TELEVENDAS	SMB	TICKET	300
202601	OP - LINK	ENGAGEMENT	ENGAGEMENT & VALUE PROP	ENGAGEMENT & VALUE PROP	LONGTAIL	ACCOUNT_MONEY	1593104,99
202601	OP - LINK	ENGAGEMENT	ENGAGEMENT & VALUE PROP	ENGAGEMENT & VALUE PROP	LONGTAIL	BANK_TRANSFER	7872715,49
202601	OP - LINK	ENGAGEMENT	ENGAGEMENT & VALUE PROP	ENGAGEMENT & VALUE PROP	LONGTAIL	CREDIT_CARD	681340239,6
202601	OP - LINK	ENGAGEMENT	ENGAGEMENT & VALUE PROP	ENGAGEMENT & VALUE PROP	LONGTAIL	DEBIT_CARD	22390,43
202601	OP - LINK	ENGAGEMENT	ENGAGEMENT & VALUE PROP	ENGAGEMENT & VALUE PROP	LONGTAIL	DIGITAL_CURRENCY	4706055,76
202601	OP - LINK	ENGAGEMENT	ENGAGEMENT & VALUE PROP	ENGAGEMENT & VALUE PROP	LONGTAIL	TICKET	1927459,72
202601	OP - LINK	ENGAGEMENT	ENGAGEMENT & VALUE PROP	ENGAGEMENT & VALUE PROP	SMB	ACCOUNT_MONEY	1463422,35
202601	OP - LINK	ENGAGEMENT	ENGAGEMENT & VALUE PROP	ENGAGEMENT & VALUE PROP	SMB	BANK_TRANSFER	8882611,4
202601	OP - LINK	ENGAGEMENT	ENGAGEMENT & VALUE PROP	ENGAGEMENT & VALUE PROP	SMB	CREDIT_CARD	649494314,2
202601	OP - LINK	ENGAGEMENT	ENGAGEMENT & VALUE PROP	ENGAGEMENT & VALUE PROP	SMB	DEBIT_CARD	3375
202601	OP - LINK	ENGAGEMENT	ENGAGEMENT & VALUE PROP	ENGAGEMENT & VALUE PROP	SMB	DIGITAL_CURRENCY	1591137,26
202601	OP - LINK	ENGAGEMENT	ENGAGEMENT & VALUE PROP	ENGAGEMENT & VALUE PROP	SMB	TICKET	3115441,68
202601	OP - LINK	ENGAGEMENT	ENGAGEMENT BIG SELLERS	ENGAGEMENT BIG SELLERS	BIG SELLERS	ACCOUNT_MONEY	1124234,38
202601	OP - LINK	ENGAGEMENT	ENGAGEMENT BIG SELLERS	ENGAGEMENT BIG SELLERS	BIG SELLERS	BANK_TRANSFER	8394713,18
202601	OP - LINK	ENGAGEMENT	ENGAGEMENT BIG SELLERS	ENGAGEMENT BIG SELLERS	BIG SELLERS	CREDIT_CARD	93435155,82
202601	OP - LINK	ENGAGEMENT	ENGAGEMENT BIG SELLERS	ENGAGEMENT BIG SELLERS	BIG SELLERS	DEBIT_CARD	186,49
202601	OP - LINK	ENGAGEMENT	ENGAGEMENT BIG SELLERS	ENGAGEMENT BIG SELLERS	BIG SELLERS	DIGITAL_CURRENCY	134860,12
202601	OP - LINK	ENGAGEMENT	ENGAGEMENT BIG SELLERS	ENGAGEMENT BIG SELLERS	BIG SELLERS	TICKET	819781,03
202601	OP - OTHERS				LONGTAIL	ACCOUNT_MONEY	989,49
202601	OP - OTHERS				LONGTAIL	BANK_TRANSFER	1474,16
202601	OP - OTHERS				LONGTAIL	CREDIT_CARD	1495,69
202601	OP - OTHERS				LONGTAIL	TICKET	25049,62
202601	OP - OTHERS				SMB	ACCOUNT_MONEY	90
202601	OP - OTHERS				SMB	CREDIT_CARD	137,35
202601	OP - OTHERS				SMB	TICKET	3623,69
202601	OP - OTHERS	ACQUISITION	HUNTING	HUNTING	BIG SELLERS	CREDIT_CARD	132,89
202601	OP - OTHERS	ACQUISITION	HUNTING	HUNTING	BIG SELLERS	TICKET	1832,93
202601	OP - OTHERS	ACQUISITION	HUNTING LC	HUNTING LC	BIG SELLERS	TICKET	95190
202601	OP - OTHERS	ACQUISITION	PARTNERS ONLINE	PLATAFORMAS	LONGTAIL	TICKET	8,5
202601	OP - OTHERS	ACQUISITION	PARTNERS ONLINE	PLATAFORMAS	SMB	CREDIT_CARD	354,4
202601	OP - OTHERS	ACQUISITION	PARTNERS ONLINE	PLATAFORMAS	SMB	TICKET	1984,7
202601	OP - OTHERS	ENGAGEMENT	ENGAGEMENT & VALUE PROP	ENGAGEMENT & VALUE PROP	LONGTAIL	ACCOUNT_MONEY	112045,56
202601	OP - OTHERS	ENGAGEMENT	ENGAGEMENT & VALUE PROP	ENGAGEMENT & VALUE PROP	LONGTAIL	BANK_TRANSFER	1025733,42
202601	OP - OTHERS	ENGAGEMENT	ENGAGEMENT & VALUE PROP	ENGAGEMENT & VALUE PROP	LONGTAIL	CREDIT_CARD	996330,15
202601	OP - OTHERS	ENGAGEMENT	ENGAGEMENT & VALUE PROP	ENGAGEMENT & VALUE PROP	LONGTAIL	TICKET	23841337,32
202601	OP - OTHERS	ENGAGEMENT	ENGAGEMENT & VALUE PROP	ENGAGEMENT & VALUE PROP	SMB	ACCOUNT_MONEY	413611,82
202601	OP - OTHERS	ENGAGEMENT	ENGAGEMENT & VALUE PROP	ENGAGEMENT & VALUE PROP	SMB	BANK_TRANSFER	304418,78
202601	OP - OTHERS	ENGAGEMENT	ENGAGEMENT & VALUE PROP	ENGAGEMENT & VALUE PROP	SMB	CREDIT_CARD	4347108,93
202601	OP - OTHERS	ENGAGEMENT	ENGAGEMENT & VALUE PROP	ENGAGEMENT & VALUE PROP	SMB	TICKET	24193572,6
202601	OP - OTHERS	ENGAGEMENT	ENGAGEMENT BIG SELLERS	ENGAGEMENT BIG SELLERS	BIG SELLERS	ACCOUNT_MONEY	5046,79
202601	OP - OTHERS	ENGAGEMENT	ENGAGEMENT BIG SELLERS	ENGAGEMENT BIG SELLERS	BIG SELLERS	CREDIT_CARD	356328,25
202601	OP - OTHERS	ENGAGEMENT	ENGAGEMENT BIG SELLERS	ENGAGEMENT BIG SELLERS	BIG SELLERS	TICKET	1953056,16
202601	POINT	ACQUISITION	BIGSELLER FARMING	BIGSELLER FARMING	LONGTAIL	CREDIT_CARD	143,88
202601	POINT	ACQUISITION	BIGSELLER FARMING	BIGSELLER FARMING	LONGTAIL	DEBIT_CARD	1621
202601	POINT	ACQUISITION	CANAIS DIGITAIS	CANAIS DIGITAIS	LONGTAIL	CREDIT_CARD	37759981,2
202601	POINT	ACQUISITION	CANAIS DIGITAIS	CANAIS DIGITAIS	LONGTAIL	DEBIT_CARD	18747614,58
202601	POINT	ACQUISITION	CANAIS DIGITAIS	CANAIS DIGITAIS	SMB	CREDIT_CARD	23664497,73
202601	POINT	ACQUISITION	CANAIS DIGITAIS	CANAIS DIGITAIS	SMB	DEBIT_CARD	10185084,38
202601	POINT	ACQUISITION	CONSULTOR CERTIFICADO	CONSULTOR CERTIFICADO	LONGTAIL	CREDIT_CARD	307496,04
202601	POINT	ACQUISITION	CONSULTOR CERTIFICADO	CONSULTOR CERTIFICADO	LONGTAIL	DEBIT_CARD	267325,06
202601	POINT	ACQUISITION	CONSULTOR CERTIFICADO	CONSULTOR CERTIFICADO	SMB	CREDIT_CARD	824712,67
202601	POINT	ACQUISITION	CONSULTOR CERTIFICADO	CONSULTOR CERTIFICADO	SMB	DEBIT_CARD	577525,19
202601	POINT	ACQUISITION	FDV PROPRIA	FDV PROPRIA	LONGTAIL	CREDIT_CARD	22350319,03
202601	POINT	ACQUISITION	FDV PROPRIA	FDV PROPRIA	LONGTAIL	DEBIT_CARD	9839196,31
202601	POINT	ACQUISITION	FDV PROPRIA	FDV PROPRIA	SMB	CREDIT_CARD	52587003,76
202601	POINT	ACQUISITION	FDV PROPRIA	FDV PROPRIA	SMB	DEBIT_CARD	18635743,37
202601	POINT	ACQUISITION	FDV TERCEIRA	FDV TERCEIRA	LONGTAIL	CREDIT_CARD	6436214,65
202601	POINT	ACQUISITION	FDV TERCEIRA	FDV TERCEIRA	LONGTAIL	DEBIT_CARD	3176392,42
202601	POINT	ACQUISITION	FDV TERCEIRA	FDV TERCEIRA	SMB	CREDIT_CARD	6437330,63
202601	POINT	ACQUISITION	FDV TERCEIRA	FDV TERCEIRA	SMB	DEBIT_CARD	2472472,88
202601	POINT	ACQUISITION	HUNTING	HUNTING	BIG SELLERS	CREDIT_CARD	47021614,73
202601	POINT	ACQUISITION	HUNTING	HUNTING	BIG SELLERS	DEBIT_CARD	6752063,34
202601	POINT	ACQUISITION	HUNTING	HUNTING	LONGTAIL	CREDIT_CARD	18740,98
202601	POINT	ACQUISITION	HUNTING	HUNTING	LONGTAIL	DEBIT_CARD	6471,31
202601	POINT	ACQUISITION	HUNTING	HUNTING	SMB	DEBIT_CARD	1
202601	POINT	ACQUISITION	MGM	MGM	LONGTAIL	CREDIT_CARD	6297633,71
202601	POINT	ACQUISITION	MGM	MGM	LONGTAIL	DEBIT_CARD	3869835,06
202601	POINT	ACQUISITION	MGM	MGM	SMB	CREDIT_CARD	3984032,55
202601	POINT	ACQUISITION	MGM	MGM	SMB	DEBIT_CARD	2246438,4
202601	POINT	ACQUISITION	PARTNERS INSTORE	PARTNERS INSTORE	LONGTAIL	CREDIT_CARD	6394,65
202601	POINT	ACQUISITION	PARTNERS INSTORE	PARTNERS INSTORE	LONGTAIL	DEBIT_CARD	1777,4
202601	POINT	ACQUISITION	PARTNERS INSTORE	PARTNERS INSTORE	SMB	CREDIT_CARD	13044,74
202601	POINT	ACQUISITION	PARTNERS INSTORE	PARTNERS INSTORE	SMB	DEBIT_CARD	26114,5
202601	POINT	ACQUISITION	RESELLERS	RESELLERS	LONGTAIL	CREDIT_CARD	5190070,17
202601	POINT	ACQUISITION	RESELLERS	RESELLERS	LONGTAIL	DEBIT_CARD	4410392,62
202601	POINT	ACQUISITION	RESELLERS	RESELLERS	SMB	CREDIT_CARD	5068704,52
202601	POINT	ACQUISITION	RESELLERS	RESELLERS	SMB	DEBIT_CARD	4067037,97
202601	POINT	ACQUISITION	TELESALES_FARMING	TELESALES_FARMING	LONGTAIL	CREDIT_CARD	46374,38
202601	POINT	ACQUISITION	TELESALES_FARMING	TELESALES_FARMING	LONGTAIL	DEBIT_CARD	16619,42
202601	POINT	ACQUISITION	TELEVENDAS	TELEVENDAS	LONGTAIL	CREDIT_CARD	2017594,17
202601	POINT	ACQUISITION	TELEVENDAS	TELEVENDAS	LONGTAIL	DEBIT_CARD	1041160,7
202601	POINT	ACQUISITION	TELEVENDAS	TELEVENDAS	SMB	CREDIT_CARD	2295206,58
202601	POINT	ACQUISITION	TELEVENDAS	TELEVENDAS	SMB	DEBIT_CARD	843805,49
202601	POINT	ACQUISITION	UNKNOWN	UNKNOWN	LONGTAIL	CREDIT_CARD	1140371,58
202601	POINT	ACQUISITION	UNKNOWN	UNKNOWN	LONGTAIL	DEBIT_CARD	852291,27
202601	POINT	ACQUISITION	UNKNOWN	UNKNOWN	SMB	CREDIT_CARD	817182,64
202601	POINT	ACQUISITION	UNKNOWN	UNKNOWN	SMB	DEBIT_CARD	598450,43
202601	POINT	ENGAGEMENT	ENGAGEMENT & VALUE PROP	ENGAGEMENT & VALUE PROP	LONGTAIL	CREDIT_CARD	3012512749
202601	POINT	ENGAGEMENT	ENGAGEMENT & VALUE PROP	ENGAGEMENT & VALUE PROP	LONGTAIL	DEBIT_CARD	1822598556
202601	POINT	ENGAGEMENT	ENGAGEMENT & VALUE PROP	ENGAGEMENT & VALUE PROP	SMB	ACCOUNT_MONEY	8273765
202601	POINT	ENGAGEMENT	ENGAGEMENT & VALUE PROP	ENGAGEMENT & VALUE PROP	SMB	CREDIT_CARD	3201000727
202601	POINT	ENGAGEMENT	ENGAGEMENT & VALUE PROP	ENGAGEMENT & VALUE PROP	SMB	DEBIT_CARD	2469465951
202601	POINT	ENGAGEMENT	ENGAGEMENT BIG SELLERS	ENGAGEMENT BIG SELLERS	BIG SELLERS	CREDIT_CARD	137247353,5
202601	POINT	ENGAGEMENT	ENGAGEMENT BIG SELLERS	ENGAGEMENT BIG SELLERS	BIG SELLERS	DEBIT_CARD	50485376,46
202601	QR	ACQUISITION	CANAIS DIGITAIS	CANAIS DIGITAIS	BIG SELLERS	BANK_TRANSFER	4796
202601	QR	ACQUISITION	CANAIS DIGITAIS	CANAIS DIGITAIS	LONGTAIL	ACCOUNT_MONEY	5176247,01
202601	QR	ACQUISITION	CANAIS DIGITAIS	CANAIS DIGITAIS	LONGTAIL	BANK_TRANSFER	39828262,27
202601	QR	ACQUISITION	CANAIS DIGITAIS	CANAIS DIGITAIS	LONGTAIL	CREDIT_CARD	722874,07
202601	QR	ACQUISITION	CANAIS DIGITAIS	CANAIS DIGITAIS	LONGTAIL	DIGITAL_CURRENCY	1928666,01
202601	QR	ACQUISITION	CANAIS DIGITAIS	CANAIS DIGITAIS	SMB	ACCOUNT_MONEY	12281965,58
202601	QR	ACQUISITION	CANAIS DIGITAIS	CANAIS DIGITAIS	SMB	BANK_TRANSFER	24527595,09
202601	QR	ACQUISITION	CANAIS DIGITAIS	CANAIS DIGITAIS	SMB	CREDIT_CARD	71424,11
202601	QR	ACQUISITION	CANAIS DIGITAIS	CANAIS DIGITAIS	SMB	DIGITAL_CURRENCY	46736
202601	QR	ACQUISITION	CONSULTOR CERTIFICADO	CONSULTOR CERTIFICADO	LONGTAIL	ACCOUNT_MONEY	3
202601	QR	ACQUISITION	CONSULTOR CERTIFICADO	CONSULTOR CERTIFICADO	LONGTAIL	BANK_TRANSFER	20211,5
202601	QR	ACQUISITION	CONSULTOR CERTIFICADO	CONSULTOR CERTIFICADO	SMB	BANK_TRANSFER	23870,06
202601	QR	ACQUISITION	FDV PROPRIA	FDV PROPRIA	LONGTAIL	ACCOUNT_MONEY	1444,8
202601	QR	ACQUISITION	FDV PROPRIA	FDV PROPRIA	LONGTAIL	BANK_TRANSFER	129942,55
202601	QR	ACQUISITION	FDV PROPRIA	FDV PROPRIA	SMB	ACCOUNT_MONEY	1103,42
202601	QR	ACQUISITION	FDV PROPRIA	FDV PROPRIA	SMB	BANK_TRANSFER	382077,74
202601	QR	ACQUISITION	FDV PROPRIA	FDV PROPRIA	SMB	DIGITAL_CURRENCY	49
202601	QR	ACQUISITION	FDV TERCEIRA	FDV TERCEIRA	LONGTAIL	ACCOUNT_MONEY	11273,41
202601	QR	ACQUISITION	FDV TERCEIRA	FDV TERCEIRA	LONGTAIL	BANK_TRANSFER	140483,74
202601	QR	ACQUISITION	FDV TERCEIRA	FDV TERCEIRA	LONGTAIL	CREDIT_CARD	30
202601	QR	ACQUISITION	FDV TERCEIRA	FDV TERCEIRA	LONGTAIL	DIGITAL_CURRENCY	976
202601	QR	ACQUISITION	FDV TERCEIRA	FDV TERCEIRA	SMB	ACCOUNT_MONEY	404,69
202601	QR	ACQUISITION	FDV TERCEIRA	FDV TERCEIRA	SMB	BANK_TRANSFER	41215,99
202601	QR	ACQUISITION	HUNTING	HUNTING	BIG SELLERS	BANK_TRANSFER	128869,51
202601	QR	ACQUISITION	MGM	MGM	LONGTAIL	ACCOUNT_MONEY	27876,97
202601	QR	ACQUISITION	MGM	MGM	LONGTAIL	BANK_TRANSFER	332389,1
202601	QR	ACQUISITION	MGM	MGM	LONGTAIL	CREDIT_CARD	19018,29
202601	QR	ACQUISITION	MGM	MGM	LONGTAIL	DIGITAL_CURRENCY	11737
202601	QR	ACQUISITION	MGM	MGM	SMB	ACCOUNT_MONEY	1568
202601	QR	ACQUISITION	MGM	MGM	SMB	BANK_TRANSFER	114527,65
202601	QR	ACQUISITION	MGM	MGM	SMB	CREDIT_CARD	1
202601	QR	ACQUISITION	MGM	MGM	SMB	DIGITAL_CURRENCY	838
202601	QR	ACQUISITION	PARTNERS INSTORE	PARTNERS INSTORE	LONGTAIL	ACCOUNT_MONEY	124
202601	QR	ACQUISITION	PARTNERS INSTORE	PARTNERS INSTORE	LONGTAIL	BANK_TRANSFER	3534,35
202601	QR	ACQUISITION	PARTNERS INSTORE	PARTNERS INSTORE	SMB	BANK_TRANSFER	653,47
202601	QR	ACQUISITION	RESELLERS	RESELLERS	LONGTAIL	ACCOUNT_MONEY	104855,11
202601	QR	ACQUISITION	RESELLERS	RESELLERS	LONGTAIL	BANK_TRANSFER	935960,65
202601	QR	ACQUISITION	RESELLERS	RESELLERS	LONGTAIL	CREDIT_CARD	52564,54
202601	QR	ACQUISITION	RESELLERS	RESELLERS	LONGTAIL	DIGITAL_CURRENCY	70858,34
202601	QR	ACQUISITION	RESELLERS	RESELLERS	SMB	ACCOUNT_MONEY	53700,9
202601	QR	ACQUISITION	RESELLERS	RESELLERS	SMB	BANK_TRANSFER	345612,12
202601	QR	ACQUISITION	RESELLERS	RESELLERS	SMB	CREDIT_CARD	2862,14
202601	QR	ACQUISITION	RESELLERS	RESELLERS	SMB	DIGITAL_CURRENCY	2658
202601	QR	ACQUISITION	TELESALES_FARMING	TELESALES_FARMING	LONGTAIL	ACCOUNT_MONEY	195,45
202601	QR	ACQUISITION	TELESALES_FARMING	TELESALES_FARMING	LONGTAIL	BANK_TRANSFER	9171,45
202601	QR	ACQUISITION	TELESALES_FARMING	TELESALES_FARMING	LONGTAIL	DIGITAL_CURRENCY	94
202601	QR	ACQUISITION	TELESALES_FARMING	TELESALES_FARMING	SMB	ACCOUNT_MONEY	90
202601	QR	ACQUISITION	TELESALES_FARMING	TELESALES_FARMING	SMB	BANK_TRANSFER	894
202601	QR	ACQUISITION	TELEVENDAS	TELEVENDAS	LONGTAIL	ACCOUNT_MONEY	1464
202601	QR	ACQUISITION	TELEVENDAS	TELEVENDAS	LONGTAIL	BANK_TRANSFER	35995,74
202601	QR	ACQUISITION	TELEVENDAS	TELEVENDAS	LONGTAIL	CREDIT_CARD	124,51
202601	QR	ACQUISITION	TELEVENDAS	TELEVENDAS	LONGTAIL	DIGITAL_CURRENCY	569
202601	QR	ACQUISITION	TELEVENDAS	TELEVENDAS	SMB	ACCOUNT_MONEY	2113,46
202601	QR	ACQUISITION	TELEVENDAS	TELEVENDAS	SMB	BANK_TRANSFER	16036,36
202601	QR	ENGAGEMENT	ENGAGEMENT & VALUE PROP	ENGAGEMENT & VALUE PROP	LONGTAIL	ACCOUNT_MONEY	19300178,92
202601	QR	ENGAGEMENT	ENGAGEMENT & VALUE PROP	ENGAGEMENT & VALUE PROP	LONGTAIL	BANK_TRANSFER	301867663,7
202601	QR	ENGAGEMENT	ENGAGEMENT & VALUE PROP	ENGAGEMENT & VALUE PROP	LONGTAIL	CREDIT_CARD	5518543,16
202601	QR	ENGAGEMENT	ENGAGEMENT & VALUE PROP	ENGAGEMENT & VALUE PROP	LONGTAIL	DIGITAL_CURRENCY	4013240,67
202601	QR	ENGAGEMENT	ENGAGEMENT & VALUE PROP	ENGAGEMENT & VALUE PROP	SMB	ACCOUNT_MONEY	100678649
202601	QR	ENGAGEMENT	ENGAGEMENT & VALUE PROP	ENGAGEMENT & VALUE PROP	SMB	BANK_TRANSFER	289287698,9
202601	QR	ENGAGEMENT	ENGAGEMENT & VALUE PROP	ENGAGEMENT & VALUE PROP	SMB	CREDIT_CARD	3550525,48
202601	QR	ENGAGEMENT	ENGAGEMENT & VALUE PROP	ENGAGEMENT & VALUE PROP	SMB	DIGITAL_CURRENCY	331105,41
202601	QR	ENGAGEMENT	ENGAGEMENT BIG SELLERS	ENGAGEMENT BIG SELLERS	BIG SELLERS	ACCOUNT_MONEY	24904797,67
202601	QR	ENGAGEMENT	ENGAGEMENT BIG SELLERS	ENGAGEMENT BIG SELLERS	BIG SELLERS	BANK_TRANSFER	234670618,1
202601	QR	ENGAGEMENT	ENGAGEMENT BIG SELLERS	ENGAGEMENT BIG SELLERS	BIG SELLERS	CREDIT_CARD	14625585,84
202601	QR	ENGAGEMENT	ENGAGEMENT BIG SELLERS	ENGAGEMENT BIG SELLERS	BIG SELLERS	DIGITAL_CURRENCY	380726,75
202601	QR FROM POINT	ACQUISITION	BIGSELLER FARMING	BIGSELLER FARMING	LONGTAIL	BANK_TRANSFER	2013,51
202601	QR FROM POINT	ACQUISITION	CANAIS DIGITAIS	CANAIS DIGITAIS	LONGTAIL	ACCOUNT_MONEY	1842137,9
202601	QR FROM POINT	ACQUISITION	CANAIS DIGITAIS	CANAIS DIGITAIS	LONGTAIL	BANK_TRANSFER	21129119,23
202601	QR FROM POINT	ACQUISITION	CANAIS DIGITAIS	CANAIS DIGITAIS	LONGTAIL	CREDIT_CARD	83974,15
202601	QR FROM POINT	ACQUISITION	CANAIS DIGITAIS	CANAIS DIGITAIS	LONGTAIL	DIGITAL_CURRENCY	84531,55
202601	QR FROM POINT	ACQUISITION	CANAIS DIGITAIS	CANAIS DIGITAIS	SMB	ACCOUNT_MONEY	1674588,9
202601	QR FROM POINT	ACQUISITION	CANAIS DIGITAIS	CANAIS DIGITAIS	SMB	BANK_TRANSFER	16400203,05
202601	QR FROM POINT	ACQUISITION	CANAIS DIGITAIS	CANAIS DIGITAIS	SMB	CREDIT_CARD	44338,16
202601	QR FROM POINT	ACQUISITION	CANAIS DIGITAIS	CANAIS DIGITAIS	SMB	DIGITAL_CURRENCY	11934,28
202601	QR FROM POINT	ACQUISITION	CONSULTOR CERTIFICADO	CONSULTOR CERTIFICADO	LONGTAIL	ACCOUNT_MONEY	44057,96
202601	QR FROM POINT	ACQUISITION	CONSULTOR CERTIFICADO	CONSULTOR CERTIFICADO	LONGTAIL	BANK_TRANSFER	475914,82
202601	QR FROM POINT	ACQUISITION	CONSULTOR CERTIFICADO	CONSULTOR CERTIFICADO	LONGTAIL	CREDIT_CARD	845,48
202601	QR FROM POINT	ACQUISITION	CONSULTOR CERTIFICADO	CONSULTOR CERTIFICADO	LONGTAIL	DIGITAL_CURRENCY	401,75
202601	QR FROM POINT	ACQUISITION	CONSULTOR CERTIFICADO	CONSULTOR CERTIFICADO	SMB	ACCOUNT_MONEY	70058,12
202601	QR FROM POINT	ACQUISITION	CONSULTOR CERTIFICADO	CONSULTOR CERTIFICADO	SMB	BANK_TRANSFER	793176,53
202601	QR FROM POINT	ACQUISITION	CONSULTOR CERTIFICADO	CONSULTOR CERTIFICADO	SMB	CREDIT_CARD	3726,12
202601	QR FROM POINT	ACQUISITION	CONSULTOR CERTIFICADO	CONSULTOR CERTIFICADO	SMB	DIGITAL_CURRENCY	1443,97
202601	QR FROM POINT	ACQUISITION	FDV PROPRIA	FDV PROPRIA	LONGTAIL	ACCOUNT_MONEY	462091,9
202601	QR FROM POINT	ACQUISITION	FDV PROPRIA	FDV PROPRIA	LONGTAIL	BANK_TRANSFER	5407855,65
202601	QR FROM POINT	ACQUISITION	FDV PROPRIA	FDV PROPRIA	LONGTAIL	CREDIT_CARD	17132,77
202601	QR FROM POINT	ACQUISITION	FDV PROPRIA	FDV PROPRIA	LONGTAIL	DIGITAL_CURRENCY	7950,33
202601	QR FROM POINT	ACQUISITION	FDV PROPRIA	FDV PROPRIA	SMB	ACCOUNT_MONEY	1514899,19
202601	QR FROM POINT	ACQUISITION	FDV PROPRIA	FDV PROPRIA	SMB	BANK_TRANSFER	14474923,81
202601	QR FROM POINT	ACQUISITION	FDV PROPRIA	FDV PROPRIA	SMB	CREDIT_CARD	36320,14
202601	QR FROM POINT	ACQUISITION	FDV PROPRIA	FDV PROPRIA	SMB	DIGITAL_CURRENCY	13296,49
202601	QR FROM POINT	ACQUISITION	FDV TERCEIRA	FDV TERCEIRA	LONGTAIL	ACCOUNT_MONEY	442957,16
202601	QR FROM POINT	ACQUISITION	FDV TERCEIRA	FDV TERCEIRA	LONGTAIL	BANK_TRANSFER	3994160,5
202601	QR FROM POINT	ACQUISITION	FDV TERCEIRA	FDV TERCEIRA	LONGTAIL	CREDIT_CARD	13900,05
202601	QR FROM POINT	ACQUISITION	FDV TERCEIRA	FDV TERCEIRA	LONGTAIL	DIGITAL_CURRENCY	9287,44
202601	QR FROM POINT	ACQUISITION	FDV TERCEIRA	FDV TERCEIRA	SMB	ACCOUNT_MONEY	451203,24
202601	QR FROM POINT	ACQUISITION	FDV TERCEIRA	FDV TERCEIRA	SMB	BANK_TRANSFER	3922556,09
202601	QR FROM POINT	ACQUISITION	FDV TERCEIRA	FDV TERCEIRA	SMB	CREDIT_CARD	6554,71
202601	QR FROM POINT	ACQUISITION	FDV TERCEIRA	FDV TERCEIRA	SMB	DIGITAL_CURRENCY	1564,82
202601	QR FROM POINT	ACQUISITION	HUNTING	HUNTING	BIG SELLERS	ACCOUNT_MONEY	2274870,12
202601	QR FROM POINT	ACQUISITION	HUNTING	HUNTING	BIG SELLERS	BANK_TRANSFER	9615998,3
202601	QR FROM POINT	ACQUISITION	HUNTING	HUNTING	BIG SELLERS	CREDIT_CARD	13290,07
202601	QR FROM POINT	ACQUISITION	HUNTING	HUNTING	BIG SELLERS	DIGITAL_CURRENCY	1002,98
202601	QR FROM POINT	ACQUISITION	HUNTING	HUNTING	LONGTAIL	ACCOUNT_MONEY	318,1
202601	QR FROM POINT	ACQUISITION	HUNTING	HUNTING	LONGTAIL	BANK_TRANSFER	4935,6
202601	QR FROM POINT	ACQUISITION	HUNTING	HUNTING	LONGTAIL	CREDIT_CARD	10
202601	QR FROM POINT	ACQUISITION	HUNTING	HUNTING	SMB	ACCOUNT_MONEY	14074,97
202601	QR FROM POINT	ACQUISITION	HUNTING	HUNTING	SMB	BANK_TRANSFER	49572,13
202601	QR FROM POINT	ACQUISITION	HUNTING	HUNTING	SMB	CREDIT_CARD	155
202601	QR FROM POINT	ACQUISITION	LANDING	LANDING	LONGTAIL	BANK_TRANSFER	140
202601	QR FROM POINT	ACQUISITION	MGM	MGM	LONGTAIL	ACCOUNT_MONEY	516773,31
202601	QR FROM POINT	ACQUISITION	MGM	MGM	LONGTAIL	BANK_TRANSFER	5064311,12
202601	QR FROM POINT	ACQUISITION	MGM	MGM	LONGTAIL	CREDIT_CARD	20405,82
202601	QR FROM POINT	ACQUISITION	MGM	MGM	LONGTAIL	DIGITAL_CURRENCY	19573,36
202601	QR FROM POINT	ACQUISITION	MGM	MGM	SMB	ACCOUNT_MONEY	289408,07
202601	QR FROM POINT	ACQUISITION	MGM	MGM	SMB	BANK_TRANSFER	2800305,14
202601	QR FROM POINT	ACQUISITION	MGM	MGM	SMB	CREDIT_CARD	7771,23
202601	QR FROM POINT	ACQUISITION	MGM	MGM	SMB	DIGITAL_CURRENCY	2893,28
202601	QR FROM POINT	ACQUISITION	PARTNERS INSTORE	PARTNERS INSTORE	LONGTAIL	ACCOUNT_MONEY	10826,35
202601	QR FROM POINT	ACQUISITION	PARTNERS INSTORE	PARTNERS INSTORE	LONGTAIL	BANK_TRANSFER	131807,68
202601	QR FROM POINT	ACQUISITION	PARTNERS INSTORE	PARTNERS INSTORE	LONGTAIL	CREDIT_CARD	453,02
202601	QR FROM POINT	ACQUISITION	PARTNERS INSTORE	PARTNERS INSTORE	LONGTAIL	DIGITAL_CURRENCY	103,19
202601	QR FROM POINT	ACQUISITION	PARTNERS INSTORE	PARTNERS INSTORE	SMB	ACCOUNT_MONEY	7080,53
202601	QR FROM POINT	ACQUISITION	PARTNERS INSTORE	PARTNERS INSTORE	SMB	BANK_TRANSFER	96632,06
202601	QR FROM POINT	ACQUISITION	PARTNERS INSTORE	PARTNERS INSTORE	SMB	CREDIT_CARD	452,95
202601	QR FROM POINT	ACQUISITION	PARTNERS INSTORE	PARTNERS INSTORE	SMB	DIGITAL_CURRENCY	70
202601	QR FROM POINT	ACQUISITION	RESELLERS	RESELLERS	LONGTAIL	ACCOUNT_MONEY	575576,42
202601	QR FROM POINT	ACQUISITION	RESELLERS	RESELLERS	LONGTAIL	BANK_TRANSFER	6676707,7
202601	QR FROM POINT	ACQUISITION	RESELLERS	RESELLERS	LONGTAIL	CREDIT_CARD	17302,79
202601	QR FROM POINT	ACQUISITION	RESELLERS	RESELLERS	LONGTAIL	DIGITAL_CURRENCY	30168,37
202601	QR FROM POINT	ACQUISITION	RESELLERS	RESELLERS	SMB	ACCOUNT_MONEY	549566,76
202601	QR FROM POINT	ACQUISITION	RESELLERS	RESELLERS	SMB	BANK_TRANSFER	5576520,69
202601	QR FROM POINT	ACQUISITION	RESELLERS	RESELLERS	SMB	CREDIT_CARD	22575,03
202601	QR FROM POINT	ACQUISITION	RESELLERS	RESELLERS	SMB	DIGITAL_CURRENCY	3715,91
202601	QR FROM POINT	ACQUISITION	TELESALES_FARMING	TELESALES_FARMING	LONGTAIL	ACCOUNT_MONEY	25643,01
202601	QR FROM POINT	ACQUISITION	TELESALES_FARMING	TELESALES_FARMING	LONGTAIL	BANK_TRANSFER	311672,39
202601	QR FROM POINT	ACQUISITION	TELESALES_FARMING	TELESALES_FARMING	LONGTAIL	CREDIT_CARD	3056,57
202601	QR FROM POINT	ACQUISITION	TELESALES_FARMING	TELESALES_FARMING	LONGTAIL	DIGITAL_CURRENCY	1825
202601	QR FROM POINT	ACQUISITION	TELESALES_FARMING	TELESALES_FARMING	SMB	ACCOUNT_MONEY	8026,85
202601	QR FROM POINT	ACQUISITION	TELESALES_FARMING	TELESALES_FARMING	SMB	BANK_TRANSFER	144019,52
202601	QR FROM POINT	ACQUISITION	TELESALES_FARMING	TELESALES_FARMING	SMB	CREDIT_CARD	65
202601	QR FROM POINT	ACQUISITION	TELESALES_FARMING	TELESALES_FARMING	SMB	DIGITAL_CURRENCY	90,8
202601	QR FROM POINT	ACQUISITION	TELEVENDAS	TELEVENDAS	LONGTAIL	ACCOUNT_MONEY	84515,46
202601	QR FROM POINT	ACQUISITION	TELEVENDAS	TELEVENDAS	LONGTAIL	BANK_TRANSFER	1016366,93
202601	QR FROM POINT	ACQUISITION	TELEVENDAS	TELEVENDAS	LONGTAIL	CREDIT_CARD	6403,12
202601	QR FROM POINT	ACQUISITION	TELEVENDAS	TELEVENDAS	LONGTAIL	DIGITAL_CURRENCY	1364
202601	QR FROM POINT	ACQUISITION	TELEVENDAS	TELEVENDAS	SMB	ACCOUNT_MONEY	109380,65
202601	QR FROM POINT	ACQUISITION	TELEVENDAS	TELEVENDAS	SMB	BANK_TRANSFER	889799,51
202601	QR FROM POINT	ACQUISITION	TELEVENDAS	TELEVENDAS	SMB	CREDIT_CARD	2106,86
202601	QR FROM POINT	ACQUISITION	TELEVENDAS	TELEVENDAS	SMB	DIGITAL_CURRENCY	701,99
202601	QR FROM POINT	ENGAGEMENT	ENGAGEMENT & VALUE PROP	ENGAGEMENT & VALUE PROP	LONGTAIL	ACCOUNT_MONEY	65684317,84
202601	QR FROM POINT	ENGAGEMENT	ENGAGEMENT & VALUE PROP	ENGAGEMENT & VALUE PROP	LONGTAIL	BANK_TRANSFER	794309349,5
202601	QR FROM POINT	ENGAGEMENT	ENGAGEMENT & VALUE PROP	ENGAGEMENT & VALUE PROP	LONGTAIL	CREDIT_CARD	1991151,7
202601	QR FROM POINT	ENGAGEMENT	ENGAGEMENT & VALUE PROP	ENGAGEMENT & VALUE PROP	LONGTAIL	DIGITAL_CURRENCY	1268618,35
202601	QR FROM POINT	ENGAGEMENT	ENGAGEMENT & VALUE PROP	ENGAGEMENT & VALUE PROP	SMB	ACCOUNT_MONEY	138619004,2
202601	QR FROM POINT	ENGAGEMENT	ENGAGEMENT & VALUE PROP	ENGAGEMENT & VALUE PROP	SMB	BANK_TRANSFER	1590311362
202601	QR FROM POINT	ENGAGEMENT	ENGAGEMENT & VALUE PROP	ENGAGEMENT & VALUE PROP	SMB	CREDIT_CARD	3457525,19
202601	QR FROM POINT	ENGAGEMENT	ENGAGEMENT & VALUE PROP	ENGAGEMENT & VALUE PROP	SMB	DIGITAL_CURRENCY	1252504,23
202601	QR FROM POINT	ENGAGEMENT	ENGAGEMENT BIG SELLERS	ENGAGEMENT BIG SELLERS	BIG SELLERS	ACCOUNT_MONEY	5344824,77
202601	QR FROM POINT	ENGAGEMENT	ENGAGEMENT BIG SELLERS	ENGAGEMENT BIG SELLERS	BIG SELLERS	BANK_TRANSFER	43486512,03
202601	QR FROM POINT	ENGAGEMENT	ENGAGEMENT BIG SELLERS	ENGAGEMENT BIG SELLERS	BIG SELLERS	CREDIT_CARD	95747,92
202601	QR FROM POINT	ENGAGEMENT	ENGAGEMENT BIG SELLERS	ENGAGEMENT BIG SELLERS	BIG SELLERS	DIGITAL_CURRENCY	13396,46
202601	TAP	ACQUISITION	CANAIS DIGITAIS	CANAIS DIGITAIS	LONGTAIL	CREDIT_CARD	103822042,3
202601	TAP	ACQUISITION	CANAIS DIGITAIS	CANAIS DIGITAIS	LONGTAIL	DEBIT_CARD	9907650,34
202601	TAP	ACQUISITION	CANAIS DIGITAIS	CANAIS DIGITAIS	SMB	CREDIT_CARD	30601042
202601	TAP	ACQUISITION	CANAIS DIGITAIS	CANAIS DIGITAIS	SMB	DEBIT_CARD	1344449,91
202601	TAP	ACQUISITION	HUNTING	HUNTING	BIG SELLERS	CREDIT_CARD	16560,71
202601	TAP	ACQUISITION	HUNTING	HUNTING	BIG SELLERS	DEBIT_CARD	6
202601	TAP	ENGAGEMENT	ENGAGEMENT & VALUE PROP	ENGAGEMENT & VALUE PROP	LONGTAIL	CREDIT_CARD	1089932128
202601	TAP	ENGAGEMENT	ENGAGEMENT & VALUE PROP	ENGAGEMENT & VALUE PROP	LONGTAIL	DEBIT_CARD	100473722,2
202601	TAP	ENGAGEMENT	ENGAGEMENT & VALUE PROP	ENGAGEMENT & VALUE PROP	SMB	CREDIT_CARD	367171131,9
202601	TAP	ENGAGEMENT	ENGAGEMENT & VALUE PROP	ENGAGEMENT & VALUE PROP	SMB	DEBIT_CARD	15208923,88
202601	TAP	ENGAGEMENT	ENGAGEMENT BIG SELLERS	ENGAGEMENT BIG SELLERS	BIG SELLERS	CREDIT_CARD	350046,06
202601	TAP	ENGAGEMENT	ENGAGEMENT BIG SELLERS	ENGAGEMENT BIG SELLERS	BIG SELLERS	DEBIT_CARD	9275,28
202602	OP - CHECKOUT	ACQUISITION	CANAIS DIGITAIS	CANAIS DIGITAIS	BIG SELLERS	CREDIT_CARD	1
202602	OP - CHECKOUT	ACQUISITION	CANAIS DIGITAIS	CANAIS DIGITAIS	LONGTAIL	ACCOUNT_MONEY	405140,21
202602	OP - CHECKOUT	ACQUISITION	CANAIS DIGITAIS	CANAIS DIGITAIS	LONGTAIL	BANK_TRANSFER	5929099,52
202602	OP - CHECKOUT	ACQUISITION	CANAIS DIGITAIS	CANAIS DIGITAIS	LONGTAIL	CREDIT_CARD	1787971,77
202602	OP - CHECKOUT	ACQUISITION	CANAIS DIGITAIS	CANAIS DIGITAIS	LONGTAIL	DEBIT_CARD	334,47
202602	OP - CHECKOUT	ACQUISITION	CANAIS DIGITAIS	CANAIS DIGITAIS	LONGTAIL	DIGITAL_CURRENCY	35838,72
202602	OP - CHECKOUT	ACQUISITION	CANAIS DIGITAIS	CANAIS DIGITAIS	LONGTAIL	TICKET	86705,58
202602	OP - CHECKOUT	ACQUISITION	CANAIS DIGITAIS	CANAIS DIGITAIS	SMB	ACCOUNT_MONEY	100123,55
202602	OP - CHECKOUT	ACQUISITION	CANAIS DIGITAIS	CANAIS DIGITAIS	SMB	BANK_TRANSFER	7707230,4
202602	OP - CHECKOUT	ACQUISITION	CANAIS DIGITAIS	CANAIS DIGITAIS	SMB	CREDIT_CARD	2169933,37
202602	OP - CHECKOUT	ACQUISITION	CANAIS DIGITAIS	CANAIS DIGITAIS	SMB	DIGITAL_CURRENCY	15313,48
202602	OP - CHECKOUT	ACQUISITION	CANAIS DIGITAIS	CANAIS DIGITAIS	SMB	TICKET	385381,51
202602	OP - CHECKOUT	ACQUISITION	CONSULTOR CERTIFICADO	CONSULTOR CERTIFICADO	LONGTAIL	CREDIT_CARD	289
202602	OP - CHECKOUT	ACQUISITION	CONSULTOR CERTIFICADO	CONSULTOR CERTIFICADO	SMB	CREDIT_CARD	262,33
202602	OP - CHECKOUT	ACQUISITION	FDV PROPRIA	FDV PROPRIA	LONGTAIL	ACCOUNT_MONEY	1190,99
202602	OP - CHECKOUT	ACQUISITION	FDV PROPRIA	FDV PROPRIA	LONGTAIL	BANK_TRANSFER	10456,95
202602	OP - CHECKOUT	ACQUISITION	FDV PROPRIA	FDV PROPRIA	LONGTAIL	CREDIT_CARD	25242,97
202602	OP - CHECKOUT	ACQUISITION	FDV PROPRIA	FDV PROPRIA	LONGTAIL	TICKET	69,9
202602	OP - CHECKOUT	ACQUISITION	FDV PROPRIA	FDV PROPRIA	SMB	ACCOUNT_MONEY	6,19
202602	OP - CHECKOUT	ACQUISITION	FDV PROPRIA	FDV PROPRIA	SMB	BANK_TRANSFER	51554,43
202602	OP - CHECKOUT	ACQUISITION	FDV PROPRIA	FDV PROPRIA	SMB	CREDIT_CARD	93138,72
202602	OP - CHECKOUT	ACQUISITION	FDV PROPRIA	FDV PROPRIA	SMB	TICKET	146,51
202602	OP - CHECKOUT	ACQUISITION	FDV TERCEIRA	FDV TERCEIRA	LONGTAIL	ACCOUNT_MONEY	105,8
202602	OP - CHECKOUT	ACQUISITION	FDV TERCEIRA	FDV TERCEIRA	LONGTAIL	BANK_TRANSFER	37378,18
202602	OP - CHECKOUT	ACQUISITION	FDV TERCEIRA	FDV TERCEIRA	LONGTAIL	CREDIT_CARD	8705,6
202602	OP - CHECKOUT	ACQUISITION	FDV TERCEIRA	FDV TERCEIRA	SMB	BANK_TRANSFER	10771,58
202602	OP - CHECKOUT	ACQUISITION	FDV TERCEIRA	FDV TERCEIRA	SMB	CREDIT_CARD	6388,79
202602	OP - CHECKOUT	ACQUISITION	FDV TERCEIRA	FDV TERCEIRA	SMB	TICKET	187,26
202602	OP - CHECKOUT	ACQUISITION	HUNTING	HUNTING	BIG SELLERS	ACCOUNT_MONEY	59445,41
202602	OP - CHECKOUT	ACQUISITION	HUNTING	HUNTING	BIG SELLERS	BANK_TRANSFER	25851983,94
202602	OP - CHECKOUT	ACQUISITION	HUNTING	HUNTING	BIG SELLERS	CREDIT_CARD	35637042,35
202602	OP - CHECKOUT	ACQUISITION	HUNTING	HUNTING	BIG SELLERS	DIGITAL_CURRENCY	10727,15
202602	OP - CHECKOUT	ACQUISITION	HUNTING	HUNTING	BIG SELLERS	TICKET	477111,91
202602	OP - CHECKOUT	ACQUISITION	HUNTING	HUNTING	LONGTAIL	CREDIT_CARD	15,48
202602	OP - CHECKOUT	ACQUISITION	HUNTING	HUNTING	SMB	ACCOUNT_MONEY	190
202602	OP - CHECKOUT	ACQUISITION	HUNTING	HUNTING	SMB	CREDIT_CARD	4840
202602	OP - CHECKOUT	ACQUISITION	HUNTING LC	HUNTING LC	BIG SELLERS	ACCOUNT_MONEY	62814,49
202602	OP - CHECKOUT	ACQUISITION	HUNTING LC	HUNTING LC	BIG SELLERS	BANK_TRANSFER	2977,03
202602	OP - CHECKOUT	ACQUISITION	HUNTING LC	HUNTING LC	BIG SELLERS	CREDIT_CARD	1153984,09
202602	OP - CHECKOUT	ACQUISITION	HUNTING LC	HUNTING LC	BIG SELLERS	DEBIT_CARD	36,09
202602	OP - CHECKOUT	ACQUISITION	HUNTING LC	HUNTING LC	BIG SELLERS	DIGITAL_CURRENCY	8249,09
202602	OP - CHECKOUT	ACQUISITION	MGM	MGM	LONGTAIL	ACCOUNT_MONEY	6560,03
202602	OP - CHECKOUT	ACQUISITION	MGM	MGM	LONGTAIL	BANK_TRANSFER	185955,75
202602	OP - CHECKOUT	ACQUISITION	MGM	MGM	LONGTAIL	CREDIT_CARD	62528,48
202602	OP - CHECKOUT	ACQUISITION	MGM	MGM	LONGTAIL	DIGITAL_CURRENCY	2997,49
202602	OP - CHECKOUT	ACQUISITION	MGM	MGM	LONGTAIL	TICKET	1027
202602	OP - CHECKOUT	ACQUISITION	MGM	MGM	SMB	ACCOUNT_MONEY	1575,48
202602	OP - CHECKOUT	ACQUISITION	MGM	MGM	SMB	BANK_TRANSFER	101457,49
202602	OP - CHECKOUT	ACQUISITION	MGM	MGM	SMB	CREDIT_CARD	21337,95
202602	OP - CHECKOUT	ACQUISITION	MGM	MGM	SMB	DIGITAL_CURRENCY	280
202602	OP - CHECKOUT	ACQUISITION	PARTNERS ONLINE	AGENCIA	LONGTAIL	BANK_TRANSFER	79098,01
202602	OP - CHECKOUT	ACQUISITION	PARTNERS ONLINE	AGENCIA	LONGTAIL	CREDIT_CARD	27495,41
202602	OP - CHECKOUT	ACQUISITION	PARTNERS ONLINE	AGENCIA	LONGTAIL	DIGITAL_CURRENCY	300
202602	OP - CHECKOUT	ACQUISITION	PARTNERS ONLINE	AGENCIA	LONGTAIL	TICKET	949,5
202602	OP - CHECKOUT	ACQUISITION	PARTNERS ONLINE	AGENCIA	SMB	BANK_TRANSFER	201634,88
202602	OP - CHECKOUT	ACQUISITION	PARTNERS ONLINE	AGENCIA	SMB	CREDIT_CARD	62041,13
202602	OP - CHECKOUT	ACQUISITION	PARTNERS ONLINE	AGENCIA	SMB	TICKET	160
202602	OP - CHECKOUT	ACQUISITION	PARTNERS ONLINE	DEVELOPERS	LONGTAIL	ACCOUNT_MONEY	231,9
202602	OP - CHECKOUT	ACQUISITION	PARTNERS ONLINE	DEVELOPERS	LONGTAIL	BANK_TRANSFER	90709,53
202602	OP - CHECKOUT	ACQUISITION	PARTNERS ONLINE	DEVELOPERS	LONGTAIL	CREDIT_CARD	26563,36
202602	OP - CHECKOUT	ACQUISITION	PARTNERS ONLINE	DEVELOPERS	LONGTAIL	DIGITAL_CURRENCY	22,9
202602	OP - CHECKOUT	ACQUISITION	PARTNERS ONLINE	DEVELOPERS	SMB	ACCOUNT_MONEY	2075,55
202602	OP - CHECKOUT	ACQUISITION	PARTNERS ONLINE	DEVELOPERS	SMB	BANK_TRANSFER	180334
202602	OP - CHECKOUT	ACQUISITION	PARTNERS ONLINE	DEVELOPERS	SMB	CREDIT_CARD	30542,16
202602	OP - CHECKOUT	ACQUISITION	PARTNERS ONLINE	DEVELOPERS	SMB	DIGITAL_CURRENCY	166,71
202602	OP - CHECKOUT	ACQUISITION	PARTNERS ONLINE	DEVELOPERS	SMB	TICKET	404,9
202602	OP - CHECKOUT	ACQUISITION	PARTNERS ONLINE	PLATAFORMAS	LONGTAIL	ACCOUNT_MONEY	54749,36
202602	OP - CHECKOUT	ACQUISITION	PARTNERS ONLINE	PLATAFORMAS	LONGTAIL	BANK_TRANSFER	2800430,57
202602	OP - CHECKOUT	ACQUISITION	PARTNERS ONLINE	PLATAFORMAS	LONGTAIL	CREDIT_CARD	2572721,36
202602	OP - CHECKOUT	ACQUISITION	PARTNERS ONLINE	PLATAFORMAS	LONGTAIL	DEBIT_CARD	93,9
202602	OP - CHECKOUT	ACQUISITION	PARTNERS ONLINE	PLATAFORMAS	LONGTAIL	DIGITAL_CURRENCY	167134,42
202602	OP - CHECKOUT	ACQUISITION	PARTNERS ONLINE	PLATAFORMAS	LONGTAIL	TICKET	126752,62
202602	OP - CHECKOUT	ACQUISITION	PARTNERS ONLINE	PLATAFORMAS	SMB	ACCOUNT_MONEY	55214,82
202602	OP - CHECKOUT	ACQUISITION	PARTNERS ONLINE	PLATAFORMAS	SMB	BANK_TRANSFER	6156723,46
202602	OP - CHECKOUT	ACQUISITION	PARTNERS ONLINE	PLATAFORMAS	SMB	CREDIT_CARD	5348293,81
202602	OP - CHECKOUT	ACQUISITION	PARTNERS ONLINE	PLATAFORMAS	SMB	DIGITAL_CURRENCY	20873,14
202602	OP - CHECKOUT	ACQUISITION	PARTNERS ONLINE	PLATAFORMAS	SMB	TICKET	189899,69
202602	OP - CHECKOUT	ACQUISITION	RESELLERS	RESELLERS	LONGTAIL	ACCOUNT_MONEY	24074,69
202602	OP - CHECKOUT	ACQUISITION	RESELLERS	RESELLERS	LONGTAIL	BANK_TRANSFER	323933,96
202602	OP - CHECKOUT	ACQUISITION	RESELLERS	RESELLERS	LONGTAIL	CREDIT_CARD	117535,59
202602	OP - CHECKOUT	ACQUISITION	RESELLERS	RESELLERS	LONGTAIL	TICKET	45
202602	OP - CHECKOUT	ACQUISITION	RESELLERS	RESELLERS	SMB	ACCOUNT_MONEY	5468,38
202602	OP - CHECKOUT	ACQUISITION	RESELLERS	RESELLERS	SMB	BANK_TRANSFER	162044,93
202602	OP - CHECKOUT	ACQUISITION	RESELLERS	RESELLERS	SMB	CREDIT_CARD	81267,14
202602	OP - CHECKOUT	ACQUISITION	RESELLERS	RESELLERS	SMB	DIGITAL_CURRENCY	175,84
202602	OP - CHECKOUT	ACQUISITION	TELEVENDAS	TELEVENDAS	LONGTAIL	ACCOUNT_MONEY	114,99
202602	OP - CHECKOUT	ACQUISITION	TELEVENDAS	TELEVENDAS	LONGTAIL	BANK_TRANSFER	12915,66
202602	OP - CHECKOUT	ACQUISITION	TELEVENDAS	TELEVENDAS	LONGTAIL	CREDIT_CARD	5306,48
202602	OP - CHECKOUT	ACQUISITION	TELEVENDAS	TELEVENDAS	LONGTAIL	TICKET	476,61
202602	OP - CHECKOUT	ACQUISITION	TELEVENDAS	TELEVENDAS	SMB	ACCOUNT_MONEY	299,2
202602	OP - CHECKOUT	ACQUISITION	TELEVENDAS	TELEVENDAS	SMB	BANK_TRANSFER	72434,21
202602	OP - CHECKOUT	ACQUISITION	TELEVENDAS	TELEVENDAS	SMB	CREDIT_CARD	22209,2
202602	OP - CHECKOUT	ENGAGEMENT	ENGAGEMENT & VALUE PROP	ENGAGEMENT & VALUE PROP	LONGTAIL	ACCOUNT_MONEY	937418,79
202602	OP - CHECKOUT	ENGAGEMENT	ENGAGEMENT & VALUE PROP	ENGAGEMENT & VALUE PROP	LONGTAIL	BANK_TRANSFER	52578484,79
202602	OP - CHECKOUT	ENGAGEMENT	ENGAGEMENT & VALUE PROP	ENGAGEMENT & VALUE PROP	LONGTAIL	CREDIT_CARD	41118877,22
202602	OP - CHECKOUT	ENGAGEMENT	ENGAGEMENT & VALUE PROP	ENGAGEMENT & VALUE PROP	LONGTAIL	DEBIT_CARD	1584,18
202602	OP - CHECKOUT	ENGAGEMENT	ENGAGEMENT & VALUE PROP	ENGAGEMENT & VALUE PROP	LONGTAIL	DIGITAL_CURRENCY	230998,99
202602	OP - CHECKOUT	ENGAGEMENT	ENGAGEMENT & VALUE PROP	ENGAGEMENT & VALUE PROP	LONGTAIL	TICKET	1921039,53
202602	OP - CHECKOUT	ENGAGEMENT	ENGAGEMENT & VALUE PROP	ENGAGEMENT & VALUE PROP	SMB	ACCOUNT_MONEY	2751207,26
202602	OP - CHECKOUT	ENGAGEMENT	ENGAGEMENT & VALUE PROP	ENGAGEMENT & VALUE PROP	SMB	BANK_TRANSFER	180111198,4
202602	OP - CHECKOUT	ENGAGEMENT	ENGAGEMENT & VALUE PROP	ENGAGEMENT & VALUE PROP	SMB	CREDIT_CARD	163399523
202602	OP - CHECKOUT	ENGAGEMENT	ENGAGEMENT & VALUE PROP	ENGAGEMENT & VALUE PROP	SMB	DEBIT_CARD	2690,9
202602	OP - CHECKOUT	ENGAGEMENT	ENGAGEMENT & VALUE PROP	ENGAGEMENT & VALUE PROP	SMB	DIGITAL_CURRENCY	445037,9
202602	OP - CHECKOUT	ENGAGEMENT	ENGAGEMENT & VALUE PROP	ENGAGEMENT & VALUE PROP	SMB	TICKET	9889792,18
202602	OP - CHECKOUT	ENGAGEMENT	ENGAGEMENT BIG SELLERS	ENGAGEMENT BIG SELLERS	BIG SELLERS	ACCOUNT_MONEY	91081618,22
202602	OP - CHECKOUT	ENGAGEMENT	ENGAGEMENT BIG SELLERS	ENGAGEMENT BIG SELLERS	BIG SELLERS	BANK_TRANSFER	1162518000
202602	OP - CHECKOUT	ENGAGEMENT	ENGAGEMENT BIG SELLERS	ENGAGEMENT BIG SELLERS	BIG SELLERS	CREDIT_CARD	1428916524
202602	OP - CHECKOUT	ENGAGEMENT	ENGAGEMENT BIG SELLERS	ENGAGEMENT BIG SELLERS	BIG SELLERS	DEBIT_CARD	14047,59
202602	OP - CHECKOUT	ENGAGEMENT	ENGAGEMENT BIG SELLERS	ENGAGEMENT BIG SELLERS	BIG SELLERS	DIGITAL_CURRENCY	925577,49
202602	OP - CHECKOUT	ENGAGEMENT	ENGAGEMENT BIG SELLERS	ENGAGEMENT BIG SELLERS	BIG SELLERS	TICKET	50958080,35
202602	OP - LINK	ACQUISITION	CANAIS DIGITAIS	CANAIS DIGITAIS	BIG SELLERS	CREDIT_CARD	62081,22
202602	OP - LINK	ACQUISITION	CANAIS DIGITAIS	CANAIS DIGITAIS	LONGTAIL	ACCOUNT_MONEY	405105,17
202602	OP - LINK	ACQUISITION	CANAIS DIGITAIS	CANAIS DIGITAIS	LONGTAIL	BANK_TRANSFER	1503572,09
202602	OP - LINK	ACQUISITION	CANAIS DIGITAIS	CANAIS DIGITAIS	LONGTAIL	CREDIT_CARD	109528528,4
202602	OP - LINK	ACQUISITION	CANAIS DIGITAIS	CANAIS DIGITAIS	LONGTAIL	DEBIT_CARD	6580,95
202602	OP - LINK	ACQUISITION	CANAIS DIGITAIS	CANAIS DIGITAIS	LONGTAIL	DIGITAL_CURRENCY	1176779,17
202602	OP - LINK	ACQUISITION	CANAIS DIGITAIS	CANAIS DIGITAIS	LONGTAIL	TICKET	545471,33
202602	OP - LINK	ACQUISITION	CANAIS DIGITAIS	CANAIS DIGITAIS	SMB	ACCOUNT_MONEY	134317,16
202602	OP - LINK	ACQUISITION	CANAIS DIGITAIS	CANAIS DIGITAIS	SMB	BANK_TRANSFER	917965,9
202602	OP - LINK	ACQUISITION	CANAIS DIGITAIS	CANAIS DIGITAIS	SMB	CREDIT_CARD	64954474,36
202602	OP - LINK	ACQUISITION	CANAIS DIGITAIS	CANAIS DIGITAIS	SMB	DEBIT_CARD	2321,59
202602	OP - LINK	ACQUISITION	CANAIS DIGITAIS	CANAIS DIGITAIS	SMB	DIGITAL_CURRENCY	107888,41
202602	OP - LINK	ACQUISITION	CANAIS DIGITAIS	CANAIS DIGITAIS	SMB	TICKET	939103,51
202602	OP - LINK	ACQUISITION	CONSULTOR CERTIFICADO	CONSULTOR CERTIFICADO	LONGTAIL	ACCOUNT_MONEY	60,3
202602	OP - LINK	ACQUISITION	CONSULTOR CERTIFICADO	CONSULTOR CERTIFICADO	LONGTAIL	BANK_TRANSFER	1363,1
202602	OP - LINK	ACQUISITION	CONSULTOR CERTIFICADO	CONSULTOR CERTIFICADO	LONGTAIL	CREDIT_CARD	61913,98
202602	OP - LINK	ACQUISITION	CONSULTOR CERTIFICADO	CONSULTOR CERTIFICADO	LONGTAIL	DIGITAL_CURRENCY	325
202602	OP - LINK	ACQUISITION	CONSULTOR CERTIFICADO	CONSULTOR CERTIFICADO	LONGTAIL	TICKET	480
202602	OP - LINK	ACQUISITION	CONSULTOR CERTIFICADO	CONSULTOR CERTIFICADO	SMB	ACCOUNT_MONEY	45,75
202602	OP - LINK	ACQUISITION	CONSULTOR CERTIFICADO	CONSULTOR CERTIFICADO	SMB	CREDIT_CARD	151256,33
202602	OP - LINK	ACQUISITION	FDV PROPRIA	FDV PROPRIA	BIG SELLERS	CREDIT_CARD	31248,95
202602	OP - LINK	ACQUISITION	FDV PROPRIA	FDV PROPRIA	LONGTAIL	ACCOUNT_MONEY	6323
202602	OP - LINK	ACQUISITION	FDV PROPRIA	FDV PROPRIA	LONGTAIL	BANK_TRANSFER	28645,16
202602	OP - LINK	ACQUISITION	FDV PROPRIA	FDV PROPRIA	LONGTAIL	CREDIT_CARD	6166167,36
202602	OP - LINK	ACQUISITION	FDV PROPRIA	FDV PROPRIA	LONGTAIL	DIGITAL_CURRENCY	8570,93
202602	OP - LINK	ACQUISITION	FDV PROPRIA	FDV PROPRIA	LONGTAIL	TICKET	27941,5
202602	OP - LINK	ACQUISITION	FDV PROPRIA	FDV PROPRIA	SMB	ACCOUNT_MONEY	14999,39
202602	OP - LINK	ACQUISITION	FDV PROPRIA	FDV PROPRIA	SMB	BANK_TRANSFER	76909,89
202602	OP - LINK	ACQUISITION	FDV PROPRIA	FDV PROPRIA	SMB	CREDIT_CARD	11949083,52
202602	OP - LINK	ACQUISITION	FDV PROPRIA	FDV PROPRIA	SMB	DIGITAL_CURRENCY	17719,87
202602	OP - LINK	ACQUISITION	FDV PROPRIA	FDV PROPRIA	SMB	TICKET	3089
202602	OP - LINK	ACQUISITION	FDV TERCEIRA	FDV TERCEIRA	LONGTAIL	ACCOUNT_MONEY	5586,95
202602	OP - LINK	ACQUISITION	FDV TERCEIRA	FDV TERCEIRA	LONGTAIL	BANK_TRANSFER	36987,88
202602	OP - LINK	ACQUISITION	FDV TERCEIRA	FDV TERCEIRA	LONGTAIL	CREDIT_CARD	2309310,91
202602	OP - LINK	ACQUISITION	FDV TERCEIRA	FDV TERCEIRA	LONGTAIL	DEBIT_CARD	34,99
202602	OP - LINK	ACQUISITION	FDV TERCEIRA	FDV TERCEIRA	LONGTAIL	DIGITAL_CURRENCY	17823,05
202602	OP - LINK	ACQUISITION	FDV TERCEIRA	FDV TERCEIRA	LONGTAIL	TICKET	3630
202602	OP - LINK	ACQUISITION	FDV TERCEIRA	FDV TERCEIRA	SMB	ACCOUNT_MONEY	1213,95
202602	OP - LINK	ACQUISITION	FDV TERCEIRA	FDV TERCEIRA	SMB	BANK_TRANSFER	23389,73
202602	OP - LINK	ACQUISITION	FDV TERCEIRA	FDV TERCEIRA	SMB	CREDIT_CARD	2086779,94
202602	OP - LINK	ACQUISITION	FDV TERCEIRA	FDV TERCEIRA	SMB	DIGITAL_CURRENCY	1183
202602	OP - LINK	ACQUISITION	HUNTING	HUNTING	BIG SELLERS	ACCOUNT_MONEY	17765,27
202602	OP - LINK	ACQUISITION	HUNTING	HUNTING	BIG SELLERS	BANK_TRANSFER	653896,75
202602	OP - LINK	ACQUISITION	HUNTING	HUNTING	BIG SELLERS	CREDIT_CARD	7975510,53
202602	OP - LINK	ACQUISITION	HUNTING	HUNTING	BIG SELLERS	DIGITAL_CURRENCY	10084,66
202602	OP - LINK	ACQUISITION	HUNTING	HUNTING	BIG SELLERS	TICKET	13770,24
202602	OP - LINK	ACQUISITION	HUNTING	HUNTING	LONGTAIL	ACCOUNT_MONEY	55
202602	OP - LINK	ACQUISITION	HUNTING	HUNTING	LONGTAIL	CREDIT_CARD	7539
202602	OP - LINK	ACQUISITION	HUNTING	HUNTING	SMB	BANK_TRANSFER	87,9
202602	OP - LINK	ACQUISITION	HUNTING	HUNTING	SMB	CREDIT_CARD	84186,75
202602	OP - LINK	ACQUISITION	HUNTING LC	HUNTING LC	BIG SELLERS	ACCOUNT_MONEY	178,41
202602	OP - LINK	ACQUISITION	HUNTING LC	HUNTING LC	BIG SELLERS	CREDIT_CARD	1089,47
202602	OP - LINK	ACQUISITION	HUNTING LC	HUNTING LC	BIG SELLERS	TICKET	119,9
202602	OP - LINK	ACQUISITION	MGM	MGM	LONGTAIL	ACCOUNT_MONEY	38705,08
202602	OP - LINK	ACQUISITION	MGM	MGM	LONGTAIL	BANK_TRANSFER	73458,75
202602	OP - LINK	ACQUISITION	MGM	MGM	LONGTAIL	CREDIT_CARD	9365646,54
202602	OP - LINK	ACQUISITION	MGM	MGM	LONGTAIL	DEBIT_CARD	100,5
202602	OP - LINK	ACQUISITION	MGM	MGM	LONGTAIL	DIGITAL_CURRENCY	96360,47
202602	OP - LINK	ACQUISITION	MGM	MGM	LONGTAIL	TICKET	10516,3
202602	OP - LINK	ACQUISITION	MGM	MGM	SMB	ACCOUNT_MONEY	6420,55
202602	OP - LINK	ACQUISITION	MGM	MGM	SMB	BANK_TRANSFER	10621,06
202602	OP - LINK	ACQUISITION	MGM	MGM	SMB	CREDIT_CARD	2151196,2
202602	OP - LINK	ACQUISITION	MGM	MGM	SMB	DIGITAL_CURRENCY	4461
202602	OP - LINK	ACQUISITION	MGM	MGM	SMB	TICKET	2350
202602	OP - LINK	ACQUISITION	RESELLERS	RESELLERS	LONGTAIL	ACCOUNT_MONEY	53765,98
202602	OP - LINK	ACQUISITION	RESELLERS	RESELLERS	LONGTAIL	BANK_TRANSFER	209296,26
202602	OP - LINK	ACQUISITION	RESELLERS	RESELLERS	LONGTAIL	CREDIT_CARD	22069738,12
202602	OP - LINK	ACQUISITION	RESELLERS	RESELLERS	LONGTAIL	DEBIT_CARD	2778
202602	OP - LINK	ACQUISITION	RESELLERS	RESELLERS	LONGTAIL	DIGITAL_CURRENCY	303885,35
202602	OP - LINK	ACQUISITION	RESELLERS	RESELLERS	LONGTAIL	TICKET	62805,27
202602	OP - LINK	ACQUISITION	RESELLERS	RESELLERS	SMB	ACCOUNT_MONEY	6023,74
202602	OP - LINK	ACQUISITION	RESELLERS	RESELLERS	SMB	BANK_TRANSFER	39682,81
202602	OP - LINK	ACQUISITION	RESELLERS	RESELLERS	SMB	CREDIT_CARD	4015459,97
202602	OP - LINK	ACQUISITION	RESELLERS	RESELLERS	SMB	DIGITAL_CURRENCY	30431,1
202602	OP - LINK	ACQUISITION	RESELLERS	RESELLERS	SMB	TICKET	2395
202602	OP - LINK	ACQUISITION	TELESALES_FARMING	TELESALES_FARMING	LONGTAIL	ACCOUNT_MONEY	5134,9
202602	OP - LINK	ACQUISITION	TELESALES_FARMING	TELESALES_FARMING	LONGTAIL	BANK_TRANSFER	422,06
202602	OP - LINK	ACQUISITION	TELESALES_FARMING	TELESALES_FARMING	LONGTAIL	CREDIT_CARD	48606,37
202602	OP - LINK	ACQUISITION	TELESALES_FARMING	TELESALES_FARMING	LONGTAIL	DIGITAL_CURRENCY	113
202602	OP - LINK	ACQUISITION	TELESALES_FARMING	TELESALES_FARMING	LONGTAIL	TICKET	6100
202602	OP - LINK	ACQUISITION	TELESALES_FARMING	TELESALES_FARMING	SMB	ACCOUNT_MONEY	5
202602	OP - LINK	ACQUISITION	TELESALES_FARMING	TELESALES_FARMING	SMB	CREDIT_CARD	32059,66
202602	OP - LINK	ACQUISITION	TELEVENDAS	TELEVENDAS	LONGTAIL	ACCOUNT_MONEY	3923,96
202602	OP - LINK	ACQUISITION	TELEVENDAS	TELEVENDAS	LONGTAIL	BANK_TRANSFER	10589,89
202602	OP - LINK	ACQUISITION	TELEVENDAS	TELEVENDAS	LONGTAIL	CREDIT_CARD	1094357,92
202602	OP - LINK	ACQUISITION	TELEVENDAS	TELEVENDAS	LONGTAIL	DIGITAL_CURRENCY	4464
202602	OP - LINK	ACQUISITION	TELEVENDAS	TELEVENDAS	SMB	ACCOUNT_MONEY	1110
202602	OP - LINK	ACQUISITION	TELEVENDAS	TELEVENDAS	SMB	BANK_TRANSFER	8165,44
202602	OP - LINK	ACQUISITION	TELEVENDAS	TELEVENDAS	SMB	CREDIT_CARD	429114,22
202602	OP - LINK	ACQUISITION	TELEVENDAS	TELEVENDAS	SMB	DIGITAL_CURRENCY	3622,04
202602	OP - LINK	ENGAGEMENT	ENGAGEMENT & VALUE PROP	ENGAGEMENT & VALUE PROP	LONGTAIL	ACCOUNT_MONEY	1939178,46
202602	OP - LINK	ENGAGEMENT	ENGAGEMENT & VALUE PROP	ENGAGEMENT & VALUE PROP	LONGTAIL	BANK_TRANSFER	7366785,16
202602	OP - LINK	ENGAGEMENT	ENGAGEMENT & VALUE PROP	ENGAGEMENT & VALUE PROP	LONGTAIL	CREDIT_CARD	606177657
202602	OP - LINK	ENGAGEMENT	ENGAGEMENT & VALUE PROP	ENGAGEMENT & VALUE PROP	LONGTAIL	DEBIT_CARD	19062,15
202602	OP - LINK	ENGAGEMENT	ENGAGEMENT & VALUE PROP	ENGAGEMENT & VALUE PROP	LONGTAIL	DIGITAL_CURRENCY	3549542,04
202602	OP - LINK	ENGAGEMENT	ENGAGEMENT & VALUE PROP	ENGAGEMENT & VALUE PROP	LONGTAIL	TICKET	1636078,37
202602	OP - LINK	ENGAGEMENT	ENGAGEMENT & VALUE PROP	ENGAGEMENT & VALUE PROP	SMB	ACCOUNT_MONEY	2232919,94
202602	OP - LINK	ENGAGEMENT	ENGAGEMENT & VALUE PROP	ENGAGEMENT & VALUE PROP	SMB	BANK_TRANSFER	10016872,51
202602	OP - LINK	ENGAGEMENT	ENGAGEMENT & VALUE PROP	ENGAGEMENT & VALUE PROP	SMB	CREDIT_CARD	589125647,2
202602	OP - LINK	ENGAGEMENT	ENGAGEMENT & VALUE PROP	ENGAGEMENT & VALUE PROP	SMB	DEBIT_CARD	15059
202602	OP - LINK	ENGAGEMENT	ENGAGEMENT & VALUE PROP	ENGAGEMENT & VALUE PROP	SMB	DIGITAL_CURRENCY	1191793,04
202602	OP - LINK	ENGAGEMENT	ENGAGEMENT & VALUE PROP	ENGAGEMENT & VALUE PROP	SMB	TICKET	2780950,62
202602	OP - LINK	ENGAGEMENT	ENGAGEMENT BIG SELLERS	ENGAGEMENT BIG SELLERS	BIG SELLERS	ACCOUNT_MONEY	458340,75
202602	OP - LINK	ENGAGEMENT	ENGAGEMENT BIG SELLERS	ENGAGEMENT BIG SELLERS	BIG SELLERS	BANK_TRANSFER	4928910,2
202602	OP - LINK	ENGAGEMENT	ENGAGEMENT BIG SELLERS	ENGAGEMENT BIG SELLERS	BIG SELLERS	CREDIT_CARD	89757299,72
202602	OP - LINK	ENGAGEMENT	ENGAGEMENT BIG SELLERS	ENGAGEMENT BIG SELLERS	BIG SELLERS	DEBIT_CARD	30
202602	OP - LINK	ENGAGEMENT	ENGAGEMENT BIG SELLERS	ENGAGEMENT BIG SELLERS	BIG SELLERS	DIGITAL_CURRENCY	98036,8
202602	OP - LINK	ENGAGEMENT	ENGAGEMENT BIG SELLERS	ENGAGEMENT BIG SELLERS	BIG SELLERS	TICKET	476767,19
202602	OP - OTHERS				LONGTAIL	ACCOUNT_MONEY	465,44
202602	OP - OTHERS				LONGTAIL	BANK_TRANSFER	766,12
202602	OP - OTHERS				LONGTAIL	CREDIT_CARD	1588,96
202602	OP - OTHERS				LONGTAIL	TICKET	29137,65
202602	OP - OTHERS				SMB	ACCOUNT_MONEY	100
202602	OP - OTHERS				SMB	BANK_TRANSFER	0,6
202602	OP - OTHERS				SMB	CREDIT_CARD	1959,09
202602	OP - OTHERS				SMB	TICKET	8100,1
202602	OP - OTHERS	ACQUISITION	HUNTING	HUNTING	BIG SELLERS	ACCOUNT_MONEY	1027,74
202602	OP - OTHERS	ACQUISITION	HUNTING	HUNTING	BIG SELLERS	CREDIT_CARD	2777,07
202602	OP - OTHERS	ACQUISITION	HUNTING	HUNTING	BIG SELLERS	TICKET	27342,74
202602	OP - OTHERS	ACQUISITION	HUNTING LC	HUNTING LC	BIG SELLERS	CREDIT_CARD	40
202602	OP - OTHERS	ACQUISITION	PARTNERS ONLINE	PLATAFORMAS	LONGTAIL	ACCOUNT_MONEY	14
202602	OP - OTHERS	ACQUISITION	PARTNERS ONLINE	PLATAFORMAS	LONGTAIL	TICKET	1510
202602	OP - OTHERS	ACQUISITION	PARTNERS ONLINE	PLATAFORMAS	SMB	ACCOUNT_MONEY	187,1
202602	OP - OTHERS	ACQUISITION	PARTNERS ONLINE	PLATAFORMAS	SMB	CREDIT_CARD	1530,4
202602	OP - OTHERS	ACQUISITION	PARTNERS ONLINE	PLATAFORMAS	SMB	TICKET	25411,67
202602	OP - OTHERS	ENGAGEMENT	ENGAGEMENT & VALUE PROP	ENGAGEMENT & VALUE PROP	LONGTAIL	ACCOUNT_MONEY	101100,26
202602	OP - OTHERS	ENGAGEMENT	ENGAGEMENT & VALUE PROP	ENGAGEMENT & VALUE PROP	LONGTAIL	BANK_TRANSFER	729555,78
202602	OP - OTHERS	ENGAGEMENT	ENGAGEMENT & VALUE PROP	ENGAGEMENT & VALUE PROP	LONGTAIL	CREDIT_CARD	914596,88
202602	OP - OTHERS	ENGAGEMENT	ENGAGEMENT & VALUE PROP	ENGAGEMENT & VALUE PROP	LONGTAIL	DEBIT_CARD	2161,5
202602	OP - OTHERS	ENGAGEMENT	ENGAGEMENT & VALUE PROP	ENGAGEMENT & VALUE PROP	LONGTAIL	TICKET	24639306,78
202602	OP - OTHERS	ENGAGEMENT	ENGAGEMENT & VALUE PROP	ENGAGEMENT & VALUE PROP	SMB	ACCOUNT_MONEY	335881,16
202602	OP - OTHERS	ENGAGEMENT	ENGAGEMENT & VALUE PROP	ENGAGEMENT & VALUE PROP	SMB	BANK_TRANSFER	149703,09
202602	OP - OTHERS	ENGAGEMENT	ENGAGEMENT & VALUE PROP	ENGAGEMENT & VALUE PROP	SMB	CREDIT_CARD	3819381,43
202602	OP - OTHERS	ENGAGEMENT	ENGAGEMENT & VALUE PROP	ENGAGEMENT & VALUE PROP	SMB	TICKET	22797179,1
202602	OP - OTHERS	ENGAGEMENT	ENGAGEMENT BIG SELLERS	ENGAGEMENT BIG SELLERS	BIG SELLERS	ACCOUNT_MONEY	2071,72
202602	OP - OTHERS	ENGAGEMENT	ENGAGEMENT BIG SELLERS	ENGAGEMENT BIG SELLERS	BIG SELLERS	CREDIT_CARD	230623,97
202602	OP - OTHERS	ENGAGEMENT	ENGAGEMENT BIG SELLERS	ENGAGEMENT BIG SELLERS	BIG SELLERS	TICKET	7440639,05
202602	POINT	ACQUISITION	BIGSELLER FARMING	BIGSELLER FARMING	LONGTAIL	CREDIT_CARD	730,5
202602	POINT	ACQUISITION	BIGSELLER FARMING	BIGSELLER FARMING	LONGTAIL	DEBIT_CARD	2380,5
202602	POINT	ACQUISITION	CANAIS DIGITAIS	CANAIS DIGITAIS	BIG SELLERS	CREDIT_CARD	5026
202602	POINT	ACQUISITION	CANAIS DIGITAIS	CANAIS DIGITAIS	BIG SELLERS	DEBIT_CARD	1607,73
202602	POINT	ACQUISITION	CANAIS DIGITAIS	CANAIS DIGITAIS	LONGTAIL	CREDIT_CARD	84956571,11
202602	POINT	ACQUISITION	CANAIS DIGITAIS	CANAIS DIGITAIS	LONGTAIL	DEBIT_CARD	48279861,79
202602	POINT	ACQUISITION	CANAIS DIGITAIS	CANAIS DIGITAIS	LONGTAIL	VOUCHER_CARD	1407,8
202602	POINT	ACQUISITION	CANAIS DIGITAIS	CANAIS DIGITAIS	SMB	CREDIT_CARD	61438031,53
202602	POINT	ACQUISITION	CANAIS DIGITAIS	CANAIS DIGITAIS	SMB	DEBIT_CARD	34110905,11
202602	POINT	ACQUISITION	CANAIS DIGITAIS	CANAIS DIGITAIS	SMB	PREPAID_CARD	42
202602	POINT	ACQUISITION	CONSULTOR CERTIFICADO	CONSULTOR CERTIFICADO	LONGTAIL	CREDIT_CARD	537353,35
202602	POINT	ACQUISITION	CONSULTOR CERTIFICADO	CONSULTOR CERTIFICADO	LONGTAIL	DEBIT_CARD	423689,12
202602	POINT	ACQUISITION	CONSULTOR CERTIFICADO	CONSULTOR CERTIFICADO	SMB	CREDIT_CARD	2861614,34
202602	POINT	ACQUISITION	CONSULTOR CERTIFICADO	CONSULTOR CERTIFICADO	SMB	DEBIT_CARD	2134218,39
202602	POINT	ACQUISITION	FDV PROPRIA	FDV PROPRIA	BIG SELLERS	CREDIT_CARD	54723,11
202602	POINT	ACQUISITION	FDV PROPRIA	FDV PROPRIA	BIG SELLERS	DEBIT_CARD	24949,8
202602	POINT	ACQUISITION	FDV PROPRIA	FDV PROPRIA	LONGTAIL	CREDIT_CARD	44713492,13
202602	POINT	ACQUISITION	FDV PROPRIA	FDV PROPRIA	LONGTAIL	DEBIT_CARD	20267401,74
202602	POINT	ACQUISITION	FDV PROPRIA	FDV PROPRIA	LONGTAIL	VOUCHER_CARD	111
202602	POINT	ACQUISITION	FDV PROPRIA	FDV PROPRIA	SMB	CREDIT_CARD	162806244,5
202602	POINT	ACQUISITION	FDV PROPRIA	FDV PROPRIA	SMB	DEBIT_CARD	64159558,44
202602	POINT	ACQUISITION	FDV PROPRIA	FDV PROPRIA	SMB	PREPAID_CARD	7,5
202602	POINT	ACQUISITION	FDV PROPRIA	FDV PROPRIA	SMB	VOUCHER_CARD	301,6
202602	POINT	ACQUISITION	FDV TERCEIRA	FDV TERCEIRA	LONGTAIL	CREDIT_CARD	13328146,17
202602	POINT	ACQUISITION	FDV TERCEIRA	FDV TERCEIRA	LONGTAIL	DEBIT_CARD	6583743,88
202602	POINT	ACQUISITION	FDV TERCEIRA	FDV TERCEIRA	SMB	CREDIT_CARD	20349818,45
202602	POINT	ACQUISITION	FDV TERCEIRA	FDV TERCEIRA	SMB	DEBIT_CARD	9117692,78
202602	POINT	ACQUISITION	HUNTING	HUNTING	BIG SELLERS	CREDIT_CARD	74629628,67
202602	POINT	ACQUISITION	HUNTING	HUNTING	BIG SELLERS	DEBIT_CARD	9820631,74
202602	POINT	ACQUISITION	HUNTING	HUNTING	BIG SELLERS	PREPAID_CARD	18
202602	POINT	ACQUISITION	HUNTING	HUNTING	LONGTAIL	CREDIT_CARD	11300,07
202602	POINT	ACQUISITION	HUNTING	HUNTING	LONGTAIL	DEBIT_CARD	1657
202602	POINT	ACQUISITION	HUNTING	HUNTING	SMB	CREDIT_CARD	399944,34
202602	POINT	ACQUISITION	HUNTING	HUNTING	SMB	DEBIT_CARD	40161,44
202602	POINT	ACQUISITION	MGM	MGM	LONGTAIL	CREDIT_CARD	13745745,72
202602	POINT	ACQUISITION	MGM	MGM	LONGTAIL	DEBIT_CARD	9108107,19
202602	POINT	ACQUISITION	MGM	MGM	LONGTAIL	VOUCHER_CARD	45
202602	POINT	ACQUISITION	MGM	MGM	SMB	CREDIT_CARD	10444961,76
202602	POINT	ACQUISITION	MGM	MGM	SMB	DEBIT_CARD	6429606,29
202602	POINT	ACQUISITION	MGM	MGM	SMB	PREPAID_CARD	130
202602	POINT	ACQUISITION	MGM	MGM	SMB	VOUCHER_CARD	7
202602	POINT	ACQUISITION	PARTNERS INSTORE	PARTNERS INSTORE	LONGTAIL	CREDIT_CARD	10171,46
202602	POINT	ACQUISITION	PARTNERS INSTORE	PARTNERS INSTORE	LONGTAIL	DEBIT_CARD	7949,5
202602	POINT	ACQUISITION	PARTNERS INSTORE	PARTNERS INSTORE	SMB	CREDIT_CARD	18221,74
202602	POINT	ACQUISITION	PARTNERS INSTORE	PARTNERS INSTORE	SMB	DEBIT_CARD	35232,16
202602	POINT	ACQUISITION	RESELLERS	RESELLERS	LONGTAIL	CREDIT_CARD	11192533,45
202602	POINT	ACQUISITION	RESELLERS	RESELLERS	LONGTAIL	DEBIT_CARD	10072407
202602	POINT	ACQUISITION	RESELLERS	RESELLERS	SMB	CREDIT_CARD	14291585,26
202602	POINT	ACQUISITION	RESELLERS	RESELLERS	SMB	DEBIT_CARD	12793440,87
202602	POINT	ACQUISITION	RESELLERS	RESELLERS	SMB	VOUCHER_CARD	4
202602	POINT	ACQUISITION	TELESALES_FARMING	TELESALES_FARMING	LONGTAIL	CREDIT_CARD	145566,23
202602	POINT	ACQUISITION	TELESALES_FARMING	TELESALES_FARMING	LONGTAIL	DEBIT_CARD	27492,75
202602	POINT	ACQUISITION	TELESALES_FARMING	TELESALES_FARMING	SMB	CREDIT_CARD	49859,05
202602	POINT	ACQUISITION	TELESALES_FARMING	TELESALES_FARMING	SMB	DEBIT_CARD	27248,24
202602	POINT	ACQUISITION	TELEVENDAS	TELEVENDAS	LONGTAIL	CREDIT_CARD	4267412,37
202602	POINT	ACQUISITION	TELEVENDAS	TELEVENDAS	LONGTAIL	DEBIT_CARD	2463214,53
202602	POINT	ACQUISITION	TELEVENDAS	TELEVENDAS	SMB	CREDIT_CARD	6397819,03
202602	POINT	ACQUISITION	TELEVENDAS	TELEVENDAS	SMB	DEBIT_CARD	2658673,52
202602	POINT	ACQUISITION	UNKNOWN	UNKNOWN	LONGTAIL	CREDIT_CARD	2756251,05
202602	POINT	ACQUISITION	UNKNOWN	UNKNOWN	LONGTAIL	DEBIT_CARD	2078310,48
202602	POINT	ACQUISITION	UNKNOWN	UNKNOWN	SMB	CREDIT_CARD	2618417,21
202602	POINT	ACQUISITION	UNKNOWN	UNKNOWN	SMB	DEBIT_CARD	2284991,59
202602	POINT	ENGAGEMENT	ENGAGEMENT & VALUE PROP	ENGAGEMENT & VALUE PROP	LONGTAIL	CREDIT_CARD	2755466376
202602	POINT	ENGAGEMENT	ENGAGEMENT & VALUE PROP	ENGAGEMENT & VALUE PROP	LONGTAIL	DEBIT_CARD	1654672056
202602	POINT	ENGAGEMENT	ENGAGEMENT & VALUE PROP	ENGAGEMENT & VALUE PROP	LONGTAIL	PREPAID_CARD	2359,79
202602	POINT	ENGAGEMENT	ENGAGEMENT & VALUE PROP	ENGAGEMENT & VALUE PROP	LONGTAIL	VOUCHER_CARD	5498,93
202602	POINT	ENGAGEMENT	ENGAGEMENT & VALUE PROP	ENGAGEMENT & VALUE PROP	SMB	ACCOUNT_MONEY	7820275
202602	POINT	ENGAGEMENT	ENGAGEMENT & VALUE PROP	ENGAGEMENT & VALUE PROP	SMB	CREDIT_CARD	2845354961
202602	POINT	ENGAGEMENT	ENGAGEMENT & VALUE PROP	ENGAGEMENT & VALUE PROP	SMB	DEBIT_CARD	2179917459
202602	POINT	ENGAGEMENT	ENGAGEMENT & VALUE PROP	ENGAGEMENT & VALUE PROP	SMB	PREPAID_CARD	2407,99
202602	POINT	ENGAGEMENT	ENGAGEMENT & VALUE PROP	ENGAGEMENT & VALUE PROP	SMB	VOUCHER_CARD	14818,82
202602	POINT	ENGAGEMENT	ENGAGEMENT BIG SELLERS	ENGAGEMENT BIG SELLERS	BIG SELLERS	CREDIT_CARD	124486635,1
202602	POINT	ENGAGEMENT	ENGAGEMENT BIG SELLERS	ENGAGEMENT BIG SELLERS	BIG SELLERS	DEBIT_CARD	44196529,96
202602	POINT	ENGAGEMENT	ENGAGEMENT BIG SELLERS	ENGAGEMENT BIG SELLERS	BIG SELLERS	PREPAID_CARD	40
202602	POINT	ENGAGEMENT	ENGAGEMENT BIG SELLERS	ENGAGEMENT BIG SELLERS	BIG SELLERS	VOUCHER_CARD	30,04
202602	QR	ACQUISITION	CANAIS DIGITAIS	CANAIS DIGITAIS	BIG SELLERS	BANK_TRANSFER	135
202602	QR	ACQUISITION	CANAIS DIGITAIS	CANAIS DIGITAIS	LONGTAIL	ACCOUNT_MONEY	7661444,84
202602	QR	ACQUISITION	CANAIS DIGITAIS	CANAIS DIGITAIS	LONGTAIL	BANK_TRANSFER	52815014,23
202602	QR	ACQUISITION	CANAIS DIGITAIS	CANAIS DIGITAIS	LONGTAIL	CREDIT_CARD	748789,2
202602	QR	ACQUISITION	CANAIS DIGITAIS	CANAIS DIGITAIS	LONGTAIL	DIGITAL_CURRENCY	1263677,84
202602	QR	ACQUISITION	CANAIS DIGITAIS	CANAIS DIGITAIS	SMB	ACCOUNT_MONEY	33468731,23
202602	QR	ACQUISITION	CANAIS DIGITAIS	CANAIS DIGITAIS	SMB	BANK_TRANSFER	41277896,13
202602	QR	ACQUISITION	CANAIS DIGITAIS	CANAIS DIGITAIS	SMB	CREDIT_CARD	53928,92
202602	QR	ACQUISITION	CANAIS DIGITAIS	CANAIS DIGITAIS	SMB	DIGITAL_CURRENCY	35927,24
202602	QR	ACQUISITION	CONSULTOR CERTIFICADO	CONSULTOR CERTIFICADO	LONGTAIL	ACCOUNT_MONEY	416
202602	QR	ACQUISITION	CONSULTOR CERTIFICADO	CONSULTOR CERTIFICADO	LONGTAIL	BANK_TRANSFER	32647
202602	QR	ACQUISITION	CONSULTOR CERTIFICADO	CONSULTOR CERTIFICADO	LONGTAIL	CREDIT_CARD	40
202602	QR	ACQUISITION	CONSULTOR CERTIFICADO	CONSULTOR CERTIFICADO	SMB	BANK_TRANSFER	61057,18
202602	QR	ACQUISITION	FDV PROPRIA	FDV PROPRIA	LONGTAIL	ACCOUNT_MONEY	2158,5
202602	QR	ACQUISITION	FDV PROPRIA	FDV PROPRIA	LONGTAIL	BANK_TRANSFER	301835,22
202602	QR	ACQUISITION	FDV PROPRIA	FDV PROPRIA	LONGTAIL	CREDIT_CARD	57,65
202602	QR	ACQUISITION	FDV PROPRIA	FDV PROPRIA	SMB	ACCOUNT_MONEY	7707,27
202602	QR	ACQUISITION	FDV PROPRIA	FDV PROPRIA	SMB	BANK_TRANSFER	1505382,09
202602	QR	ACQUISITION	FDV TERCEIRA	FDV TERCEIRA	LONGTAIL	ACCOUNT_MONEY	5463,11
202602	QR	ACQUISITION	FDV TERCEIRA	FDV TERCEIRA	LONGTAIL	BANK_TRANSFER	219217,42
202602	QR	ACQUISITION	FDV TERCEIRA	FDV TERCEIRA	SMB	ACCOUNT_MONEY	950
202602	QR	ACQUISITION	FDV TERCEIRA	FDV TERCEIRA	SMB	BANK_TRANSFER	164782,24
202602	QR	ACQUISITION	FDV TERCEIRA	FDV TERCEIRA	SMB	CREDIT_CARD	545
202602	QR	ACQUISITION	HUNTING	HUNTING	BIG SELLERS	BANK_TRANSFER	105927,94
202602	QR	ACQUISITION	HUNTING	HUNTING	BIG SELLERS	CREDIT_CARD	454
202602	QR	ACQUISITION	HUNTING	HUNTING	SMB	BANK_TRANSFER	1347,04
202602	QR	ACQUISITION	LANDING	LANDING	LONGTAIL	BANK_TRANSFER	37
202602	QR	ACQUISITION	MGM	MGM	LONGTAIL	ACCOUNT_MONEY	61224,94
202602	QR	ACQUISITION	MGM	MGM	LONGTAIL	BANK_TRANSFER	679131,87
202602	QR	ACQUISITION	MGM	MGM	LONGTAIL	CREDIT_CARD	34481,52
202602	QR	ACQUISITION	MGM	MGM	LONGTAIL	DIGITAL_CURRENCY	8437,89
202602	QR	ACQUISITION	MGM	MGM	SMB	ACCOUNT_MONEY	32782,75
202602	QR	ACQUISITION	MGM	MGM	SMB	BANK_TRANSFER	226980,57
202602	QR	ACQUISITION	MGM	MGM	SMB	CREDIT_CARD	148,73
202602	QR	ACQUISITION	MGM	MGM	SMB	DIGITAL_CURRENCY	267
202602	QR	ACQUISITION	PARTNERS INSTORE	PARTNERS INSTORE	LONGTAIL	ACCOUNT_MONEY	823,58
202602	QR	ACQUISITION	PARTNERS INSTORE	PARTNERS INSTORE	LONGTAIL	BANK_TRANSFER	11551,7
202602	QR	ACQUISITION	PARTNERS INSTORE	PARTNERS INSTORE	SMB	BANK_TRANSFER	1202,9
202602	QR	ACQUISITION	RESELLERS	RESELLERS	LONGTAIL	ACCOUNT_MONEY	239834,98
202602	QR	ACQUISITION	RESELLERS	RESELLERS	LONGTAIL	BANK_TRANSFER	1619197,28
202602	QR	ACQUISITION	RESELLERS	RESELLERS	LONGTAIL	CREDIT_CARD	28789,6
202602	QR	ACQUISITION	RESELLERS	RESELLERS	LONGTAIL	DIGITAL_CURRENCY	30105,5
202602	QR	ACQUISITION	RESELLERS	RESELLERS	SMB	ACCOUNT_MONEY	59655,28
202602	QR	ACQUISITION	RESELLERS	RESELLERS	SMB	BANK_TRANSFER	699235,93
202602	QR	ACQUISITION	RESELLERS	RESELLERS	SMB	CREDIT_CARD	7,82
202602	QR	ACQUISITION	RESELLERS	RESELLERS	SMB	DIGITAL_CURRENCY	495
202602	QR	ACQUISITION	TELESALES_FARMING	TELESALES_FARMING	LONGTAIL	ACCOUNT_MONEY	193,96
202602	QR	ACQUISITION	TELESALES_FARMING	TELESALES_FARMING	LONGTAIL	BANK_TRANSFER	30324,29
202602	QR	ACQUISITION	TELESALES_FARMING	TELESALES_FARMING	SMB	ACCOUNT_MONEY	33,8
202602	QR	ACQUISITION	TELESALES_FARMING	TELESALES_FARMING	SMB	BANK_TRANSFER	19526,36
202602	QR	ACQUISITION	TELEVENDAS	TELEVENDAS	LONGTAIL	ACCOUNT_MONEY	2921,51
202602	QR	ACQUISITION	TELEVENDAS	TELEVENDAS	LONGTAIL	BANK_TRANSFER	63945,42
202602	QR	ACQUISITION	TELEVENDAS	TELEVENDAS	LONGTAIL	CREDIT_CARD	245
202602	QR	ACQUISITION	TELEVENDAS	TELEVENDAS	LONGTAIL	DIGITAL_CURRENCY	20
202602	QR	ACQUISITION	TELEVENDAS	TELEVENDAS	SMB	ACCOUNT_MONEY	108,7
202602	QR	ACQUISITION	TELEVENDAS	TELEVENDAS	SMB	BANK_TRANSFER	51154,71
202602	QR	ENGAGEMENT	ENGAGEMENT & VALUE PROP	ENGAGEMENT & VALUE PROP	LONGTAIL	ACCOUNT_MONEY	17818840
202602	QR	ENGAGEMENT	ENGAGEMENT & VALUE PROP	ENGAGEMENT & VALUE PROP	LONGTAIL	BANK_TRANSFER	267577493,3
202602	QR	ENGAGEMENT	ENGAGEMENT & VALUE PROP	ENGAGEMENT & VALUE PROP	LONGTAIL	CREDIT_CARD	4588526,48
202602	QR	ENGAGEMENT	ENGAGEMENT & VALUE PROP	ENGAGEMENT & VALUE PROP	LONGTAIL	DIGITAL_CURRENCY	2798301,31
202602	QR	ENGAGEMENT	ENGAGEMENT & VALUE PROP	ENGAGEMENT & VALUE PROP	SMB	ACCOUNT_MONEY	84496269,13
202602	QR	ENGAGEMENT	ENGAGEMENT & VALUE PROP	ENGAGEMENT & VALUE PROP	SMB	BANK_TRANSFER	254839730,1
202602	QR	ENGAGEMENT	ENGAGEMENT & VALUE PROP	ENGAGEMENT & VALUE PROP	SMB	CREDIT_CARD	2971208,93
202602	QR	ENGAGEMENT	ENGAGEMENT & VALUE PROP	ENGAGEMENT & VALUE PROP	SMB	DIGITAL_CURRENCY	201351,69
202602	QR	ENGAGEMENT	ENGAGEMENT BIG SELLERS	ENGAGEMENT BIG SELLERS	BIG SELLERS	ACCOUNT_MONEY	23159954,06
202602	QR	ENGAGEMENT	ENGAGEMENT BIG SELLERS	ENGAGEMENT BIG SELLERS	BIG SELLERS	BANK_TRANSFER	210079421,5
202602	QR	ENGAGEMENT	ENGAGEMENT BIG SELLERS	ENGAGEMENT BIG SELLERS	BIG SELLERS	CREDIT_CARD	14840490,22
202602	QR	ENGAGEMENT	ENGAGEMENT BIG SELLERS	ENGAGEMENT BIG SELLERS	BIG SELLERS	DIGITAL_CURRENCY	325188,51
202602	QR FROM POINT	ACQUISITION	BIGSELLER FARMING	BIGSELLER FARMING	LONGTAIL	ACCOUNT_MONEY	30
202602	QR FROM POINT	ACQUISITION	BIGSELLER FARMING	BIGSELLER FARMING	LONGTAIL	BANK_TRANSFER	2857,5
202602	QR FROM POINT	ACQUISITION	CANAIS DIGITAIS	CANAIS DIGITAIS	BIG SELLERS	BANK_TRANSFER	2567
202602	QR FROM POINT	ACQUISITION	CANAIS DIGITAIS	CANAIS DIGITAIS	LONGTAIL	ACCOUNT_MONEY	3944534,34
202602	QR FROM POINT	ACQUISITION	CANAIS DIGITAIS	CANAIS DIGITAIS	LONGTAIL	BANK_TRANSFER	46083161,42
202602	QR FROM POINT	ACQUISITION	CANAIS DIGITAIS	CANAIS DIGITAIS	LONGTAIL	CREDIT_CARD	153408,52
202602	QR FROM POINT	ACQUISITION	CANAIS DIGITAIS	CANAIS DIGITAIS	LONGTAIL	DIGITAL_CURRENCY	80430,77
202602	QR FROM POINT	ACQUISITION	CANAIS DIGITAIS	CANAIS DIGITAIS	SMB	ACCOUNT_MONEY	4457942,15
202602	QR FROM POINT	ACQUISITION	CANAIS DIGITAIS	CANAIS DIGITAIS	SMB	BANK_TRANSFER	45034111,79
202602	QR FROM POINT	ACQUISITION	CANAIS DIGITAIS	CANAIS DIGITAIS	SMB	CREDIT_CARD	98512,47
202602	QR FROM POINT	ACQUISITION	CANAIS DIGITAIS	CANAIS DIGITAIS	SMB	DIGITAL_CURRENCY	30294,96
202602	QR FROM POINT	ACQUISITION	CONSULTOR CERTIFICADO	CONSULTOR CERTIFICADO	LONGTAIL	ACCOUNT_MONEY	72483,59
202602	QR FROM POINT	ACQUISITION	CONSULTOR CERTIFICADO	CONSULTOR CERTIFICADO	LONGTAIL	BANK_TRANSFER	695615,91
202602	QR FROM POINT	ACQUISITION	CONSULTOR CERTIFICADO	CONSULTOR CERTIFICADO	LONGTAIL	CREDIT_CARD	1441,43
202602	QR FROM POINT	ACQUISITION	CONSULTOR CERTIFICADO	CONSULTOR CERTIFICADO	LONGTAIL	DIGITAL_CURRENCY	636,85
202602	QR FROM POINT	ACQUISITION	CONSULTOR CERTIFICADO	CONSULTOR CERTIFICADO	SMB	ACCOUNT_MONEY	218354,15
202602	QR FROM POINT	ACQUISITION	CONSULTOR CERTIFICADO	CONSULTOR CERTIFICADO	SMB	BANK_TRANSFER	2417379,97
202602	QR FROM POINT	ACQUISITION	CONSULTOR CERTIFICADO	CONSULTOR CERTIFICADO	SMB	CREDIT_CARD	5221,29
202602	QR FROM POINT	ACQUISITION	CONSULTOR CERTIFICADO	CONSULTOR CERTIFICADO	SMB	DIGITAL_CURRENCY	2209,26
202602	QR FROM POINT	ACQUISITION	FDV PROPRIA	FDV PROPRIA	BIG SELLERS	ACCOUNT_MONEY	870,7
202602	QR FROM POINT	ACQUISITION	FDV PROPRIA	FDV PROPRIA	BIG SELLERS	BANK_TRANSFER	27591,2
202602	QR FROM POINT	ACQUISITION	FDV PROPRIA	FDV PROPRIA	BIG SELLERS	CREDIT_CARD	181,6
202602	QR FROM POINT	ACQUISITION	FDV PROPRIA	FDV PROPRIA	LONGTAIL	ACCOUNT_MONEY	896717,36
202602	QR FROM POINT	ACQUISITION	FDV PROPRIA	FDV PROPRIA	LONGTAIL	BANK_TRANSFER	9874060,45
202602	QR FROM POINT	ACQUISITION	FDV PROPRIA	FDV PROPRIA	LONGTAIL	CREDIT_CARD	38006,01
202602	QR FROM POINT	ACQUISITION	FDV PROPRIA	FDV PROPRIA	LONGTAIL	DIGITAL_CURRENCY	12602,99
202602	QR FROM POINT	ACQUISITION	FDV PROPRIA	FDV PROPRIA	SMB	ACCOUNT_MONEY	4015038,34
202602	QR FROM POINT	ACQUISITION	FDV PROPRIA	FDV PROPRIA	SMB	BANK_TRANSFER	41279018,62
202602	QR FROM POINT	ACQUISITION	FDV PROPRIA	FDV PROPRIA	SMB	CREDIT_CARD	92820,94
202602	QR FROM POINT	ACQUISITION	FDV PROPRIA	FDV PROPRIA	SMB	DIGITAL_CURRENCY	23886,81
202602	QR FROM POINT	ACQUISITION	FDV TERCEIRA	FDV TERCEIRA	LONGTAIL	ACCOUNT_MONEY	757278,3
202602	QR FROM POINT	ACQUISITION	FDV TERCEIRA	FDV TERCEIRA	LONGTAIL	BANK_TRANSFER	7685777,58
202602	QR FROM POINT	ACQUISITION	FDV TERCEIRA	FDV TERCEIRA	LONGTAIL	CREDIT_CARD	25618,49
202602	QR FROM POINT	ACQUISITION	FDV TERCEIRA	FDV TERCEIRA	LONGTAIL	DIGITAL_CURRENCY	12652,82
202602	QR FROM POINT	ACQUISITION	FDV TERCEIRA	FDV TERCEIRA	SMB	ACCOUNT_MONEY	1210916,23
202602	QR FROM POINT	ACQUISITION	FDV TERCEIRA	FDV TERCEIRA	SMB	BANK_TRANSFER	11246370,88
202602	QR FROM POINT	ACQUISITION	FDV TERCEIRA	FDV TERCEIRA	SMB	CREDIT_CARD	24845,12
202602	QR FROM POINT	ACQUISITION	FDV TERCEIRA	FDV TERCEIRA	SMB	DIGITAL_CURRENCY	4791,02
202602	QR FROM POINT	ACQUISITION	HUNTING	HUNTING	BIG SELLERS	ACCOUNT_MONEY	2386551,64
202602	QR FROM POINT	ACQUISITION	HUNTING	HUNTING	BIG SELLERS	BANK_TRANSFER	15292320,09
202602	QR FROM POINT	ACQUISITION	HUNTING	HUNTING	BIG SELLERS	CREDIT_CARD	13619,72
202602	QR FROM POINT	ACQUISITION	HUNTING	HUNTING	BIG SELLERS	DIGITAL_CURRENCY	5672,82
202602	QR FROM POINT	ACQUISITION	HUNTING	HUNTING	LONGTAIL	ACCOUNT_MONEY	691
202602	QR FROM POINT	ACQUISITION	HUNTING	HUNTING	LONGTAIL	BANK_TRANSFER	7333,8
202602	QR FROM POINT	ACQUISITION	HUNTING	HUNTING	SMB	ACCOUNT_MONEY	55495,43
202602	QR FROM POINT	ACQUISITION	HUNTING	HUNTING	SMB	BANK_TRANSFER	186713,16
202602	QR FROM POINT	ACQUISITION	HUNTING	HUNTING	SMB	CREDIT_CARD	396,1
202602	QR FROM POINT	ACQUISITION	LANDING	LANDING	LONGTAIL	BANK_TRANSFER	269
202602	QR FROM POINT	ACQUISITION	MGM	MGM	LONGTAIL	ACCOUNT_MONEY	955663,5
202602	QR FROM POINT	ACQUISITION	MGM	MGM	LONGTAIL	BANK_TRANSFER	9852776,38
202602	QR FROM POINT	ACQUISITION	MGM	MGM	LONGTAIL	CREDIT_CARD	27879,54
202602	QR FROM POINT	ACQUISITION	MGM	MGM	LONGTAIL	DIGITAL_CURRENCY	22037,56
202602	QR FROM POINT	ACQUISITION	MGM	MGM	SMB	ACCOUNT_MONEY	771541,61
202602	QR FROM POINT	ACQUISITION	MGM	MGM	SMB	BANK_TRANSFER	7223507,01
202602	QR FROM POINT	ACQUISITION	MGM	MGM	SMB	CREDIT_CARD	18960,51
202602	QR FROM POINT	ACQUISITION	MGM	MGM	SMB	DIGITAL_CURRENCY	3723,89
202602	QR FROM POINT	ACQUISITION	PARTNERS INSTORE	PARTNERS INSTORE	LONGTAIL	ACCOUNT_MONEY	19560,22
202602	QR FROM POINT	ACQUISITION	PARTNERS INSTORE	PARTNERS INSTORE	LONGTAIL	BANK_TRANSFER	192660,27
202602	QR FROM POINT	ACQUISITION	PARTNERS INSTORE	PARTNERS INSTORE	LONGTAIL	CREDIT_CARD	400,5
202602	QR FROM POINT	ACQUISITION	PARTNERS INSTORE	PARTNERS INSTORE	LONGTAIL	DIGITAL_CURRENCY	759,5
202602	QR FROM POINT	ACQUISITION	PARTNERS INSTORE	PARTNERS INSTORE	SMB	ACCOUNT_MONEY	42214,16
202602	QR FROM POINT	ACQUISITION	PARTNERS INSTORE	PARTNERS INSTORE	SMB	BANK_TRANSFER	288989,33
202602	QR FROM POINT	ACQUISITION	PARTNERS INSTORE	PARTNERS INSTORE	SMB	CREDIT_CARD	496,44
202602	QR FROM POINT	ACQUISITION	PARTNERS INSTORE	PARTNERS INSTORE	SMB	DIGITAL_CURRENCY	87,5
202602	QR FROM POINT	ACQUISITION	RESELLERS	RESELLERS	LONGTAIL	ACCOUNT_MONEY	1156815,87
202602	QR FROM POINT	ACQUISITION	RESELLERS	RESELLERS	LONGTAIL	BANK_TRANSFER	13348643,42
202602	QR FROM POINT	ACQUISITION	RESELLERS	RESELLERS	LONGTAIL	CREDIT_CARD	52714,64
202602	QR FROM POINT	ACQUISITION	RESELLERS	RESELLERS	LONGTAIL	DIGITAL_CURRENCY	35691,14
202602	QR FROM POINT	ACQUISITION	RESELLERS	RESELLERS	SMB	ACCOUNT_MONEY	1435837,21
202602	QR FROM POINT	ACQUISITION	RESELLERS	RESELLERS	SMB	BANK_TRANSFER	14807421,16
202602	QR FROM POINT	ACQUISITION	RESELLERS	RESELLERS	SMB	CREDIT_CARD	41155,77
202602	QR FROM POINT	ACQUISITION	RESELLERS	RESELLERS	SMB	DIGITAL_CURRENCY	7752,06
202602	QR FROM POINT	ACQUISITION	TELESALES_FARMING	TELESALES_FARMING	LONGTAIL	ACCOUNT_MONEY	46747,2
202602	QR FROM POINT	ACQUISITION	TELESALES_FARMING	TELESALES_FARMING	LONGTAIL	BANK_TRANSFER	567090,16
202602	QR FROM POINT	ACQUISITION	TELESALES_FARMING	TELESALES_FARMING	LONGTAIL	CREDIT_CARD	3206,62
202602	QR FROM POINT	ACQUISITION	TELESALES_FARMING	TELESALES_FARMING	LONGTAIL	DIGITAL_CURRENCY	1588
202602	QR FROM POINT	ACQUISITION	TELESALES_FARMING	TELESALES_FARMING	SMB	ACCOUNT_MONEY	38864,41
202602	QR FROM POINT	ACQUISITION	TELESALES_FARMING	TELESALES_FARMING	SMB	BANK_TRANSFER	412993,67
202602	QR FROM POINT	ACQUISITION	TELESALES_FARMING	TELESALES_FARMING	SMB	CREDIT_CARD	357,55
202602	QR FROM POINT	ACQUISITION	TELESALES_FARMING	TELESALES_FARMING	SMB	DIGITAL_CURRENCY	303
202602	QR FROM POINT	ACQUISITION	TELEVENDAS	TELEVENDAS	LONGTAIL	ACCOUNT_MONEY	150811,06
202602	QR FROM POINT	ACQUISITION	TELEVENDAS	TELEVENDAS	LONGTAIL	BANK_TRANSFER	1901071,05
202602	QR FROM POINT	ACQUISITION	TELEVENDAS	TELEVENDAS	LONGTAIL	CREDIT_CARD	4597,23
202602	QR FROM POINT	ACQUISITION	TELEVENDAS	TELEVENDAS	LONGTAIL	DIGITAL_CURRENCY	3415,85
202602	QR FROM POINT	ACQUISITION	TELEVENDAS	TELEVENDAS	SMB	ACCOUNT_MONEY	307158,3
202602	QR FROM POINT	ACQUISITION	TELEVENDAS	TELEVENDAS	SMB	BANK_TRANSFER	3015641,79
202602	QR FROM POINT	ACQUISITION	TELEVENDAS	TELEVENDAS	SMB	CREDIT_CARD	7098,72
202602	QR FROM POINT	ACQUISITION	TELEVENDAS	TELEVENDAS	SMB	DIGITAL_CURRENCY	1462,79
202602	QR FROM POINT	ENGAGEMENT	ENGAGEMENT & VALUE PROP	ENGAGEMENT & VALUE PROP	LONGTAIL	ACCOUNT_MONEY	57655839,47
202602	QR FROM POINT	ENGAGEMENT	ENGAGEMENT & VALUE PROP	ENGAGEMENT & VALUE PROP	LONGTAIL	BANK_TRANSFER	684667943,8
202602	QR FROM POINT	ENGAGEMENT	ENGAGEMENT & VALUE PROP	ENGAGEMENT & VALUE PROP	LONGTAIL	CREDIT_CARD	1844554,36
202602	QR FROM POINT	ENGAGEMENT	ENGAGEMENT & VALUE PROP	ENGAGEMENT & VALUE PROP	LONGTAIL	DIGITAL_CURRENCY	950637,07
202602	QR FROM POINT	ENGAGEMENT	ENGAGEMENT & VALUE PROP	ENGAGEMENT & VALUE PROP	SMB	ACCOUNT_MONEY	126126808,1
202602	QR FROM POINT	ENGAGEMENT	ENGAGEMENT & VALUE PROP	ENGAGEMENT & VALUE PROP	SMB	BANK_TRANSFER	1385966292
202602	QR FROM POINT	ENGAGEMENT	ENGAGEMENT & VALUE PROP	ENGAGEMENT & VALUE PROP	SMB	CREDIT_CARD	3255761,16
202602	QR FROM POINT	ENGAGEMENT	ENGAGEMENT & VALUE PROP	ENGAGEMENT & VALUE PROP	SMB	DIGITAL_CURRENCY	927468,12
202602	QR FROM POINT	ENGAGEMENT	ENGAGEMENT BIG SELLERS	ENGAGEMENT BIG SELLERS	BIG SELLERS	ACCOUNT_MONEY	4543808,58
202602	QR FROM POINT	ENGAGEMENT	ENGAGEMENT BIG SELLERS	ENGAGEMENT BIG SELLERS	BIG SELLERS	BANK_TRANSFER	35926477,44
202602	QR FROM POINT	ENGAGEMENT	ENGAGEMENT BIG SELLERS	ENGAGEMENT BIG SELLERS	BIG SELLERS	CREDIT_CARD	110927,62
202602	QR FROM POINT	ENGAGEMENT	ENGAGEMENT BIG SELLERS	ENGAGEMENT BIG SELLERS	BIG SELLERS	DIGITAL_CURRENCY	11014,04
202602	TAP	ACQUISITION	CANAIS DIGITAIS	CANAIS DIGITAIS	BIG SELLERS	DEBIT_CARD	2
202602	TAP	ACQUISITION	CANAIS DIGITAIS	CANAIS DIGITAIS	LONGTAIL	CREDIT_CARD	170663434,4
202602	TAP	ACQUISITION	CANAIS DIGITAIS	CANAIS DIGITAIS	LONGTAIL	DEBIT_CARD	17887719,47
202602	TAP	ACQUISITION	CANAIS DIGITAIS	CANAIS DIGITAIS	SMB	CREDIT_CARD	58720815,37
202602	TAP	ACQUISITION	CANAIS DIGITAIS	CANAIS DIGITAIS	SMB	DEBIT_CARD	2908666,2
202602	TAP	ACQUISITION	HUNTING	HUNTING	BIG SELLERS	CREDIT_CARD	12794,58
202602	TAP	ACQUISITION	HUNTING	HUNTING	BIG SELLERS	DEBIT_CARD	1
202602	TAP	ENGAGEMENT	ENGAGEMENT & VALUE PROP	ENGAGEMENT & VALUE PROP	LONGTAIL	CREDIT_CARD	1074147534
202602	TAP	ENGAGEMENT	ENGAGEMENT & VALUE PROP	ENGAGEMENT & VALUE PROP	LONGTAIL	DEBIT_CARD	94623307,38
202602	TAP	ENGAGEMENT	ENGAGEMENT & VALUE PROP	ENGAGEMENT & VALUE PROP	LONGTAIL	PREPAID_CARD	1564
202602	TAP	ENGAGEMENT	ENGAGEMENT & VALUE PROP	ENGAGEMENT & VALUE PROP	SMB	CREDIT_CARD	339535575,7
202602	TAP	ENGAGEMENT	ENGAGEMENT & VALUE PROP	ENGAGEMENT & VALUE PROP	SMB	DEBIT_CARD	14076986,77
202602	TAP	ENGAGEMENT	ENGAGEMENT BIG SELLERS	ENGAGEMENT BIG SELLERS	BIG SELLERS	CREDIT_CARD	722595,14
202602	TAP	ENGAGEMENT	ENGAGEMENT BIG SELLERS	ENGAGEMENT BIG SELLERS	BIG SELLERS	DEBIT_CARD	10907,16
202603	OP - CHECKOUT	ACQUISITION	CANAIS DIGITAIS	CANAIS DIGITAIS	LONGTAIL	ACCOUNT_MONEY	654839,03
202603	OP - CHECKOUT	ACQUISITION	CANAIS DIGITAIS	CANAIS DIGITAIS	LONGTAIL	BANK_TRANSFER	8872869,8
202603	OP - CHECKOUT	ACQUISITION	CANAIS DIGITAIS	CANAIS DIGITAIS	LONGTAIL	CREDIT_CARD	3163170,9
202603	OP - CHECKOUT	ACQUISITION	CANAIS DIGITAIS	CANAIS DIGITAIS	LONGTAIL	DEBIT_CARD	728,37
202603	OP - CHECKOUT	ACQUISITION	CANAIS DIGITAIS	CANAIS DIGITAIS	LONGTAIL	DIGITAL_CURRENCY	56700,9
202603	OP - CHECKOUT	ACQUISITION	CANAIS DIGITAIS	CANAIS DIGITAIS	LONGTAIL	TICKET	152593,45
202603	OP - CHECKOUT	ACQUISITION	CANAIS DIGITAIS	CANAIS DIGITAIS	SMB	ACCOUNT_MONEY	245497,31
202603	OP - CHECKOUT	ACQUISITION	CANAIS DIGITAIS	CANAIS DIGITAIS	SMB	BANK_TRANSFER	17151641,34
202603	OP - CHECKOUT	ACQUISITION	CANAIS DIGITAIS	CANAIS DIGITAIS	SMB	CREDIT_CARD	4732249,69
202603	OP - CHECKOUT	ACQUISITION	CANAIS DIGITAIS	CANAIS DIGITAIS	SMB	DIGITAL_CURRENCY	22346,33
202603	OP - CHECKOUT	ACQUISITION	CANAIS DIGITAIS	CANAIS DIGITAIS	SMB	TICKET	788650,1
202603	OP - CHECKOUT	ACQUISITION	CONSULTOR CERTIFICADO	CONSULTOR CERTIFICADO	LONGTAIL	CREDIT_CARD	489
202603	OP - CHECKOUT	ACQUISITION	CONSULTOR CERTIFICADO	CONSULTOR CERTIFICADO	SMB	BANK_TRANSFER	34,9
202603	OP - CHECKOUT	ACQUISITION	CONSULTOR CERTIFICADO	CONSULTOR CERTIFICADO	SMB	CREDIT_CARD	547,17
202603	OP - CHECKOUT	ACQUISITION	FDV PROPRIA	FDV PROPRIA	LONGTAIL	ACCOUNT_MONEY	1478,99
202603	OP - CHECKOUT	ACQUISITION	FDV PROPRIA	FDV PROPRIA	LONGTAIL	BANK_TRANSFER	55748,37
202603	OP - CHECKOUT	ACQUISITION	FDV PROPRIA	FDV PROPRIA	LONGTAIL	CREDIT_CARD	57824,63
202603	OP - CHECKOUT	ACQUISITION	FDV PROPRIA	FDV PROPRIA	LONGTAIL	DIGITAL_CURRENCY	153
202603	OP - CHECKOUT	ACQUISITION	FDV PROPRIA	FDV PROPRIA	LONGTAIL	TICKET	324,9
202603	OP - CHECKOUT	ACQUISITION	FDV PROPRIA	FDV PROPRIA	SMB	ACCOUNT_MONEY	1682,09
202603	OP - CHECKOUT	ACQUISITION	FDV PROPRIA	FDV PROPRIA	SMB	BANK_TRANSFER	174242,36
202603	OP - CHECKOUT	ACQUISITION	FDV PROPRIA	FDV PROPRIA	SMB	CREDIT_CARD	138868,25
202603	OP - CHECKOUT	ACQUISITION	FDV PROPRIA	FDV PROPRIA	SMB	DEBIT_CARD	89,9
202603	OP - CHECKOUT	ACQUISITION	FDV TERCEIRA	FDV TERCEIRA	LONGTAIL	ACCOUNT_MONEY	456,7
202603	OP - CHECKOUT	ACQUISITION	FDV TERCEIRA	FDV TERCEIRA	LONGTAIL	BANK_TRANSFER	100990,81
202603	OP - CHECKOUT	ACQUISITION	FDV TERCEIRA	FDV TERCEIRA	LONGTAIL	CREDIT_CARD	26020,51
202603	OP - CHECKOUT	ACQUISITION	FDV TERCEIRA	FDV TERCEIRA	LONGTAIL	DIGITAL_CURRENCY	44,1
202603	OP - CHECKOUT	ACQUISITION	FDV TERCEIRA	FDV TERCEIRA	SMB	ACCOUNT_MONEY	181
202603	OP - CHECKOUT	ACQUISITION	FDV TERCEIRA	FDV TERCEIRA	SMB	BANK_TRANSFER	51509,15
202603	OP - CHECKOUT	ACQUISITION	FDV TERCEIRA	FDV TERCEIRA	SMB	CREDIT_CARD	18197,74
202603	OP - CHECKOUT	ACQUISITION	HUNTING	HUNTING	BIG SELLERS	ACCOUNT_MONEY	67191,46
202603	OP - CHECKOUT	ACQUISITION	HUNTING	HUNTING	BIG SELLERS	BANK_TRANSFER	47652234,26
202603	OP - CHECKOUT	ACQUISITION	HUNTING	HUNTING	BIG SELLERS	CREDIT_CARD	67397560,92
202603	OP - CHECKOUT	ACQUISITION	HUNTING	HUNTING	BIG SELLERS	DIGITAL_CURRENCY	10168,04
202603	OP - CHECKOUT	ACQUISITION	HUNTING	HUNTING	BIG SELLERS	TICKET	764237,82
202603	OP - CHECKOUT	ACQUISITION	HUNTING	HUNTING	LONGTAIL	BANK_TRANSFER	25916,41
202603	OP - CHECKOUT	ACQUISITION	HUNTING	HUNTING	SMB	ACCOUNT_MONEY	191
202603	OP - CHECKOUT	ACQUISITION	HUNTING	HUNTING	SMB	CREDIT_CARD	4840
202603	OP - CHECKOUT	ACQUISITION	HUNTING LC	HUNTING LC	BIG SELLERS	ACCOUNT_MONEY	126591,97
202603	OP - CHECKOUT	ACQUISITION	HUNTING LC	HUNTING LC	BIG SELLERS	BANK_TRANSFER	1803851
202603	OP - CHECKOUT	ACQUISITION	HUNTING LC	HUNTING LC	BIG SELLERS	CREDIT_CARD	7108237,6
202603	OP - CHECKOUT	ACQUISITION	HUNTING LC	HUNTING LC	BIG SELLERS	DEBIT_CARD	2251,79
202603	OP - CHECKOUT	ACQUISITION	HUNTING LC	HUNTING LC	BIG SELLERS	DIGITAL_CURRENCY	6334,49
202603	OP - CHECKOUT	ACQUISITION	HUNTING LC	HUNTING LC	BIG SELLERS	TICKET	252006
202603	OP - CHECKOUT	ACQUISITION	MGM	MGM	LONGTAIL	ACCOUNT_MONEY	19581,46
202603	OP - CHECKOUT	ACQUISITION	MGM	MGM	LONGTAIL	BANK_TRANSFER	486128,89
202603	OP - CHECKOUT	ACQUISITION	MGM	MGM	LONGTAIL	CREDIT_CARD	87668,35
202603	OP - CHECKOUT	ACQUISITION	MGM	MGM	LONGTAIL	DIGITAL_CURRENCY	304
202603	OP - CHECKOUT	ACQUISITION	MGM	MGM	LONGTAIL	TICKET	443,87
202603	OP - CHECKOUT	ACQUISITION	MGM	MGM	SMB	ACCOUNT_MONEY	1504,04
202603	OP - CHECKOUT	ACQUISITION	MGM	MGM	SMB	BANK_TRANSFER	226146,49
202603	OP - CHECKOUT	ACQUISITION	MGM	MGM	SMB	CREDIT_CARD	75765,99
202603	OP - CHECKOUT	ACQUISITION	MGM	MGM	SMB	DIGITAL_CURRENCY	53,02
202603	OP - CHECKOUT	ACQUISITION	PARTNERS ONLINE	AGENCIA	LONGTAIL	BANK_TRANSFER	81504,65
202603	OP - CHECKOUT	ACQUISITION	PARTNERS ONLINE	AGENCIA	LONGTAIL	CREDIT_CARD	34347,44
202603	OP - CHECKOUT	ACQUISITION	PARTNERS ONLINE	AGENCIA	LONGTAIL	TICKET	1309,46
202603	OP - CHECKOUT	ACQUISITION	PARTNERS ONLINE	AGENCIA	SMB	BANK_TRANSFER	232785,66
202603	OP - CHECKOUT	ACQUISITION	PARTNERS ONLINE	AGENCIA	SMB	CREDIT_CARD	57558,37
202603	OP - CHECKOUT	ACQUISITION	PARTNERS ONLINE	DEVELOPERS	LONGTAIL	ACCOUNT_MONEY	479,15
202603	OP - CHECKOUT	ACQUISITION	PARTNERS ONLINE	DEVELOPERS	LONGTAIL	BANK_TRANSFER	142207,93
202603	OP - CHECKOUT	ACQUISITION	PARTNERS ONLINE	DEVELOPERS	LONGTAIL	CREDIT_CARD	44265,56
202603	OP - CHECKOUT	ACQUISITION	PARTNERS ONLINE	DEVELOPERS	LONGTAIL	DIGITAL_CURRENCY	374,88
202603	OP - CHECKOUT	ACQUISITION	PARTNERS ONLINE	DEVELOPERS	LONGTAIL	TICKET	48,3
202603	OP - CHECKOUT	ACQUISITION	PARTNERS ONLINE	DEVELOPERS	SMB	ACCOUNT_MONEY	1946,29
202603	OP - CHECKOUT	ACQUISITION	PARTNERS ONLINE	DEVELOPERS	SMB	BANK_TRANSFER	229295,71
202603	OP - CHECKOUT	ACQUISITION	PARTNERS ONLINE	DEVELOPERS	SMB	CREDIT_CARD	44580,78
202603	OP - CHECKOUT	ACQUISITION	PARTNERS ONLINE	DEVELOPERS	SMB	DIGITAL_CURRENCY	579,98
202603	OP - CHECKOUT	ACQUISITION	PARTNERS ONLINE	DEVELOPERS	SMB	TICKET	60,6
202603	OP - CHECKOUT	ACQUISITION	PARTNERS ONLINE	PLATAFORMAS	LONGTAIL	ACCOUNT_MONEY	114547,61
202603	OP - CHECKOUT	ACQUISITION	PARTNERS ONLINE	PLATAFORMAS	LONGTAIL	BANK_TRANSFER	4378653,58
202603	OP - CHECKOUT	ACQUISITION	PARTNERS ONLINE	PLATAFORMAS	LONGTAIL	CREDIT_CARD	4712919,5
202603	OP - CHECKOUT	ACQUISITION	PARTNERS ONLINE	PLATAFORMAS	LONGTAIL	DEBIT_CARD	53,4
202603	OP - CHECKOUT	ACQUISITION	PARTNERS ONLINE	PLATAFORMAS	LONGTAIL	DIGITAL_CURRENCY	50347,12
202603	OP - CHECKOUT	ACQUISITION	PARTNERS ONLINE	PLATAFORMAS	LONGTAIL	TICKET	185965,88
202603	OP - CHECKOUT	ACQUISITION	PARTNERS ONLINE	PLATAFORMAS	SMB	ACCOUNT_MONEY	90309,67
202603	OP - CHECKOUT	ACQUISITION	PARTNERS ONLINE	PLATAFORMAS	SMB	BANK_TRANSFER	10567005,5
202603	OP - CHECKOUT	ACQUISITION	PARTNERS ONLINE	PLATAFORMAS	SMB	CREDIT_CARD	9477276,17
202603	OP - CHECKOUT	ACQUISITION	PARTNERS ONLINE	PLATAFORMAS	SMB	DEBIT_CARD	128,33
202603	OP - CHECKOUT	ACQUISITION	PARTNERS ONLINE	PLATAFORMAS	SMB	DIGITAL_CURRENCY	30767,29
202603	OP - CHECKOUT	ACQUISITION	PARTNERS ONLINE	PLATAFORMAS	SMB	TICKET	353131,09
202603	OP - CHECKOUT	ACQUISITION	RESELLERS	RESELLERS	LONGTAIL	ACCOUNT_MONEY	55552,06
202603	OP - CHECKOUT	ACQUISITION	RESELLERS	RESELLERS	LONGTAIL	BANK_TRANSFER	535752,79
202603	OP - CHECKOUT	ACQUISITION	RESELLERS	RESELLERS	LONGTAIL	CREDIT_CARD	125191,37
202603	OP - CHECKOUT	ACQUISITION	RESELLERS	RESELLERS	LONGTAIL	DEBIT_CARD	1
202603	OP - CHECKOUT	ACQUISITION	RESELLERS	RESELLERS	LONGTAIL	DIGITAL_CURRENCY	1735,03
202603	OP - CHECKOUT	ACQUISITION	RESELLERS	RESELLERS	LONGTAIL	TICKET	12452,43
202603	OP - CHECKOUT	ACQUISITION	RESELLERS	RESELLERS	SMB	ACCOUNT_MONEY	2039,25
202603	OP - CHECKOUT	ACQUISITION	RESELLERS	RESELLERS	SMB	BANK_TRANSFER	201936,29
202603	OP - CHECKOUT	ACQUISITION	RESELLERS	RESELLERS	SMB	CREDIT_CARD	82253,21
202603	OP - CHECKOUT	ACQUISITION	RESELLERS	RESELLERS	SMB	DIGITAL_CURRENCY	469,32
202603	OP - CHECKOUT	ACQUISITION	TELESALES_FARMING	TELESALES_FARMING	SMB	BANK_TRANSFER	1
202603	OP - CHECKOUT	ACQUISITION	TELESALES_FARMING	TELESALES_FARMING	SMB	CREDIT_CARD	70
202603	OP - CHECKOUT	ACQUISITION	TELEVENDAS	TELEVENDAS	LONGTAIL	ACCOUNT_MONEY	123
202603	OP - CHECKOUT	ACQUISITION	TELEVENDAS	TELEVENDAS	LONGTAIL	BANK_TRANSFER	50536,42
202603	OP - CHECKOUT	ACQUISITION	TELEVENDAS	TELEVENDAS	LONGTAIL	CREDIT_CARD	10393,39
202603	OP - CHECKOUT	ACQUISITION	TELEVENDAS	TELEVENDAS	LONGTAIL	DIGITAL_CURRENCY	200
202603	OP - CHECKOUT	ACQUISITION	TELEVENDAS	TELEVENDAS	LONGTAIL	TICKET	745,47
202603	OP - CHECKOUT	ACQUISITION	TELEVENDAS	TELEVENDAS	SMB	ACCOUNT_MONEY	302,3
202603	OP - CHECKOUT	ACQUISITION	TELEVENDAS	TELEVENDAS	SMB	BANK_TRANSFER	119999,64
202603	OP - CHECKOUT	ACQUISITION	TELEVENDAS	TELEVENDAS	SMB	CREDIT_CARD	39221,09
202603	OP - CHECKOUT	ENGAGEMENT	ENGAGEMENT & VALUE PROP	ENGAGEMENT & VALUE PROP	LONGTAIL	ACCOUNT_MONEY	1029568,76
202603	OP - CHECKOUT	ENGAGEMENT	ENGAGEMENT & VALUE PROP	ENGAGEMENT & VALUE PROP	LONGTAIL	BANK_TRANSFER	58948448,79
202603	OP - CHECKOUT	ENGAGEMENT	ENGAGEMENT & VALUE PROP	ENGAGEMENT & VALUE PROP	LONGTAIL	CREDIT_CARD	47396382,35
202603	OP - CHECKOUT	ENGAGEMENT	ENGAGEMENT & VALUE PROP	ENGAGEMENT & VALUE PROP	LONGTAIL	DEBIT_CARD	1637,53
202603	OP - CHECKOUT	ENGAGEMENT	ENGAGEMENT & VALUE PROP	ENGAGEMENT & VALUE PROP	LONGTAIL	DIGITAL_CURRENCY	236362,06
202603	OP - CHECKOUT	ENGAGEMENT	ENGAGEMENT & VALUE PROP	ENGAGEMENT & VALUE PROP	LONGTAIL	TICKET	2458357,37
202603	OP - CHECKOUT	ENGAGEMENT	ENGAGEMENT & VALUE PROP	ENGAGEMENT & VALUE PROP	SMB	ACCOUNT_MONEY	3215738,62
202603	OP - CHECKOUT	ENGAGEMENT	ENGAGEMENT & VALUE PROP	ENGAGEMENT & VALUE PROP	SMB	BANK_TRANSFER	204790120,7
202603	OP - CHECKOUT	ENGAGEMENT	ENGAGEMENT & VALUE PROP	ENGAGEMENT & VALUE PROP	SMB	CREDIT_CARD	192479138,8
202603	OP - CHECKOUT	ENGAGEMENT	ENGAGEMENT & VALUE PROP	ENGAGEMENT & VALUE PROP	SMB	DEBIT_CARD	2476,15
202603	OP - CHECKOUT	ENGAGEMENT	ENGAGEMENT & VALUE PROP	ENGAGEMENT & VALUE PROP	SMB	DIGITAL_CURRENCY	484660,34
202603	OP - CHECKOUT	ENGAGEMENT	ENGAGEMENT & VALUE PROP	ENGAGEMENT & VALUE PROP	SMB	TICKET	10755204,91
202603	OP - CHECKOUT	ENGAGEMENT	ENGAGEMENT BIG SELLERS	ENGAGEMENT BIG SELLERS	BIG SELLERS	ACCOUNT_MONEY	100680130,6
202603	OP - CHECKOUT	ENGAGEMENT	ENGAGEMENT BIG SELLERS	ENGAGEMENT BIG SELLERS	BIG SELLERS	BANK_TRANSFER	1288602991
202603	OP - CHECKOUT	ENGAGEMENT	ENGAGEMENT BIG SELLERS	ENGAGEMENT BIG SELLERS	BIG SELLERS	CREDIT_CARD	1727738101
202603	OP - CHECKOUT	ENGAGEMENT	ENGAGEMENT BIG SELLERS	ENGAGEMENT BIG SELLERS	BIG SELLERS	DEBIT_CARD	31385,61
202603	OP - CHECKOUT	ENGAGEMENT	ENGAGEMENT BIG SELLERS	ENGAGEMENT BIG SELLERS	BIG SELLERS	DIGITAL_CURRENCY	1044563,08
202603	OP - CHECKOUT	ENGAGEMENT	ENGAGEMENT BIG SELLERS	ENGAGEMENT BIG SELLERS	BIG SELLERS	TICKET	59051118,21
202603	OP - LINK	ACQUISITION	CANAIS DIGITAIS	CANAIS DIGITAIS	BIG SELLERS	BANK_TRANSFER	2192
202603	OP - LINK	ACQUISITION	CANAIS DIGITAIS	CANAIS DIGITAIS	BIG SELLERS	CREDIT_CARD	273671,03
202603	OP - LINK	ACQUISITION	CANAIS DIGITAIS	CANAIS DIGITAIS	LONGTAIL	ACCOUNT_MONEY	465322,09
202603	OP - LINK	ACQUISITION	CANAIS DIGITAIS	CANAIS DIGITAIS	LONGTAIL	BANK_TRANSFER	2173913,75
202603	OP - LINK	ACQUISITION	CANAIS DIGITAIS	CANAIS DIGITAIS	LONGTAIL	CREDIT_CARD	144502858,2
202603	OP - LINK	ACQUISITION	CANAIS DIGITAIS	CANAIS DIGITAIS	LONGTAIL	DEBIT_CARD	10170,18
202603	OP - LINK	ACQUISITION	CANAIS DIGITAIS	CANAIS DIGITAIS	LONGTAIL	DIGITAL_CURRENCY	1649592,64
202603	OP - LINK	ACQUISITION	CANAIS DIGITAIS	CANAIS DIGITAIS	LONGTAIL	PREPAID_CARD	1197
202603	OP - LINK	ACQUISITION	CANAIS DIGITAIS	CANAIS DIGITAIS	LONGTAIL	TICKET	792216,7
202603	OP - LINK	ACQUISITION	CANAIS DIGITAIS	CANAIS DIGITAIS	SMB	ACCOUNT_MONEY	209213,35
202603	OP - LINK	ACQUISITION	CANAIS DIGITAIS	CANAIS DIGITAIS	SMB	BANK_TRANSFER	1671227,01
202603	OP - LINK	ACQUISITION	CANAIS DIGITAIS	CANAIS DIGITAIS	SMB	CREDIT_CARD	116881271,5
202603	OP - LINK	ACQUISITION	CANAIS DIGITAIS	CANAIS DIGITAIS	SMB	DEBIT_CARD	1156,94
202603	OP - LINK	ACQUISITION	CANAIS DIGITAIS	CANAIS DIGITAIS	SMB	DIGITAL_CURRENCY	258780,19
202603	OP - LINK	ACQUISITION	CANAIS DIGITAIS	CANAIS DIGITAIS	SMB	TICKET	1111918,85
202603	OP - LINK	ACQUISITION	CONSULTOR CERTIFICADO	CONSULTOR CERTIFICADO	LONGTAIL	ACCOUNT_MONEY	502,09
202603	OP - LINK	ACQUISITION	CONSULTOR CERTIFICADO	CONSULTOR CERTIFICADO	LONGTAIL	BANK_TRANSFER	955,77
202603	OP - LINK	ACQUISITION	CONSULTOR CERTIFICADO	CONSULTOR CERTIFICADO	LONGTAIL	CREDIT_CARD	102090,7
202603	OP - LINK	ACQUISITION	CONSULTOR CERTIFICADO	CONSULTOR CERTIFICADO	LONGTAIL	DIGITAL_CURRENCY	1300
202603	OP - LINK	ACQUISITION	CONSULTOR CERTIFICADO	CONSULTOR CERTIFICADO	SMB	ACCOUNT_MONEY	139,85
202603	OP - LINK	ACQUISITION	CONSULTOR CERTIFICADO	CONSULTOR CERTIFICADO	SMB	BANK_TRANSFER	5088
202603	OP - LINK	ACQUISITION	CONSULTOR CERTIFICADO	CONSULTOR CERTIFICADO	SMB	CREDIT_CARD	314571,96
202603	OP - LINK	ACQUISITION	CONSULTOR CERTIFICADO	CONSULTOR CERTIFICADO	SMB	DIGITAL_CURRENCY	6335
202603	OP - LINK	ACQUISITION	FDV PROPRIA	FDV PROPRIA	LONGTAIL	ACCOUNT_MONEY	10067,99
202603	OP - LINK	ACQUISITION	FDV PROPRIA	FDV PROPRIA	LONGTAIL	BANK_TRANSFER	68383,14
202603	OP - LINK	ACQUISITION	FDV PROPRIA	FDV PROPRIA	LONGTAIL	CREDIT_CARD	8979256,73
202603	OP - LINK	ACQUISITION	FDV PROPRIA	FDV PROPRIA	LONGTAIL	DIGITAL_CURRENCY	16687,13
202603	OP - LINK	ACQUISITION	FDV PROPRIA	FDV PROPRIA	LONGTAIL	TICKET	5796,21
202603	OP - LINK	ACQUISITION	FDV PROPRIA	FDV PROPRIA	SMB	ACCOUNT_MONEY	34424,82
202603	OP - LINK	ACQUISITION	FDV PROPRIA	FDV PROPRIA	SMB	BANK_TRANSFER	148733,82
202603	OP - LINK	ACQUISITION	FDV PROPRIA	FDV PROPRIA	SMB	CREDIT_CARD	19276365,53
202603	OP - LINK	ACQUISITION	FDV PROPRIA	FDV PROPRIA	SMB	DEBIT_CARD	99,9
202603	OP - LINK	ACQUISITION	FDV PROPRIA	FDV PROPRIA	SMB	DIGITAL_CURRENCY	41493,93
202603	OP - LINK	ACQUISITION	FDV PROPRIA	FDV PROPRIA	SMB	TICKET	8303,09
202603	OP - LINK	ACQUISITION	FDV TERCEIRA	FDV TERCEIRA	LONGTAIL	ACCOUNT_MONEY	9167,91
202603	OP - LINK	ACQUISITION	FDV TERCEIRA	FDV TERCEIRA	LONGTAIL	BANK_TRANSFER	46592,57
202603	OP - LINK	ACQUISITION	FDV TERCEIRA	FDV TERCEIRA	LONGTAIL	CREDIT_CARD	3920076,15
202603	OP - LINK	ACQUISITION	FDV TERCEIRA	FDV TERCEIRA	LONGTAIL	DIGITAL_CURRENCY	14274,84
202603	OP - LINK	ACQUISITION	FDV TERCEIRA	FDV TERCEIRA	LONGTAIL	TICKET	5946,25
202603	OP - LINK	ACQUISITION	FDV TERCEIRA	FDV TERCEIRA	SMB	ACCOUNT_MONEY	4355,96
202603	OP - LINK	ACQUISITION	FDV TERCEIRA	FDV TERCEIRA	SMB	BANK_TRANSFER	38686,67
202603	OP - LINK	ACQUISITION	FDV TERCEIRA	FDV TERCEIRA	SMB	CREDIT_CARD	3175291,78
202603	OP - LINK	ACQUISITION	FDV TERCEIRA	FDV TERCEIRA	SMB	DIGITAL_CURRENCY	5137,25
202603	OP - LINK	ACQUISITION	FDV TERCEIRA	FDV TERCEIRA	SMB	TICKET	200
202603	OP - LINK	ACQUISITION	HUNTING	HUNTING	BIG SELLERS	ACCOUNT_MONEY	148369,48
202603	OP - LINK	ACQUISITION	HUNTING	HUNTING	BIG SELLERS	BANK_TRANSFER	1944570,87
202603	OP - LINK	ACQUISITION	HUNTING	HUNTING	BIG SELLERS	CREDIT_CARD	15896758,91
202603	OP - LINK	ACQUISITION	HUNTING	HUNTING	BIG SELLERS	DIGITAL_CURRENCY	11105,29
202603	OP - LINK	ACQUISITION	HUNTING	HUNTING	BIG SELLERS	TICKET	6415,89
202603	OP - LINK	ACQUISITION	HUNTING	HUNTING	LONGTAIL	ACCOUNT_MONEY	650
202603	OP - LINK	ACQUISITION	HUNTING	HUNTING	LONGTAIL	BANK_TRANSFER	6423,48
202603	OP - LINK	ACQUISITION	HUNTING	HUNTING	LONGTAIL	CREDIT_CARD	40860,96
202603	OP - LINK	ACQUISITION	HUNTING	HUNTING	SMB	CREDIT_CARD	18837,92
202603	OP - LINK	ACQUISITION	HUNTING LC	HUNTING LC	BIG SELLERS	ACCOUNT_MONEY	24097,22
202603	OP - LINK	ACQUISITION	HUNTING LC	HUNTING LC	BIG SELLERS	CREDIT_CARD	1622
202603	OP - LINK	ACQUISITION	HUNTING LC	HUNTING LC	BIG SELLERS	DIGITAL_CURRENCY	85,9
202603	OP - LINK	ACQUISITION	HUNTING LC	HUNTING LC	BIG SELLERS	TICKET	97,9
202603	OP - LINK	ACQUISITION	MGM	MGM	LONGTAIL	ACCOUNT_MONEY	43269,54
202603	OP - LINK	ACQUISITION	MGM	MGM	LONGTAIL	BANK_TRANSFER	106263,27
202603	OP - LINK	ACQUISITION	MGM	MGM	LONGTAIL	CREDIT_CARD	12744545,07
202603	OP - LINK	ACQUISITION	MGM	MGM	LONGTAIL	DEBIT_CARD	157,86
202603	OP - LINK	ACQUISITION	MGM	MGM	LONGTAIL	DIGITAL_CURRENCY	96927,82
202603	OP - LINK	ACQUISITION	MGM	MGM	LONGTAIL	TICKET	66120,49
202603	OP - LINK	ACQUISITION	MGM	MGM	SMB	ACCOUNT_MONEY	4743,45
202603	OP - LINK	ACQUISITION	MGM	MGM	SMB	BANK_TRANSFER	28977,32
202603	OP - LINK	ACQUISITION	MGM	MGM	SMB	CREDIT_CARD	2725274,28
202603	OP - LINK	ACQUISITION	MGM	MGM	SMB	DIGITAL_CURRENCY	11064,96
202603	OP - LINK	ACQUISITION	MGM	MGM	SMB	TICKET	400
202603	OP - LINK	ACQUISITION	PAID	PAID	SMB	CREDIT_CARD	728
202603	OP - LINK	ACQUISITION	RESELLERS	RESELLERS	LONGTAIL	ACCOUNT_MONEY	79039,52
202603	OP - LINK	ACQUISITION	RESELLERS	RESELLERS	LONGTAIL	BANK_TRANSFER	248604,03
202603	OP - LINK	ACQUISITION	RESELLERS	RESELLERS	LONGTAIL	CREDIT_CARD	28319420,37
202603	OP - LINK	ACQUISITION	RESELLERS	RESELLERS	LONGTAIL	DEBIT_CARD	2016,68
202603	OP - LINK	ACQUISITION	RESELLERS	RESELLERS	LONGTAIL	DIGITAL_CURRENCY	398421,93
202603	OP - LINK	ACQUISITION	RESELLERS	RESELLERS	LONGTAIL	TICKET	58607,91
202603	OP - LINK	ACQUISITION	RESELLERS	RESELLERS	SMB	ACCOUNT_MONEY	11120,22
202603	OP - LINK	ACQUISITION	RESELLERS	RESELLERS	SMB	BANK_TRANSFER	50224,54
202603	OP - LINK	ACQUISITION	RESELLERS	RESELLERS	SMB	CREDIT_CARD	5208167,39
202603	OP - LINK	ACQUISITION	RESELLERS	RESELLERS	SMB	DIGITAL_CURRENCY	28340,66
202603	OP - LINK	ACQUISITION	RESELLERS	RESELLERS	SMB	TICKET	368
202603	OP - LINK	ACQUISITION	TELESALES_FARMING	TELESALES_FARMING	LONGTAIL	ACCOUNT_MONEY	110
202603	OP - LINK	ACQUISITION	TELESALES_FARMING	TELESALES_FARMING	LONGTAIL	BANK_TRANSFER	4135,7
202603	OP - LINK	ACQUISITION	TELESALES_FARMING	TELESALES_FARMING	LONGTAIL	CREDIT_CARD	97366,45
202603	OP - LINK	ACQUISITION	TELESALES_FARMING	TELESALES_FARMING	LONGTAIL	DIGITAL_CURRENCY	1986
202603	OP - LINK	ACQUISITION	TELESALES_FARMING	TELESALES_FARMING	SMB	ACCOUNT_MONEY	620
202603	OP - LINK	ACQUISITION	TELESALES_FARMING	TELESALES_FARMING	SMB	CREDIT_CARD	39119,74
202603	OP - LINK	ACQUISITION	TELEVENDAS	TELEVENDAS	LONGTAIL	ACCOUNT_MONEY	3183
202603	OP - LINK	ACQUISITION	TELEVENDAS	TELEVENDAS	LONGTAIL	BANK_TRANSFER	18082,03
202603	OP - LINK	ACQUISITION	TELEVENDAS	TELEVENDAS	LONGTAIL	CREDIT_CARD	1764364,47
202603	OP - LINK	ACQUISITION	TELEVENDAS	TELEVENDAS	LONGTAIL	DIGITAL_CURRENCY	8866,79
202603	OP - LINK	ACQUISITION	TELEVENDAS	TELEVENDAS	LONGTAIL	TICKET	44
202603	OP - LINK	ACQUISITION	TELEVENDAS	TELEVENDAS	SMB	ACCOUNT_MONEY	7473,7
202603	OP - LINK	ACQUISITION	TELEVENDAS	TELEVENDAS	SMB	BANK_TRANSFER	61089,59
202603	OP - LINK	ACQUISITION	TELEVENDAS	TELEVENDAS	SMB	CREDIT_CARD	805889,33
202603	OP - LINK	ACQUISITION	TELEVENDAS	TELEVENDAS	SMB	DIGITAL_CURRENCY	846,2
202603	OP - LINK	ACQUISITION	TELEVENDAS	TELEVENDAS	SMB	TICKET	300
202603	OP - LINK	ENGAGEMENT	ENGAGEMENT & VALUE PROP	ENGAGEMENT & VALUE PROP	LONGTAIL	ACCOUNT_MONEY	2145670,94
202603	OP - LINK	ENGAGEMENT	ENGAGEMENT & VALUE PROP	ENGAGEMENT & VALUE PROP	LONGTAIL	BANK_TRANSFER	7840250,4
202603	OP - LINK	ENGAGEMENT	ENGAGEMENT & VALUE PROP	ENGAGEMENT & VALUE PROP	LONGTAIL	CREDIT_CARD	680436758,2
202603	OP - LINK	ENGAGEMENT	ENGAGEMENT & VALUE PROP	ENGAGEMENT & VALUE PROP	LONGTAIL	DEBIT_CARD	19046,85
202603	OP - LINK	ENGAGEMENT	ENGAGEMENT & VALUE PROP	ENGAGEMENT & VALUE PROP	LONGTAIL	DIGITAL_CURRENCY	4025800,97
202603	OP - LINK	ENGAGEMENT	ENGAGEMENT & VALUE PROP	ENGAGEMENT & VALUE PROP	LONGTAIL	TICKET	2141976,47
202603	OP - LINK	ENGAGEMENT	ENGAGEMENT & VALUE PROP	ENGAGEMENT & VALUE PROP	SMB	ACCOUNT_MONEY	2502459,65
202603	OP - LINK	ENGAGEMENT	ENGAGEMENT & VALUE PROP	ENGAGEMENT & VALUE PROP	SMB	BANK_TRANSFER	12459135,85
202603	OP - LINK	ENGAGEMENT	ENGAGEMENT & VALUE PROP	ENGAGEMENT & VALUE PROP	SMB	CREDIT_CARD	689682950,8
202603	OP - LINK	ENGAGEMENT	ENGAGEMENT & VALUE PROP	ENGAGEMENT & VALUE PROP	SMB	DEBIT_CARD	7871,42
202603	OP - LINK	ENGAGEMENT	ENGAGEMENT & VALUE PROP	ENGAGEMENT & VALUE PROP	SMB	DIGITAL_CURRENCY	1366377,55
202603	OP - LINK	ENGAGEMENT	ENGAGEMENT & VALUE PROP	ENGAGEMENT & VALUE PROP	SMB	TICKET	3190900,7
202603	OP - LINK	ENGAGEMENT	ENGAGEMENT BIG SELLERS	ENGAGEMENT BIG SELLERS	BIG SELLERS	ACCOUNT_MONEY	692816,7
202603	OP - LINK	ENGAGEMENT	ENGAGEMENT BIG SELLERS	ENGAGEMENT BIG SELLERS	BIG SELLERS	BANK_TRANSFER	6749371,26
202603	OP - LINK	ENGAGEMENT	ENGAGEMENT BIG SELLERS	ENGAGEMENT BIG SELLERS	BIG SELLERS	CREDIT_CARD	105422175,1
202603	OP - LINK	ENGAGEMENT	ENGAGEMENT BIG SELLERS	ENGAGEMENT BIG SELLERS	BIG SELLERS	DEBIT_CARD	20
202603	OP - LINK	ENGAGEMENT	ENGAGEMENT BIG SELLERS	ENGAGEMENT BIG SELLERS	BIG SELLERS	DIGITAL_CURRENCY	112472,62
202603	OP - LINK	ENGAGEMENT	ENGAGEMENT BIG SELLERS	ENGAGEMENT BIG SELLERS	BIG SELLERS	TICKET	1089201,99
202603	OP - OTHERS	ACQUISITION	HUNTING	HUNTING	BIG SELLERS	CREDIT_CARD	2252,76
202603	OP - OTHERS	ACQUISITION	HUNTING	HUNTING	BIG SELLERS	TICKET	120918,85
202603	OP - OTHERS	ACQUISITION	PARTNERS ONLINE	PLATAFORMAS	LONGTAIL	CREDIT_CARD	34
202603	OP - OTHERS	ACQUISITION	PARTNERS ONLINE	PLATAFORMAS	LONGTAIL	TICKET	953,23
202603	OP - OTHERS	ACQUISITION	PARTNERS ONLINE	PLATAFORMAS	SMB	ACCOUNT_MONEY	638
202603	OP - OTHERS	ACQUISITION	PARTNERS ONLINE	PLATAFORMAS	SMB	CREDIT_CARD	648,7
202603	OP - OTHERS	ACQUISITION	PARTNERS ONLINE	PLATAFORMAS	SMB	TICKET	7503,43
202603	OP - OTHERS	ENGAGEMENT	ENGAGEMENT & VALUE PROP	ENGAGEMENT & VALUE PROP	LONGTAIL	ACCOUNT_MONEY	136989,99
202603	OP - OTHERS	ENGAGEMENT	ENGAGEMENT & VALUE PROP	ENGAGEMENT & VALUE PROP	LONGTAIL	BANK_TRANSFER	878367,41
202603	OP - OTHERS	ENGAGEMENT	ENGAGEMENT & VALUE PROP	ENGAGEMENT & VALUE PROP	LONGTAIL	CREDIT_CARD	1272882,8
202603	OP - OTHERS	ENGAGEMENT	ENGAGEMENT & VALUE PROP	ENGAGEMENT & VALUE PROP	LONGTAIL	DEBIT_CARD	1711,36
202603	OP - OTHERS	ENGAGEMENT	ENGAGEMENT & VALUE PROP	ENGAGEMENT & VALUE PROP	LONGTAIL	TICKET	29601514,24
202603	OP - OTHERS	ENGAGEMENT	ENGAGEMENT & VALUE PROP	ENGAGEMENT & VALUE PROP	SMB	ACCOUNT_MONEY	394178,27
202603	OP - OTHERS	ENGAGEMENT	ENGAGEMENT & VALUE PROP	ENGAGEMENT & VALUE PROP	SMB	BANK_TRANSFER	99159,16
202603	OP - OTHERS	ENGAGEMENT	ENGAGEMENT & VALUE PROP	ENGAGEMENT & VALUE PROP	SMB	CREDIT_CARD	4746882,36
202603	OP - OTHERS	ENGAGEMENT	ENGAGEMENT & VALUE PROP	ENGAGEMENT & VALUE PROP	SMB	TICKET	29246203,96
202603	OP - OTHERS	ENGAGEMENT	ENGAGEMENT BIG SELLERS	ENGAGEMENT BIG SELLERS	BIG SELLERS	ACCOUNT_MONEY	2325,73
202603	OP - OTHERS	ENGAGEMENT	ENGAGEMENT BIG SELLERS	ENGAGEMENT BIG SELLERS	BIG SELLERS	CREDIT_CARD	374153,1
202603	OP - OTHERS	ENGAGEMENT	ENGAGEMENT BIG SELLERS	ENGAGEMENT BIG SELLERS	BIG SELLERS	TICKET	686710,33
202603	POINT	ACQUISITION	BIGSELLER FARMING	BIGSELLER FARMING	LONGTAIL	CREDIT_CARD	1449,5
202603	POINT	ACQUISITION	BIGSELLER FARMING	BIGSELLER FARMING	LONGTAIL	DEBIT_CARD	1913,8
202603	POINT	ACQUISITION	CANAIS DIGITAIS	CANAIS DIGITAIS	BIG SELLERS	CREDIT_CARD	64448,93
202603	POINT	ACQUISITION	CANAIS DIGITAIS	CANAIS DIGITAIS	BIG SELLERS	DEBIT_CARD	24798,57
202603	POINT	ACQUISITION	CANAIS DIGITAIS	CANAIS DIGITAIS	LONGTAIL	CREDIT_CARD	133221075,6
202603	POINT	ACQUISITION	CANAIS DIGITAIS	CANAIS DIGITAIS	LONGTAIL	DEBIT_CARD	72447547,42
202603	POINT	ACQUISITION	CANAIS DIGITAIS	CANAIS DIGITAIS	LONGTAIL	PREPAID_CARD	1870,72
202603	POINT	ACQUISITION	CANAIS DIGITAIS	CANAIS DIGITAIS	LONGTAIL	VOUCHER_CARD	2359,4
202603	POINT	ACQUISITION	CANAIS DIGITAIS	CANAIS DIGITAIS	SMB	CREDIT_CARD	112761682,4
202603	POINT	ACQUISITION	CANAIS DIGITAIS	CANAIS DIGITAIS	SMB	DEBIT_CARD	63725144,92
202603	POINT	ACQUISITION	CANAIS DIGITAIS	CANAIS DIGITAIS	SMB	PREPAID_CARD	1262,06
202603	POINT	ACQUISITION	CANAIS DIGITAIS	CANAIS DIGITAIS	SMB	VOUCHER_CARD	12681,56
202603	POINT	ACQUISITION	CONSULTOR CERTIFICADO	CONSULTOR CERTIFICADO	LONGTAIL	CREDIT_CARD	765239,84
202603	POINT	ACQUISITION	CONSULTOR CERTIFICADO	CONSULTOR CERTIFICADO	LONGTAIL	DEBIT_CARD	708774,89
202603	POINT	ACQUISITION	CONSULTOR CERTIFICADO	CONSULTOR CERTIFICADO	LONGTAIL	PREPAID_CARD	11,8
202603	POINT	ACQUISITION	CONSULTOR CERTIFICADO	CONSULTOR CERTIFICADO	SMB	CREDIT_CARD	6760887,9
202603	POINT	ACQUISITION	CONSULTOR CERTIFICADO	CONSULTOR CERTIFICADO	SMB	DEBIT_CARD	4214633,53
202603	POINT	ACQUISITION	CONSULTOR CERTIFICADO	CONSULTOR CERTIFICADO	SMB	VOUCHER_CARD	91,15
202603	POINT	ACQUISITION	FDV PROPRIA	FDV PROPRIA	BIG SELLERS	CREDIT_CARD	82910,65
202603	POINT	ACQUISITION	FDV PROPRIA	FDV PROPRIA	BIG SELLERS	DEBIT_CARD	43884,59
202603	POINT	ACQUISITION	FDV PROPRIA	FDV PROPRIA	LONGTAIL	CREDIT_CARD	67979860,24
202603	POINT	ACQUISITION	FDV PROPRIA	FDV PROPRIA	LONGTAIL	DEBIT_CARD	29870656,92
202603	POINT	ACQUISITION	FDV PROPRIA	FDV PROPRIA	LONGTAIL	PREPAID_CARD	1289,29
202603	POINT	ACQUISITION	FDV PROPRIA	FDV PROPRIA	LONGTAIL	VOUCHER_CARD	1293,29
202603	POINT	ACQUISITION	FDV PROPRIA	FDV PROPRIA	SMB	CREDIT_CARD	323649512,6
202603	POINT	ACQUISITION	FDV PROPRIA	FDV PROPRIA	SMB	DEBIT_CARD	123220023,2
202603	POINT	ACQUISITION	FDV PROPRIA	FDV PROPRIA	SMB	PREPAID_CARD	5005,38
202603	POINT	ACQUISITION	FDV PROPRIA	FDV PROPRIA	SMB	VOUCHER_CARD	1567,71
202603	POINT	ACQUISITION	FDV TERCEIRA	FDV TERCEIRA	LONGTAIL	CREDIT_CARD	22272560,23
202603	POINT	ACQUISITION	FDV TERCEIRA	FDV TERCEIRA	LONGTAIL	DEBIT_CARD	10277220,95
202603	POINT	ACQUISITION	FDV TERCEIRA	FDV TERCEIRA	LONGTAIL	PREPAID_CARD	80
202603	POINT	ACQUISITION	FDV TERCEIRA	FDV TERCEIRA	LONGTAIL	VOUCHER_CARD	30
202603	POINT	ACQUISITION	FDV TERCEIRA	FDV TERCEIRA	SMB	CREDIT_CARD	39499713,97
202603	POINT	ACQUISITION	FDV TERCEIRA	FDV TERCEIRA	SMB	DEBIT_CARD	16035092,93
202603	POINT	ACQUISITION	FDV TERCEIRA	FDV TERCEIRA	SMB	PREPAID_CARD	73,8
202603	POINT	ACQUISITION	FDV TERCEIRA	FDV TERCEIRA	SMB	VOUCHER_CARD	133,4
202603	POINT	ACQUISITION	HUNTING	HUNTING	BIG SELLERS	CREDIT_CARD	139698355,2
202603	POINT	ACQUISITION	HUNTING	HUNTING	BIG SELLERS	DEBIT_CARD	15449911,89
202603	POINT	ACQUISITION	HUNTING	HUNTING	BIG SELLERS	PREPAID_CARD	700,91
202603	POINT	ACQUISITION	HUNTING	HUNTING	BIG SELLERS	VOUCHER_CARD	375,71
202603	POINT	ACQUISITION	HUNTING	HUNTING	LONGTAIL	CREDIT_CARD	7401,83
202603	POINT	ACQUISITION	HUNTING	HUNTING	LONGTAIL	DEBIT_CARD	2931,51
202603	POINT	ACQUISITION	HUNTING	HUNTING	SMB	CREDIT_CARD	416362,74
202603	POINT	ACQUISITION	HUNTING	HUNTING	SMB	DEBIT_CARD	102761,68
202603	POINT	ACQUISITION	HUNTING LC	HUNTING LC	BIG SELLERS	CREDIT_CARD	506612,94
202603	POINT	ACQUISITION	HUNTING LC	HUNTING LC	BIG SELLERS	DEBIT_CARD	14144,38
202603	POINT	ACQUISITION	MGM	MGM	LONGTAIL	CREDIT_CARD	22077837,36
202603	POINT	ACQUISITION	MGM	MGM	LONGTAIL	DEBIT_CARD	14022986,24
202603	POINT	ACQUISITION	MGM	MGM	LONGTAIL	PREPAID_CARD	235,3
202603	POINT	ACQUISITION	MGM	MGM	LONGTAIL	VOUCHER_CARD	35,5
202603	POINT	ACQUISITION	MGM	MGM	SMB	CREDIT_CARD	18742552,51
202603	POINT	ACQUISITION	MGM	MGM	SMB	DEBIT_CARD	11436154,47
202603	POINT	ACQUISITION	MGM	MGM	SMB	PREPAID_CARD	246
202603	POINT	ACQUISITION	MGM	MGM	SMB	VOUCHER_CARD	39,21
202603	POINT	ACQUISITION	PARTNERS INSTORE	PARTNERS INSTORE	LONGTAIL	CREDIT_CARD	3664,88
202603	POINT	ACQUISITION	PARTNERS INSTORE	PARTNERS INSTORE	LONGTAIL	DEBIT_CARD	1511,4
202603	POINT	ACQUISITION	PARTNERS INSTORE	PARTNERS INSTORE	SMB	CREDIT_CARD	17458,59
202603	POINT	ACQUISITION	PARTNERS INSTORE	PARTNERS INSTORE	SMB	DEBIT_CARD	40352,24
202603	POINT	ACQUISITION	RESELLERS	RESELLERS	LONGTAIL	CREDIT_CARD	16738603,94
202603	POINT	ACQUISITION	RESELLERS	RESELLERS	LONGTAIL	DEBIT_CARD	14638895,69
202603	POINT	ACQUISITION	RESELLERS	RESELLERS	LONGTAIL	PREPAID_CARD	550,59
202603	POINT	ACQUISITION	RESELLERS	RESELLERS	LONGTAIL	VOUCHER_CARD	98,94
202603	POINT	ACQUISITION	RESELLERS	RESELLERS	SMB	CREDIT_CARD	24989466,15
202603	POINT	ACQUISITION	RESELLERS	RESELLERS	SMB	DEBIT_CARD	23700968,14
202603	POINT	ACQUISITION	RESELLERS	RESELLERS	SMB	PREPAID_CARD	1183,51
202603	POINT	ACQUISITION	RESELLERS	RESELLERS	SMB	VOUCHER_CARD	689,15
202603	POINT	ACQUISITION	TELESALES_FARMING	TELESALES_FARMING	LONGTAIL	CREDIT_CARD	149142,29
202603	POINT	ACQUISITION	TELESALES_FARMING	TELESALES_FARMING	LONGTAIL	DEBIT_CARD	57084,73
202603	POINT	ACQUISITION	TELESALES_FARMING	TELESALES_FARMING	SMB	CREDIT_CARD	77864,1
202603	POINT	ACQUISITION	TELESALES_FARMING	TELESALES_FARMING	SMB	DEBIT_CARD	22273,11
202603	POINT	ACQUISITION	TELEVENDAS	TELEVENDAS	LONGTAIL	CREDIT_CARD	6965178,97
202603	POINT	ACQUISITION	TELEVENDAS	TELEVENDAS	LONGTAIL	DEBIT_CARD	3795968,75
202603	POINT	ACQUISITION	TELEVENDAS	TELEVENDAS	LONGTAIL	PREPAID_CARD	24
202603	POINT	ACQUISITION	TELEVENDAS	TELEVENDAS	LONGTAIL	VOUCHER_CARD	123,9
202603	POINT	ACQUISITION	TELEVENDAS	TELEVENDAS	SMB	CREDIT_CARD	11542029,75
202603	POINT	ACQUISITION	TELEVENDAS	TELEVENDAS	SMB	DEBIT_CARD	5384481,58
202603	POINT	ACQUISITION	TELEVENDAS	TELEVENDAS	SMB	PREPAID_CARD	56,5
202603	POINT	ACQUISITION	UNKNOWN	UNKNOWN	LONGTAIL	CREDIT_CARD	2744659,04
202603	POINT	ACQUISITION	UNKNOWN	UNKNOWN	LONGTAIL	DEBIT_CARD	2246904,5
202603	POINT	ACQUISITION	UNKNOWN	UNKNOWN	LONGTAIL	PREPAID_CARD	90,7
202603	POINT	ACQUISITION	UNKNOWN	UNKNOWN	LONGTAIL	VOUCHER_CARD	39,3
202603	POINT	ACQUISITION	UNKNOWN	UNKNOWN	SMB	CREDIT_CARD	3156524,74
202603	POINT	ACQUISITION	UNKNOWN	UNKNOWN	SMB	DEBIT_CARD	3418116,19
202603	POINT	ACQUISITION	UNKNOWN	UNKNOWN	SMB	PREPAID_CARD	261,6
202603	POINT	ENGAGEMENT	ENGAGEMENT & VALUE PROP	ENGAGEMENT & VALUE PROP	LONGTAIL	CREDIT_CARD	2941956340
202603	POINT	ENGAGEMENT	ENGAGEMENT & VALUE PROP	ENGAGEMENT & VALUE PROP	LONGTAIL	DEBIT_CARD	1707483462
202603	POINT	ENGAGEMENT	ENGAGEMENT & VALUE PROP	ENGAGEMENT & VALUE PROP	LONGTAIL	PREPAID_CARD	52687,36
202603	POINT	ENGAGEMENT	ENGAGEMENT & VALUE PROP	ENGAGEMENT & VALUE PROP	LONGTAIL	VOUCHER_CARD	31511,53
202603	POINT	ENGAGEMENT	ENGAGEMENT & VALUE PROP	ENGAGEMENT & VALUE PROP	SMB	ACCOUNT_MONEY	8618025
202603	POINT	ENGAGEMENT	ENGAGEMENT & VALUE PROP	ENGAGEMENT & VALUE PROP	SMB	CREDIT_CARD	3047440324
202603	POINT	ENGAGEMENT	ENGAGEMENT & VALUE PROP	ENGAGEMENT & VALUE PROP	SMB	DEBIT_CARD	2285269649
202603	POINT	ENGAGEMENT	ENGAGEMENT & VALUE PROP	ENGAGEMENT & VALUE PROP	SMB	PREPAID_CARD	66686,62
202603	POINT	ENGAGEMENT	ENGAGEMENT & VALUE PROP	ENGAGEMENT & VALUE PROP	SMB	VOUCHER_CARD	57198,09
202603	POINT	ENGAGEMENT	ENGAGEMENT BIG SELLERS	ENGAGEMENT BIG SELLERS	BIG SELLERS	CREDIT_CARD	128829976,4
202603	POINT	ENGAGEMENT	ENGAGEMENT BIG SELLERS	ENGAGEMENT BIG SELLERS	BIG SELLERS	DEBIT_CARD	43351306,86
202603	POINT	ENGAGEMENT	ENGAGEMENT BIG SELLERS	ENGAGEMENT BIG SELLERS	BIG SELLERS	PREPAID_CARD	277,96
202603	POINT	ENGAGEMENT	ENGAGEMENT BIG SELLERS	ENGAGEMENT BIG SELLERS	BIG SELLERS	VOUCHER_CARD	1285,29
202603	QR	ACQUISITION	CANAIS DIGITAIS	CANAIS DIGITAIS	BIG SELLERS	BANK_TRANSFER	4027,19
202603	QR	ACQUISITION	CANAIS DIGITAIS	CANAIS DIGITAIS	LONGTAIL	ACCOUNT_MONEY	11172133,13
202603	QR	ACQUISITION	CANAIS DIGITAIS	CANAIS DIGITAIS	LONGTAIL	BANK_TRANSFER	71634554,03
202603	QR	ACQUISITION	CANAIS DIGITAIS	CANAIS DIGITAIS	LONGTAIL	CREDIT_CARD	889020,46
202603	QR	ACQUISITION	CANAIS DIGITAIS	CANAIS DIGITAIS	LONGTAIL	DIGITAL_CURRENCY	1534558,02
202603	QR	ACQUISITION	CANAIS DIGITAIS	CANAIS DIGITAIS	SMB	ACCOUNT_MONEY	65057272,96
202603	QR	ACQUISITION	CANAIS DIGITAIS	CANAIS DIGITAIS	SMB	BANK_TRANSFER	81729638,68
202603	QR	ACQUISITION	CANAIS DIGITAIS	CANAIS DIGITAIS	SMB	CREDIT_CARD	157121,39
202603	QR	ACQUISITION	CANAIS DIGITAIS	CANAIS DIGITAIS	SMB	DIGITAL_CURRENCY	105846,41
202603	QR	ACQUISITION	CONSULTOR CERTIFICADO	CONSULTOR CERTIFICADO	LONGTAIL	ACCOUNT_MONEY	440
202603	QR	ACQUISITION	CONSULTOR CERTIFICADO	CONSULTOR CERTIFICADO	LONGTAIL	BANK_TRANSFER	53415,37
202603	QR	ACQUISITION	CONSULTOR CERTIFICADO	CONSULTOR CERTIFICADO	SMB	ACCOUNT_MONEY	126
202603	QR	ACQUISITION	CONSULTOR CERTIFICADO	CONSULTOR CERTIFICADO	SMB	BANK_TRANSFER	126533,88
202603	QR	ACQUISITION	FDV PROPRIA	FDV PROPRIA	LONGTAIL	ACCOUNT_MONEY	19218,24
202603	QR	ACQUISITION	FDV PROPRIA	FDV PROPRIA	LONGTAIL	BANK_TRANSFER	582717,25
202603	QR	ACQUISITION	FDV PROPRIA	FDV PROPRIA	LONGTAIL	CREDIT_CARD	143
202603	QR	ACQUISITION	FDV PROPRIA	FDV PROPRIA	LONGTAIL	DIGITAL_CURRENCY	96,45
202603	QR	ACQUISITION	FDV PROPRIA	FDV PROPRIA	SMB	ACCOUNT_MONEY	14491,57
202603	QR	ACQUISITION	FDV PROPRIA	FDV PROPRIA	SMB	BANK_TRANSFER	2943375,92
202603	QR	ACQUISITION	FDV PROPRIA	FDV PROPRIA	SMB	CREDIT_CARD	2685,25
202603	QR	ACQUISITION	FDV PROPRIA	FDV PROPRIA	SMB	DIGITAL_CURRENCY	242,87
202603	QR	ACQUISITION	FDV TERCEIRA	FDV TERCEIRA	LONGTAIL	ACCOUNT_MONEY	13665,21
202603	QR	ACQUISITION	FDV TERCEIRA	FDV TERCEIRA	LONGTAIL	BANK_TRANSFER	382934,03
202603	QR	ACQUISITION	FDV TERCEIRA	FDV TERCEIRA	LONGTAIL	CREDIT_CARD	1125,3
202603	QR	ACQUISITION	FDV TERCEIRA	FDV TERCEIRA	LONGTAIL	DIGITAL_CURRENCY	508,99
202603	QR	ACQUISITION	FDV TERCEIRA	FDV TERCEIRA	SMB	ACCOUNT_MONEY	4918
202603	QR	ACQUISITION	FDV TERCEIRA	FDV TERCEIRA	SMB	BANK_TRANSFER	599196,2
202603	QR	ACQUISITION	FDV TERCEIRA	FDV TERCEIRA	SMB	CREDIT_CARD	1646
202603	QR	ACQUISITION	HUNTING	HUNTING	BIG SELLERS	BANK_TRANSFER	423254,88
202603	QR	ACQUISITION	HUNTING	HUNTING	SMB	BANK_TRANSFER	20
202603	QR	ACQUISITION	MGM	MGM	LONGTAIL	ACCOUNT_MONEY	54131,28
202603	QR	ACQUISITION	MGM	MGM	LONGTAIL	BANK_TRANSFER	981728,21
202603	QR	ACQUISITION	MGM	MGM	LONGTAIL	CREDIT_CARD	29506,59
202603	QR	ACQUISITION	MGM	MGM	LONGTAIL	DIGITAL_CURRENCY	16328,31
202603	QR	ACQUISITION	MGM	MGM	SMB	ACCOUNT_MONEY	184615,33
202603	QR	ACQUISITION	MGM	MGM	SMB	BANK_TRANSFER	568980,12
202603	QR	ACQUISITION	MGM	MGM	SMB	CREDIT_CARD	361,48
202603	QR	ACQUISITION	MGM	MGM	SMB	DIGITAL_CURRENCY	2478
202603	QR	ACQUISITION	PARTNERS INSTORE	PARTNERS INSTORE	LONGTAIL	ACCOUNT_MONEY	900,5
202603	QR	ACQUISITION	PARTNERS INSTORE	PARTNERS INSTORE	LONGTAIL	BANK_TRANSFER	21005,71
202603	QR	ACQUISITION	PARTNERS INSTORE	PARTNERS INSTORE	SMB	BANK_TRANSFER	951,47
202603	QR	ACQUISITION	RESELLERS	RESELLERS	LONGTAIL	ACCOUNT_MONEY	383306,02
202603	QR	ACQUISITION	RESELLERS	RESELLERS	LONGTAIL	BANK_TRANSFER	2341095,38
202603	QR	ACQUISITION	RESELLERS	RESELLERS	LONGTAIL	CREDIT_CARD	27462,2
202603	QR	ACQUISITION	RESELLERS	RESELLERS	LONGTAIL	DIGITAL_CURRENCY	55027,49
202603	QR	ACQUISITION	RESELLERS	RESELLERS	SMB	ACCOUNT_MONEY	468168,21
202603	QR	ACQUISITION	RESELLERS	RESELLERS	SMB	BANK_TRANSFER	1871753,83
202603	QR	ACQUISITION	RESELLERS	RESELLERS	SMB	CREDIT_CARD	1141,75
202603	QR	ACQUISITION	RESELLERS	RESELLERS	SMB	DIGITAL_CURRENCY	1263
202603	QR	ACQUISITION	TELESALES_FARMING	TELESALES_FARMING	LONGTAIL	ACCOUNT_MONEY	355,81
202603	QR	ACQUISITION	TELESALES_FARMING	TELESALES_FARMING	LONGTAIL	BANK_TRANSFER	51617,44
202603	QR	ACQUISITION	TELESALES_FARMING	TELESALES_FARMING	LONGTAIL	CREDIT_CARD	76,75
202603	QR	ACQUISITION	TELESALES_FARMING	TELESALES_FARMING	LONGTAIL	DIGITAL_CURRENCY	350
202603	QR	ACQUISITION	TELESALES_FARMING	TELESALES_FARMING	SMB	BANK_TRANSFER	30779,98
202603	QR	ACQUISITION	TELESALES_FARMING	TELESALES_FARMING	SMB	DIGITAL_CURRENCY	200
202603	QR	ACQUISITION	TELEVENDAS	TELEVENDAS	LONGTAIL	ACCOUNT_MONEY	4643,43
202603	QR	ACQUISITION	TELEVENDAS	TELEVENDAS	LONGTAIL	BANK_TRANSFER	173836,87
202603	QR	ACQUISITION	TELEVENDAS	TELEVENDAS	LONGTAIL	CREDIT_CARD	3073,01
202603	QR	ACQUISITION	TELEVENDAS	TELEVENDAS	LONGTAIL	DIGITAL_CURRENCY	2341
202603	QR	ACQUISITION	TELEVENDAS	TELEVENDAS	SMB	ACCOUNT_MONEY	351,78
202603	QR	ACQUISITION	TELEVENDAS	TELEVENDAS	SMB	BANK_TRANSFER	275226,37
202603	QR	ENGAGEMENT	ENGAGEMENT & VALUE PROP	ENGAGEMENT & VALUE PROP	LONGTAIL	ACCOUNT_MONEY	18070283,39
202603	QR	ENGAGEMENT	ENGAGEMENT & VALUE PROP	ENGAGEMENT & VALUE PROP	LONGTAIL	BANK_TRANSFER	285312615
202603	QR	ENGAGEMENT	ENGAGEMENT & VALUE PROP	ENGAGEMENT & VALUE PROP	LONGTAIL	CREDIT_CARD	4272827,98
202603	QR	ENGAGEMENT	ENGAGEMENT & VALUE PROP	ENGAGEMENT & VALUE PROP	LONGTAIL	DIGITAL_CURRENCY	2669011,68
202603	QR	ENGAGEMENT	ENGAGEMENT & VALUE PROP	ENGAGEMENT & VALUE PROP	SMB	ACCOUNT_MONEY	92253351,22
202603	QR	ENGAGEMENT	ENGAGEMENT & VALUE PROP	ENGAGEMENT & VALUE PROP	SMB	BANK_TRANSFER	273129573,5
202603	QR	ENGAGEMENT	ENGAGEMENT & VALUE PROP	ENGAGEMENT & VALUE PROP	SMB	CREDIT_CARD	2680116,24
202603	QR	ENGAGEMENT	ENGAGEMENT & VALUE PROP	ENGAGEMENT & VALUE PROP	SMB	DIGITAL_CURRENCY	193851,1
202603	QR	ENGAGEMENT	ENGAGEMENT BIG SELLERS	ENGAGEMENT BIG SELLERS	BIG SELLERS	ACCOUNT_MONEY	26773914,55
202603	QR	ENGAGEMENT	ENGAGEMENT BIG SELLERS	ENGAGEMENT BIG SELLERS	BIG SELLERS	BANK_TRANSFER	233164310,3
202603	QR	ENGAGEMENT	ENGAGEMENT BIG SELLERS	ENGAGEMENT BIG SELLERS	BIG SELLERS	CREDIT_CARD	16660021,48
202603	QR	ENGAGEMENT	ENGAGEMENT BIG SELLERS	ENGAGEMENT BIG SELLERS	BIG SELLERS	DIGITAL_CURRENCY	363537,12
202603	QR FROM POINT	ACQUISITION	BIGSELLER FARMING	BIGSELLER FARMING	LONGTAIL	ACCOUNT_MONEY	242,2
202603	QR FROM POINT	ACQUISITION	BIGSELLER FARMING	BIGSELLER FARMING	LONGTAIL	BANK_TRANSFER	2540,14
202603	QR FROM POINT	ACQUISITION	BIGSELLER FARMING	BIGSELLER FARMING	SMB	ACCOUNT_MONEY	650,8
202603	QR FROM POINT	ACQUISITION	BIGSELLER FARMING	BIGSELLER FARMING	SMB	BANK_TRANSFER	8401,69
202603	QR FROM POINT	ACQUISITION	BIGSELLER FARMING	BIGSELLER FARMING	SMB	CREDIT_CARD	93,75
202603	QR FROM POINT	ACQUISITION	CANAIS DIGITAIS	CANAIS DIGITAIS	BIG SELLERS	ACCOUNT_MONEY	579,87
202603	QR FROM POINT	ACQUISITION	CANAIS DIGITAIS	CANAIS DIGITAIS	BIG SELLERS	BANK_TRANSFER	788,35
202603	QR FROM POINT	ACQUISITION	CANAIS DIGITAIS	CANAIS DIGITAIS	LONGTAIL	ACCOUNT_MONEY	5781005,83
202603	QR FROM POINT	ACQUISITION	CANAIS DIGITAIS	CANAIS DIGITAIS	LONGTAIL	BANK_TRANSFER	67120979,84
202603	QR FROM POINT	ACQUISITION	CANAIS DIGITAIS	CANAIS DIGITAIS	LONGTAIL	CREDIT_CARD	229596,83
202603	QR FROM POINT	ACQUISITION	CANAIS DIGITAIS	CANAIS DIGITAIS	LONGTAIL	DIGITAL_CURRENCY	128363,16
202603	QR FROM POINT	ACQUISITION	CANAIS DIGITAIS	CANAIS DIGITAIS	SMB	ACCOUNT_MONEY	7584091,61
202603	QR FROM POINT	ACQUISITION	CANAIS DIGITAIS	CANAIS DIGITAIS	SMB	BANK_TRANSFER	79778085,69
202603	QR FROM POINT	ACQUISITION	CANAIS DIGITAIS	CANAIS DIGITAIS	SMB	CREDIT_CARD	206552,24
202603	QR FROM POINT	ACQUISITION	CANAIS DIGITAIS	CANAIS DIGITAIS	SMB	DIGITAL_CURRENCY	60702,69
202603	QR FROM POINT	ACQUISITION	CONSULTOR CERTIFICADO	CONSULTOR CERTIFICADO	LONGTAIL	ACCOUNT_MONEY	96822,56
202603	QR FROM POINT	ACQUISITION	CONSULTOR CERTIFICADO	CONSULTOR CERTIFICADO	LONGTAIL	BANK_TRANSFER	1040616,53
202603	QR FROM POINT	ACQUISITION	CONSULTOR CERTIFICADO	CONSULTOR CERTIFICADO	LONGTAIL	CREDIT_CARD	1864,1
202603	QR FROM POINT	ACQUISITION	CONSULTOR CERTIFICADO	CONSULTOR CERTIFICADO	LONGTAIL	DIGITAL_CURRENCY	1251,26
202603	QR FROM POINT	ACQUISITION	CONSULTOR CERTIFICADO	CONSULTOR CERTIFICADO	SMB	ACCOUNT_MONEY	409084,05
202603	QR FROM POINT	ACQUISITION	CONSULTOR CERTIFICADO	CONSULTOR CERTIFICADO	SMB	BANK_TRANSFER	4441682,98
202603	QR FROM POINT	ACQUISITION	CONSULTOR CERTIFICADO	CONSULTOR CERTIFICADO	SMB	CREDIT_CARD	10609,74
202603	QR FROM POINT	ACQUISITION	CONSULTOR CERTIFICADO	CONSULTOR CERTIFICADO	SMB	DIGITAL_CURRENCY	7451,52
202603	QR FROM POINT	ACQUISITION	FDV PROPRIA	FDV PROPRIA	BIG SELLERS	ACCOUNT_MONEY	2930,9
202603	QR FROM POINT	ACQUISITION	FDV PROPRIA	FDV PROPRIA	BIG SELLERS	BANK_TRANSFER	32683,37
202603	QR FROM POINT	ACQUISITION	FDV PROPRIA	FDV PROPRIA	BIG SELLERS	CREDIT_CARD	188,44
202603	QR FROM POINT	ACQUISITION	FDV PROPRIA	FDV PROPRIA	LONGTAIL	ACCOUNT_MONEY	1262696,48
202603	QR FROM POINT	ACQUISITION	FDV PROPRIA	FDV PROPRIA	LONGTAIL	BANK_TRANSFER	14630186,84
202603	QR FROM POINT	ACQUISITION	FDV PROPRIA	FDV PROPRIA	LONGTAIL	CREDIT_CARD	45690,76
202603	QR FROM POINT	ACQUISITION	FDV PROPRIA	FDV PROPRIA	LONGTAIL	DIGITAL_CURRENCY	17191,3
202603	QR FROM POINT	ACQUISITION	FDV PROPRIA	FDV PROPRIA	SMB	ACCOUNT_MONEY	7325600,82
202603	QR FROM POINT	ACQUISITION	FDV PROPRIA	FDV PROPRIA	SMB	BANK_TRANSFER	78946707,61
202603	QR FROM POINT	ACQUISITION	FDV PROPRIA	FDV PROPRIA	SMB	CREDIT_CARD	182663,68
202603	QR FROM POINT	ACQUISITION	FDV PROPRIA	FDV PROPRIA	SMB	DIGITAL_CURRENCY	41155,75
202603	QR FROM POINT	ACQUISITION	FDV TERCEIRA	FDV TERCEIRA	LONGTAIL	ACCOUNT_MONEY	1194277,99
202603	QR FROM POINT	ACQUISITION	FDV TERCEIRA	FDV TERCEIRA	LONGTAIL	BANK_TRANSFER	11457898,54
202603	QR FROM POINT	ACQUISITION	FDV TERCEIRA	FDV TERCEIRA	LONGTAIL	CREDIT_CARD	38536
202603	QR FROM POINT	ACQUISITION	FDV TERCEIRA	FDV TERCEIRA	LONGTAIL	DIGITAL_CURRENCY	16093,19
202603	QR FROM POINT	ACQUISITION	FDV TERCEIRA	FDV TERCEIRA	SMB	ACCOUNT_MONEY	2331389,22
202603	QR FROM POINT	ACQUISITION	FDV TERCEIRA	FDV TERCEIRA	SMB	BANK_TRANSFER	19608848,6
202603	QR FROM POINT	ACQUISITION	FDV TERCEIRA	FDV TERCEIRA	SMB	CREDIT_CARD	49250,25
202603	QR FROM POINT	ACQUISITION	FDV TERCEIRA	FDV TERCEIRA	SMB	DIGITAL_CURRENCY	10218,19
202603	QR FROM POINT	ACQUISITION	HUNTING	HUNTING	BIG SELLERS	ACCOUNT_MONEY	2347513,83
202603	QR FROM POINT	ACQUISITION	HUNTING	HUNTING	BIG SELLERS	BANK_TRANSFER	24401573,92
202603	QR FROM POINT	ACQUISITION	HUNTING	HUNTING	BIG SELLERS	CREDIT_CARD	29513,12
202603	QR FROM POINT	ACQUISITION	HUNTING	HUNTING	BIG SELLERS	DIGITAL_CURRENCY	4979,11
202603	QR FROM POINT	ACQUISITION	HUNTING	HUNTING	LONGTAIL	ACCOUNT_MONEY	1333,75
202603	QR FROM POINT	ACQUISITION	HUNTING	HUNTING	LONGTAIL	BANK_TRANSFER	13646,2
202603	QR FROM POINT	ACQUISITION	HUNTING	HUNTING	LONGTAIL	CREDIT_CARD	37
202603	QR FROM POINT	ACQUISITION	HUNTING	HUNTING	SMB	ACCOUNT_MONEY	84496,48
202603	QR FROM POINT	ACQUISITION	HUNTING	HUNTING	SMB	BANK_TRANSFER	355294,18
202603	QR FROM POINT	ACQUISITION	HUNTING	HUNTING	SMB	CREDIT_CARD	155,1
202603	QR FROM POINT	ACQUISITION	HUNTING	HUNTING	SMB	DIGITAL_CURRENCY	42
202603	QR FROM POINT	ACQUISITION	HUNTING LC	HUNTING LC	BIG SELLERS	ACCOUNT_MONEY	246842,57
202603	QR FROM POINT	ACQUISITION	HUNTING LC	HUNTING LC	BIG SELLERS	BANK_TRANSFER	190368,66
202603	QR FROM POINT	ACQUISITION	LANDING	LANDING	LONGTAIL	BANK_TRANSFER	262
202603	QR FROM POINT	ACQUISITION	MGM	MGM	LONGTAIL	ACCOUNT_MONEY	1219063,22
202603	QR FROM POINT	ACQUISITION	MGM	MGM	LONGTAIL	BANK_TRANSFER	14001760,86
202603	QR FROM POINT	ACQUISITION	MGM	MGM	LONGTAIL	CREDIT_CARD	44465,31
202603	QR FROM POINT	ACQUISITION	MGM	MGM	LONGTAIL	DIGITAL_CURRENCY	29171,5
202603	QR FROM POINT	ACQUISITION	MGM	MGM	SMB	ACCOUNT_MONEY	1446209,68
202603	QR FROM POINT	ACQUISITION	MGM	MGM	SMB	BANK_TRANSFER	12523813,17
202603	QR FROM POINT	ACQUISITION	MGM	MGM	SMB	CREDIT_CARD	36032,01
202603	QR FROM POINT	ACQUISITION	MGM	MGM	SMB	DIGITAL_CURRENCY	10123,81
202603	QR FROM POINT	ACQUISITION	PAID	PAID	LONGTAIL	BANK_TRANSFER	295,5
202603	QR FROM POINT	ACQUISITION	PARTNERS INSTORE	PARTNERS INSTORE	LONGTAIL	ACCOUNT_MONEY	18231,15
202603	QR FROM POINT	ACQUISITION	PARTNERS INSTORE	PARTNERS INSTORE	LONGTAIL	BANK_TRANSFER	248305,63
202603	QR FROM POINT	ACQUISITION	PARTNERS INSTORE	PARTNERS INSTORE	LONGTAIL	CREDIT_CARD	3029,85
202603	QR FROM POINT	ACQUISITION	PARTNERS INSTORE	PARTNERS INSTORE	LONGTAIL	DIGITAL_CURRENCY	3087
202603	QR FROM POINT	ACQUISITION	PARTNERS INSTORE	PARTNERS INSTORE	SMB	ACCOUNT_MONEY	68521,07
202603	QR FROM POINT	ACQUISITION	PARTNERS INSTORE	PARTNERS INSTORE	SMB	BANK_TRANSFER	466331,62
202603	QR FROM POINT	ACQUISITION	PARTNERS INSTORE	PARTNERS INSTORE	SMB	CREDIT_CARD	1590,48
202603	QR FROM POINT	ACQUISITION	PARTNERS INSTORE	PARTNERS INSTORE	SMB	DIGITAL_CURRENCY	719,04
202603	QR FROM POINT	ACQUISITION	RESELLERS	RESELLERS	LONGTAIL	ACCOUNT_MONEY	1628323,71
202603	QR FROM POINT	ACQUISITION	RESELLERS	RESELLERS	LONGTAIL	BANK_TRANSFER	18408657,84
202603	QR FROM POINT	ACQUISITION	RESELLERS	RESELLERS	LONGTAIL	CREDIT_CARD	70681,5
202603	QR FROM POINT	ACQUISITION	RESELLERS	RESELLERS	LONGTAIL	DIGITAL_CURRENCY	66574,7
202603	QR FROM POINT	ACQUISITION	RESELLERS	RESELLERS	SMB	ACCOUNT_MONEY	2478867,06
202603	QR FROM POINT	ACQUISITION	RESELLERS	RESELLERS	SMB	BANK_TRANSFER	25832361,51
202603	QR FROM POINT	ACQUISITION	RESELLERS	RESELLERS	SMB	CREDIT_CARD	65993,6
202603	QR FROM POINT	ACQUISITION	RESELLERS	RESELLERS	SMB	DIGITAL_CURRENCY	20063,42
202603	QR FROM POINT	ACQUISITION	TELESALES_FARMING	TELESALES_FARMING	LONGTAIL	ACCOUNT_MONEY	67964,27
202603	QR FROM POINT	ACQUISITION	TELESALES_FARMING	TELESALES_FARMING	LONGTAIL	BANK_TRANSFER	820006,91
202603	QR FROM POINT	ACQUISITION	TELESALES_FARMING	TELESALES_FARMING	LONGTAIL	CREDIT_CARD	1713,39
202603	QR FROM POINT	ACQUISITION	TELESALES_FARMING	TELESALES_FARMING	LONGTAIL	DIGITAL_CURRENCY	2155,5
202603	QR FROM POINT	ACQUISITION	TELESALES_FARMING	TELESALES_FARMING	SMB	ACCOUNT_MONEY	62788,5
202603	QR FROM POINT	ACQUISITION	TELESALES_FARMING	TELESALES_FARMING	SMB	BANK_TRANSFER	683234,27
202603	QR FROM POINT	ACQUISITION	TELESALES_FARMING	TELESALES_FARMING	SMB	CREDIT_CARD	1549,49
202603	QR FROM POINT	ACQUISITION	TELESALES_FARMING	TELESALES_FARMING	SMB	DIGITAL_CURRENCY	580,03
202603	QR FROM POINT	ACQUISITION	TELEVENDAS	TELEVENDAS	LONGTAIL	ACCOUNT_MONEY	218058,48
202603	QR FROM POINT	ACQUISITION	TELEVENDAS	TELEVENDAS	LONGTAIL	BANK_TRANSFER	2884047,88
202603	QR FROM POINT	ACQUISITION	TELEVENDAS	TELEVENDAS	LONGTAIL	CREDIT_CARD	11287,44
202603	QR FROM POINT	ACQUISITION	TELEVENDAS	TELEVENDAS	LONGTAIL	DIGITAL_CURRENCY	5199,26
202603	QR FROM POINT	ACQUISITION	TELEVENDAS	TELEVENDAS	SMB	ACCOUNT_MONEY	512766,33
202603	QR FROM POINT	ACQUISITION	TELEVENDAS	TELEVENDAS	SMB	BANK_TRANSFER	5141880,81
202603	QR FROM POINT	ACQUISITION	TELEVENDAS	TELEVENDAS	SMB	CREDIT_CARD	14161,16
202603	QR FROM POINT	ACQUISITION	TELEVENDAS	TELEVENDAS	SMB	DIGITAL_CURRENCY	2692,33
202603	QR FROM POINT	ENGAGEMENT	ENGAGEMENT & VALUE PROP	ENGAGEMENT & VALUE PROP	LONGTAIL	ACCOUNT_MONEY	59166235,69
202603	QR FROM POINT	ENGAGEMENT	ENGAGEMENT & VALUE PROP	ENGAGEMENT & VALUE PROP	LONGTAIL	BANK_TRANSFER	709924040
202603	QR FROM POINT	ENGAGEMENT	ENGAGEMENT & VALUE PROP	ENGAGEMENT & VALUE PROP	LONGTAIL	CREDIT_CARD	2086809,66
202603	QR FROM POINT	ENGAGEMENT	ENGAGEMENT & VALUE PROP	ENGAGEMENT & VALUE PROP	LONGTAIL	DIGITAL_CURRENCY	1101704,46
202603	QR FROM POINT	ENGAGEMENT	ENGAGEMENT & VALUE PROP	ENGAGEMENT & VALUE PROP	SMB	ACCOUNT_MONEY	136201026
202603	QR FROM POINT	ENGAGEMENT	ENGAGEMENT & VALUE PROP	ENGAGEMENT & VALUE PROP	SMB	BANK_TRANSFER	1476453111
202603	QR FROM POINT	ENGAGEMENT	ENGAGEMENT & VALUE PROP	ENGAGEMENT & VALUE PROP	SMB	CREDIT_CARD	3676653,89
202603	QR FROM POINT	ENGAGEMENT	ENGAGEMENT & VALUE PROP	ENGAGEMENT & VALUE PROP	SMB	DIGITAL_CURRENCY	1168383,29
202603	QR FROM POINT	ENGAGEMENT	ENGAGEMENT BIG SELLERS	ENGAGEMENT BIG SELLERS	BIG SELLERS	ACCOUNT_MONEY	4117654,18
202603	QR FROM POINT	ENGAGEMENT	ENGAGEMENT BIG SELLERS	ENGAGEMENT BIG SELLERS	BIG SELLERS	BANK_TRANSFER	39335794,11
202603	QR FROM POINT	ENGAGEMENT	ENGAGEMENT BIG SELLERS	ENGAGEMENT BIG SELLERS	BIG SELLERS	CREDIT_CARD	126650,86
202603	QR FROM POINT	ENGAGEMENT	ENGAGEMENT BIG SELLERS	ENGAGEMENT BIG SELLERS	BIG SELLERS	DIGITAL_CURRENCY	8701,11
202603	TAP	ACQUISITION	CANAIS DIGITAIS	CANAIS DIGITAIS	BIG SELLERS	CREDIT_CARD	3400
202603	TAP	ACQUISITION	CANAIS DIGITAIS	CANAIS DIGITAIS	LONGTAIL	CREDIT_CARD	242991431,8
202603	TAP	ACQUISITION	CANAIS DIGITAIS	CANAIS DIGITAIS	LONGTAIL	DEBIT_CARD	24143168,09
202603	TAP	ACQUISITION	CANAIS DIGITAIS	CANAIS DIGITAIS	LONGTAIL	PREPAID_CARD	366,95
202603	TAP	ACQUISITION	CANAIS DIGITAIS	CANAIS DIGITAIS	SMB	CREDIT_CARD	102948176,7
202603	TAP	ACQUISITION	CANAIS DIGITAIS	CANAIS DIGITAIS	SMB	DEBIT_CARD	4691365,73
202603	TAP	ACQUISITION	CANAIS DIGITAIS	CANAIS DIGITAIS	SMB	PREPAID_CARD	50
202603	TAP	ACQUISITION	HUNTING	HUNTING	BIG SELLERS	CREDIT_CARD	29847,37
202603	TAP	ACQUISITION	HUNTING	HUNTING	BIG SELLERS	DEBIT_CARD	7000
202603	TAP	ENGAGEMENT	ENGAGEMENT & VALUE PROP	ENGAGEMENT & VALUE PROP	LONGTAIL	CREDIT_CARD	1157947443
202603	TAP	ENGAGEMENT	ENGAGEMENT & VALUE PROP	ENGAGEMENT & VALUE PROP	LONGTAIL	DEBIT_CARD	98308001,52
202603	TAP	ENGAGEMENT	ENGAGEMENT & VALUE PROP	ENGAGEMENT & VALUE PROP	LONGTAIL	PREPAID_CARD	2231,22
202603	TAP	ENGAGEMENT	ENGAGEMENT & VALUE PROP	ENGAGEMENT & VALUE PROP	SMB	CREDIT_CARD	356103979,3
202603	TAP	ENGAGEMENT	ENGAGEMENT & VALUE PROP	ENGAGEMENT & VALUE PROP	SMB	DEBIT_CARD	15017245,27
202603	TAP	ENGAGEMENT	ENGAGEMENT & VALUE PROP	ENGAGEMENT & VALUE PROP	SMB	PREPAID_CARD	282
202603	TAP	ENGAGEMENT	ENGAGEMENT BIG SELLERS	ENGAGEMENT BIG SELLERS	BIG SELLERS	CREDIT_CARD	604005,23
202603	TAP	ENGAGEMENT	ENGAGEMENT BIG SELLERS	ENGAGEMENT BIG SELLERS	BIG SELLERS	DEBIT_CARD	14018,05
202604	OP - CHECKOUT	ACQUISITION	CANAIS DIGITAIS		LONGTAIL		2764848,46
202604	OP - CHECKOUT	ACQUISITION	CANAIS DIGITAIS		SMB		4305907,78
202604	OP - CHECKOUT	ACQUISITION	CANAIS DIGITAIS	CANAIS DIGITAIS	LONGTAIL	ACCOUNT_MONEY	617561,63
202604	OP - CHECKOUT	ACQUISITION	CANAIS DIGITAIS	CANAIS DIGITAIS	LONGTAIL	BANK_TRANSFER	10534273,91
202604	OP - CHECKOUT	ACQUISITION	CANAIS DIGITAIS	CANAIS DIGITAIS	LONGTAIL	CREDIT_CARD	3792800,06
202604	OP - CHECKOUT	ACQUISITION	CANAIS DIGITAIS	CANAIS DIGITAIS	LONGTAIL	DEBIT_CARD	612,02
202604	OP - CHECKOUT	ACQUISITION	CANAIS DIGITAIS	CANAIS DIGITAIS	LONGTAIL	DIGITAL_CURRENCY	23170,56
202604	OP - CHECKOUT	ACQUISITION	CANAIS DIGITAIS	CANAIS DIGITAIS	LONGTAIL	PREPAID_CARD	2860,42
202604	OP - CHECKOUT	ACQUISITION	CANAIS DIGITAIS	CANAIS DIGITAIS	LONGTAIL	TICKET	173581,85
202604	OP - CHECKOUT	ACQUISITION	CANAIS DIGITAIS	CANAIS DIGITAIS	SMB	ACCOUNT_MONEY	342574,98
202604	OP - CHECKOUT	ACQUISITION	CANAIS DIGITAIS	CANAIS DIGITAIS	SMB	BANK_TRANSFER	19868398,62
202604	OP - CHECKOUT	ACQUISITION	CANAIS DIGITAIS	CANAIS DIGITAIS	SMB	CREDIT_CARD	5751785,87
202604	OP - CHECKOUT	ACQUISITION	CANAIS DIGITAIS	CANAIS DIGITAIS	SMB	DEBIT_CARD	49,9
202604	OP - CHECKOUT	ACQUISITION	CANAIS DIGITAIS	CANAIS DIGITAIS	SMB	DIGITAL_CURRENCY	28510,04
202604	OP - CHECKOUT	ACQUISITION	CANAIS DIGITAIS	CANAIS DIGITAIS	SMB	PREPAID_CARD	2675,4
202604	OP - CHECKOUT	ACQUISITION	CANAIS DIGITAIS	CANAIS DIGITAIS	SMB	TICKET	421500,06
202604	OP - CHECKOUT	ACQUISITION	CONSULTOR CERTIFICADO	CONSULTOR CERTIFICADO	LONGTAIL		25,67
202604	OP - CHECKOUT	ACQUISITION	CONSULTOR CERTIFICADO	CONSULTOR CERTIFICADO	LONGTAIL	ACCOUNT_MONEY	360
202604	OP - CHECKOUT	ACQUISITION	CONSULTOR CERTIFICADO	CONSULTOR CERTIFICADO	LONGTAIL	BANK_TRANSFER	348,61
202604	OP - CHECKOUT	ACQUISITION	CONSULTOR CERTIFICADO	CONSULTOR CERTIFICADO	LONGTAIL	CREDIT_CARD	345,68
202604	OP - CHECKOUT	ACQUISITION	CONSULTOR CERTIFICADO	CONSULTOR CERTIFICADO	SMB		57,04
202604	OP - CHECKOUT	ACQUISITION	CONSULTOR CERTIFICADO	CONSULTOR CERTIFICADO	SMB	BANK_TRANSFER	951,2
202604	OP - CHECKOUT	ACQUISITION	CONSULTOR CERTIFICADO	CONSULTOR CERTIFICADO	SMB	CREDIT_CARD	590,62
202604	OP - CHECKOUT	ACQUISITION	FDV PROPRIA	FDV PROPRIA	LONGTAIL		15976,22
202604	OP - CHECKOUT	ACQUISITION	FDV PROPRIA	FDV PROPRIA	LONGTAIL	ACCOUNT_MONEY	3665
202604	OP - CHECKOUT	ACQUISITION	FDV PROPRIA	FDV PROPRIA	LONGTAIL	BANK_TRANSFER	43198,71
202604	OP - CHECKOUT	ACQUISITION	FDV PROPRIA	FDV PROPRIA	LONGTAIL	CREDIT_CARD	49447,19
202604	OP - CHECKOUT	ACQUISITION	FDV PROPRIA	FDV PROPRIA	LONGTAIL	PREPAID_CARD	128,69
202604	OP - CHECKOUT	ACQUISITION	FDV PROPRIA	FDV PROPRIA	LONGTAIL	TICKET	730
202604	OP - CHECKOUT	ACQUISITION	FDV PROPRIA	FDV PROPRIA	SMB		29570,85
202604	OP - CHECKOUT	ACQUISITION	FDV PROPRIA	FDV PROPRIA	SMB	ACCOUNT_MONEY	1369,83
202604	OP - CHECKOUT	ACQUISITION	FDV PROPRIA	FDV PROPRIA	SMB	BANK_TRANSFER	80708,09
202604	OP - CHECKOUT	ACQUISITION	FDV PROPRIA	FDV PROPRIA	SMB	CREDIT_CARD	94392,98
202604	OP - CHECKOUT	ACQUISITION	FDV PROPRIA	FDV PROPRIA	SMB	DIGITAL_CURRENCY	118,84
202604	OP - CHECKOUT	ACQUISITION	FDV PROPRIA	FDV PROPRIA	SMB	TICKET	107,9
202604	OP - CHECKOUT	ACQUISITION	FDV TERCEIRA	FDV TERCEIRA	LONGTAIL		36117,09
202604	OP - CHECKOUT	ACQUISITION	FDV TERCEIRA	FDV TERCEIRA	LONGTAIL	ACCOUNT_MONEY	8815,29
202604	OP - CHECKOUT	ACQUISITION	FDV TERCEIRA	FDV TERCEIRA	LONGTAIL	BANK_TRANSFER	160238,32
202604	OP - CHECKOUT	ACQUISITION	FDV TERCEIRA	FDV TERCEIRA	LONGTAIL	CREDIT_CARD	23299,27
202604	OP - CHECKOUT	ACQUISITION	FDV TERCEIRA	FDV TERCEIRA	LONGTAIL	DIGITAL_CURRENCY	22,8
202604	OP - CHECKOUT	ACQUISITION	FDV TERCEIRA	FDV TERCEIRA	SMB		16978,78
202604	OP - CHECKOUT	ACQUISITION	FDV TERCEIRA	FDV TERCEIRA	SMB	BANK_TRANSFER	87613,92
202604	OP - CHECKOUT	ACQUISITION	FDV TERCEIRA	FDV TERCEIRA	SMB	CREDIT_CARD	22054,71
202604	OP - CHECKOUT	ACQUISITION	HUNTING	HUNTING	BIG SELLERS		18067456,55
202604	OP - CHECKOUT	ACQUISITION	HUNTING	HUNTING	BIG SELLERS	ACCOUNT_MONEY	32635,78
202604	OP - CHECKOUT	ACQUISITION	HUNTING	HUNTING	BIG SELLERS	BANK_TRANSFER	38007832,24
202604	OP - CHECKOUT	ACQUISITION	HUNTING	HUNTING	BIG SELLERS	CREDIT_CARD	60434220,36
202604	OP - CHECKOUT	ACQUISITION	HUNTING	HUNTING	BIG SELLERS	DEBIT_CARD	9,9
202604	OP - CHECKOUT	ACQUISITION	HUNTING	HUNTING	BIG SELLERS	DIGITAL_CURRENCY	8144,87
202604	OP - CHECKOUT	ACQUISITION	HUNTING	HUNTING	BIG SELLERS	PREPAID_CARD	16361,38
202604	OP - CHECKOUT	ACQUISITION	HUNTING	HUNTING	BIG SELLERS	TICKET	532702,31
202604	OP - CHECKOUT	ACQUISITION	HUNTING	HUNTING	SMB		0
202604	OP - CHECKOUT	ACQUISITION	HUNTING	HUNTING	SMB	BANK_TRANSFER	2
202604	OP - CHECKOUT	ACQUISITION	HUNTING	HUNTING	SMB	CREDIT_CARD	3870
202604	OP - CHECKOUT	ACQUISITION	HUNTING LC	HUNTING LC	BIG SELLERS		2085819,66
202604	OP - CHECKOUT	ACQUISITION	HUNTING LC	HUNTING LC	BIG SELLERS	ACCOUNT_MONEY	173972,95
202604	OP - CHECKOUT	ACQUISITION	HUNTING LC	HUNTING LC	BIG SELLERS	BANK_TRANSFER	438705,32
202604	OP - CHECKOUT	ACQUISITION	HUNTING LC	HUNTING LC	BIG SELLERS	CREDIT_CARD	10580600,92
202604	OP - CHECKOUT	ACQUISITION	HUNTING LC	HUNTING LC	BIG SELLERS	DEBIT_CARD	6419,99
202604	OP - CHECKOUT	ACQUISITION	HUNTING LC	HUNTING LC	BIG SELLERS	DIGITAL_CURRENCY	5712,87
202604	OP - CHECKOUT	ACQUISITION	HUNTING LC	HUNTING LC	BIG SELLERS	PREPAID_CARD	83537,8
202604	OP - CHECKOUT	ACQUISITION	HUNTING LC	HUNTING LC	BIG SELLERS	TICKET	24000
202604	OP - CHECKOUT	ACQUISITION	MGM	MGM	LONGTAIL		102043,26
202604	OP - CHECKOUT	ACQUISITION	MGM	MGM	LONGTAIL	ACCOUNT_MONEY	40565,08
202604	OP - CHECKOUT	ACQUISITION	MGM	MGM	LONGTAIL	BANK_TRANSFER	361599,54
202604	OP - CHECKOUT	ACQUISITION	MGM	MGM	LONGTAIL	CREDIT_CARD	116754,04
202604	OP - CHECKOUT	ACQUISITION	MGM	MGM	LONGTAIL	DIGITAL_CURRENCY	116,88
202604	OP - CHECKOUT	ACQUISITION	MGM	MGM	LONGTAIL	PREPAID_CARD	20
202604	OP - CHECKOUT	ACQUISITION	MGM	MGM	LONGTAIL	TICKET	535
202604	OP - CHECKOUT	ACQUISITION	MGM	MGM	SMB		76070,81
202604	OP - CHECKOUT	ACQUISITION	MGM	MGM	SMB	ACCOUNT_MONEY	1505,61
202604	OP - CHECKOUT	ACQUISITION	MGM	MGM	SMB	BANK_TRANSFER	266866,35
202604	OP - CHECKOUT	ACQUISITION	MGM	MGM	SMB	CREDIT_CARD	101366,09
202604	OP - CHECKOUT	ACQUISITION	MGM	MGM	SMB	DIGITAL_CURRENCY	26,48
202604	OP - CHECKOUT	ACQUISITION	MGM	MGM	SMB	PREPAID_CARD	202,9
202604	OP - CHECKOUT	ACQUISITION	MGM	MGM	SMB	TICKET	560
202604	OP - CHECKOUT	ACQUISITION	PARTNERS ONLINE		LONGTAIL		1942900,95
202604	OP - CHECKOUT	ACQUISITION	PARTNERS ONLINE		SMB		4378166,64
202604	OP - CHECKOUT	ACQUISITION	PARTNERS ONLINE	AGENCIA	LONGTAIL	ACCOUNT_MONEY	36,97
202604	OP - CHECKOUT	ACQUISITION	PARTNERS ONLINE	AGENCIA	LONGTAIL	BANK_TRANSFER	74486,46
202604	OP - CHECKOUT	ACQUISITION	PARTNERS ONLINE	AGENCIA	LONGTAIL	CREDIT_CARD	31791,38
202604	OP - CHECKOUT	ACQUISITION	PARTNERS ONLINE	AGENCIA	LONGTAIL	TICKET	811,29
202604	OP - CHECKOUT	ACQUISITION	PARTNERS ONLINE	AGENCIA	SMB	BANK_TRANSFER	240851,55
202604	OP - CHECKOUT	ACQUISITION	PARTNERS ONLINE	AGENCIA	SMB	CREDIT_CARD	51043,71
202604	OP - CHECKOUT	ACQUISITION	PARTNERS ONLINE	DEVELOPERS	LONGTAIL	ACCOUNT_MONEY	1312,17
202604	OP - CHECKOUT	ACQUISITION	PARTNERS ONLINE	DEVELOPERS	LONGTAIL	BANK_TRANSFER	183660,57
202604	OP - CHECKOUT	ACQUISITION	PARTNERS ONLINE	DEVELOPERS	LONGTAIL	CREDIT_CARD	66008,92
202604	OP - CHECKOUT	ACQUISITION	PARTNERS ONLINE	DEVELOPERS	LONGTAIL	DIGITAL_CURRENCY	1015
202604	OP - CHECKOUT	ACQUISITION	PARTNERS ONLINE	DEVELOPERS	LONGTAIL	TICKET	515,3
202604	OP - CHECKOUT	ACQUISITION	PARTNERS ONLINE	DEVELOPERS	SMB	ACCOUNT_MONEY	1032,92
202604	OP - CHECKOUT	ACQUISITION	PARTNERS ONLINE	DEVELOPERS	SMB	BANK_TRANSFER	246406,06
202604	OP - CHECKOUT	ACQUISITION	PARTNERS ONLINE	DEVELOPERS	SMB	CREDIT_CARD	100322,88
202604	OP - CHECKOUT	ACQUISITION	PARTNERS ONLINE	DEVELOPERS	SMB	DIGITAL_CURRENCY	1071,81
202604	OP - CHECKOUT	ACQUISITION	PARTNERS ONLINE	PLATAFORMAS	LONGTAIL	ACCOUNT_MONEY	74550,14
202604	OP - CHECKOUT	ACQUISITION	PARTNERS ONLINE	PLATAFORMAS	LONGTAIL	BANK_TRANSFER	5013587,07
202604	OP - CHECKOUT	ACQUISITION	PARTNERS ONLINE	PLATAFORMAS	LONGTAIL	CREDIT_CARD	5485705,99
202604	OP - CHECKOUT	ACQUISITION	PARTNERS ONLINE	PLATAFORMAS	LONGTAIL	DEBIT_CARD	1167,86
202604	OP - CHECKOUT	ACQUISITION	PARTNERS ONLINE	PLATAFORMAS	LONGTAIL	DIGITAL_CURRENCY	25638,77
202604	OP - CHECKOUT	ACQUISITION	PARTNERS ONLINE	PLATAFORMAS	LONGTAIL	PREPAID_CARD	2116,57
202604	OP - CHECKOUT	ACQUISITION	PARTNERS ONLINE	PLATAFORMAS	LONGTAIL	TICKET	131332,96
202604	OP - CHECKOUT	ACQUISITION	PARTNERS ONLINE	PLATAFORMAS	SMB	ACCOUNT_MONEY	185522,66
202604	OP - CHECKOUT	ACQUISITION	PARTNERS ONLINE	PLATAFORMAS	SMB	BANK_TRANSFER	12305597,78
202604	OP - CHECKOUT	ACQUISITION	PARTNERS ONLINE	PLATAFORMAS	SMB	CREDIT_CARD	10898284,85
202604	OP - CHECKOUT	ACQUISITION	PARTNERS ONLINE	PLATAFORMAS	SMB	DEBIT_CARD	132
202604	OP - CHECKOUT	ACQUISITION	PARTNERS ONLINE	PLATAFORMAS	SMB	DIGITAL_CURRENCY	39744,92
202604	OP - CHECKOUT	ACQUISITION	PARTNERS ONLINE	PLATAFORMAS	SMB	PREPAID_CARD	6789,6
202604	OP - CHECKOUT	ACQUISITION	PARTNERS ONLINE	PLATAFORMAS	SMB	TICKET	228393,56
202604	OP - CHECKOUT	ACQUISITION	RESELLERS	RESELLERS	LONGTAIL		139710,63
202604	OP - CHECKOUT	ACQUISITION	RESELLERS	RESELLERS	LONGTAIL	ACCOUNT_MONEY	46697,07
202604	OP - CHECKOUT	ACQUISITION	RESELLERS	RESELLERS	LONGTAIL	BANK_TRANSFER	558407,97
202604	OP - CHECKOUT	ACQUISITION	RESELLERS	RESELLERS	LONGTAIL	CREDIT_CARD	200155,35
202604	OP - CHECKOUT	ACQUISITION	RESELLERS	RESELLERS	LONGTAIL	DIGITAL_CURRENCY	2562,92
202604	OP - CHECKOUT	ACQUISITION	RESELLERS	RESELLERS	LONGTAIL	PREPAID_CARD	59,26
202604	OP - CHECKOUT	ACQUISITION	RESELLERS	RESELLERS	LONGTAIL	TICKET	2267,07
202604	OP - CHECKOUT	ACQUISITION	RESELLERS	RESELLERS	SMB		49404,94
202604	OP - CHECKOUT	ACQUISITION	RESELLERS	RESELLERS	SMB	ACCOUNT_MONEY	963,01
202604	OP - CHECKOUT	ACQUISITION	RESELLERS	RESELLERS	SMB	BANK_TRANSFER	232147,11
202604	OP - CHECKOUT	ACQUISITION	RESELLERS	RESELLERS	SMB	CREDIT_CARD	64173,19
202604	OP - CHECKOUT	ACQUISITION	RESELLERS	RESELLERS	SMB	DIGITAL_CURRENCY	1137,56
202604	OP - CHECKOUT	ACQUISITION	RESELLERS	RESELLERS	SMB	TICKET	180
202604	OP - CHECKOUT	ACQUISITION	TELESALES_FARMING	TELESALES_FARMING	LONGTAIL		351,46
202604	OP - CHECKOUT	ACQUISITION	TELESALES_FARMING	TELESALES_FARMING	LONGTAIL	ACCOUNT_MONEY	83,2
202604	OP - CHECKOUT	ACQUISITION	TELESALES_FARMING	TELESALES_FARMING	LONGTAIL	BANK_TRANSFER	1926
202604	OP - CHECKOUT	ACQUISITION	TELESALES_FARMING	TELESALES_FARMING	LONGTAIL	CREDIT_CARD	90
202604	OP - CHECKOUT	ACQUISITION	TELESALES_FARMING	TELESALES_FARMING	SMB		0
202604	OP - CHECKOUT	ACQUISITION	TELESALES_FARMING	TELESALES_FARMING	SMB	CREDIT_CARD	70
202604	OP - CHECKOUT	ACQUISITION	TELEVENDAS	TELEVENDAS	LONGTAIL		7964,71
202604	OP - CHECKOUT	ACQUISITION	TELEVENDAS	TELEVENDAS	LONGTAIL	ACCOUNT_MONEY	133,86
202604	OP - CHECKOUT	ACQUISITION	TELEVENDAS	TELEVENDAS	LONGTAIL	BANK_TRANSFER	46723,08
202604	OP - CHECKOUT	ACQUISITION	TELEVENDAS	TELEVENDAS	LONGTAIL	CREDIT_CARD	11871,29
202604	OP - CHECKOUT	ACQUISITION	TELEVENDAS	TELEVENDAS	LONGTAIL	PREPAID_CARD	37
202604	OP - CHECKOUT	ACQUISITION	TELEVENDAS	TELEVENDAS	SMB		22384,39
202604	OP - CHECKOUT	ACQUISITION	TELEVENDAS	TELEVENDAS	SMB	ACCOUNT_MONEY	543,8
202604	OP - CHECKOUT	ACQUISITION	TELEVENDAS	TELEVENDAS	SMB	BANK_TRANSFER	111834,52
202604	OP - CHECKOUT	ACQUISITION	TELEVENDAS	TELEVENDAS	SMB	CREDIT_CARD	37819,25
202604	OP - CHECKOUT	ACQUISITION	TELEVENDAS	TELEVENDAS	SMB	DIGITAL_CURRENCY	79,9
202604	OP - CHECKOUT	ENGAGEMENT	ENGAGEMENT & VALUE PROP	ENGAGEMENT & VALUE PROP	LONGTAIL		12735268,83
202604	OP - CHECKOUT	ENGAGEMENT	ENGAGEMENT & VALUE PROP	ENGAGEMENT & VALUE PROP	LONGTAIL	ACCOUNT_MONEY	746493,41
202604	OP - CHECKOUT	ENGAGEMENT	ENGAGEMENT & VALUE PROP	ENGAGEMENT & VALUE PROP	LONGTAIL	BANK_TRANSFER	42648328
202604	OP - CHECKOUT	ENGAGEMENT	ENGAGEMENT & VALUE PROP	ENGAGEMENT & VALUE PROP	LONGTAIL	CREDIT_CARD	35808297,37
202604	OP - CHECKOUT	ENGAGEMENT	ENGAGEMENT & VALUE PROP	ENGAGEMENT & VALUE PROP	LONGTAIL	DEBIT_CARD	1208,88
202604	OP - CHECKOUT	ENGAGEMENT	ENGAGEMENT & VALUE PROP	ENGAGEMENT & VALUE PROP	LONGTAIL	DIGITAL_CURRENCY	184220,54
202604	OP - CHECKOUT	ENGAGEMENT	ENGAGEMENT & VALUE PROP	ENGAGEMENT & VALUE PROP	LONGTAIL	PREPAID_CARD	22421,59
202604	OP - CHECKOUT	ENGAGEMENT	ENGAGEMENT & VALUE PROP	ENGAGEMENT & VALUE PROP	LONGTAIL	TICKET	1328262,05
202604	OP - CHECKOUT	ENGAGEMENT	ENGAGEMENT & VALUE PROP	ENGAGEMENT & VALUE PROP	SMB		52997718,2
202604	OP - CHECKOUT	ENGAGEMENT	ENGAGEMENT & VALUE PROP	ENGAGEMENT & VALUE PROP	SMB	ACCOUNT_MONEY	2690492,81
202604	OP - CHECKOUT	ENGAGEMENT	ENGAGEMENT & VALUE PROP	ENGAGEMENT & VALUE PROP	SMB	BANK_TRANSFER	162192627,2
202604	OP - CHECKOUT	ENGAGEMENT	ENGAGEMENT & VALUE PROP	ENGAGEMENT & VALUE PROP	SMB	CREDIT_CARD	153860598,3
202604	OP - CHECKOUT	ENGAGEMENT	ENGAGEMENT & VALUE PROP	ENGAGEMENT & VALUE PROP	SMB	DEBIT_CARD	2331,13
202604	OP - CHECKOUT	ENGAGEMENT	ENGAGEMENT & VALUE PROP	ENGAGEMENT & VALUE PROP	SMB	DIGITAL_CURRENCY	379780,16
202604	OP - CHECKOUT	ENGAGEMENT	ENGAGEMENT & VALUE PROP	ENGAGEMENT & VALUE PROP	SMB	PREPAID_CARD	79788,78
202604	OP - CHECKOUT	ENGAGEMENT	ENGAGEMENT & VALUE PROP	ENGAGEMENT & VALUE PROP	SMB	TICKET	7456973,03
202604	OP - CHECKOUT	ENGAGEMENT	ENGAGEMENT BIG SELLERS	ENGAGEMENT BIG SELLERS	BIG SELLERS		531574392,4
202604	OP - CHECKOUT	ENGAGEMENT	ENGAGEMENT BIG SELLERS	ENGAGEMENT BIG SELLERS	BIG SELLERS	ACCOUNT_MONEY	86778834,88
202604	OP - CHECKOUT	ENGAGEMENT	ENGAGEMENT BIG SELLERS	ENGAGEMENT BIG SELLERS	BIG SELLERS	BANK_TRANSFER	1082831693
202604	OP - CHECKOUT	ENGAGEMENT	ENGAGEMENT BIG SELLERS	ENGAGEMENT BIG SELLERS	BIG SELLERS	CREDIT_CARD	1294232191
202604	OP - CHECKOUT	ENGAGEMENT	ENGAGEMENT BIG SELLERS	ENGAGEMENT BIG SELLERS	BIG SELLERS	DEBIT_CARD	64764,9
202604	OP - CHECKOUT	ENGAGEMENT	ENGAGEMENT BIG SELLERS	ENGAGEMENT BIG SELLERS	BIG SELLERS	DIGITAL_CURRENCY	809118,4
202604	OP - CHECKOUT	ENGAGEMENT	ENGAGEMENT BIG SELLERS	ENGAGEMENT BIG SELLERS	BIG SELLERS	PREPAID_CARD	1891106,1
202604	OP - CHECKOUT	ENGAGEMENT	ENGAGEMENT BIG SELLERS	ENGAGEMENT BIG SELLERS	BIG SELLERS	TICKET	376620178
202604	OP - LINK	ACQUISITION	BIGSELLER FARMING	BIGSELLER FARMING	LONGTAIL		0
202604	OP - LINK	ACQUISITION	BIGSELLER FARMING	BIGSELLER FARMING	LONGTAIL	CREDIT_CARD	361,4
202604	OP - LINK	ACQUISITION	CANAIS DIGITAIS		BIG SELLERS		44410,98
202604	OP - LINK	ACQUISITION	CANAIS DIGITAIS		LONGTAIL		26295991,19
202604	OP - LINK	ACQUISITION	CANAIS DIGITAIS		SMB		24248396,25
202604	OP - LINK	ACQUISITION	CANAIS DIGITAIS	CANAIS DIGITAIS	BIG SELLERS	ACCOUNT_MONEY	10
202604	OP - LINK	ACQUISITION	CANAIS DIGITAIS	CANAIS DIGITAIS	BIG SELLERS	BANK_TRANSFER	1700
202604	OP - LINK	ACQUISITION	CANAIS DIGITAIS	CANAIS DIGITAIS	BIG SELLERS	CREDIT_CARD	106918,82
202604	OP - LINK	ACQUISITION	CANAIS DIGITAIS	CANAIS DIGITAIS	LONGTAIL	ACCOUNT_MONEY	498570,32
202604	OP - LINK	ACQUISITION	CANAIS DIGITAIS	CANAIS DIGITAIS	LONGTAIL	BANK_TRANSFER	2144013,38
202604	OP - LINK	ACQUISITION	CANAIS DIGITAIS	CANAIS DIGITAIS	LONGTAIL	CREDIT_CARD	137369036
202604	OP - LINK	ACQUISITION	CANAIS DIGITAIS	CANAIS DIGITAIS	LONGTAIL	DEBIT_CARD	9371
202604	OP - LINK	ACQUISITION	CANAIS DIGITAIS	CANAIS DIGITAIS	LONGTAIL	DIGITAL_CURRENCY	1626659,16
202604	OP - LINK	ACQUISITION	CANAIS DIGITAIS	CANAIS DIGITAIS	LONGTAIL	PREPAID_CARD	277659,1
202604	OP - LINK	ACQUISITION	CANAIS DIGITAIS	CANAIS DIGITAIS	LONGTAIL	TICKET	904882,48
202604	OP - LINK	ACQUISITION	CANAIS DIGITAIS	CANAIS DIGITAIS	SMB	ACCOUNT_MONEY	202362,73
202604	OP - LINK	ACQUISITION	CANAIS DIGITAIS	CANAIS DIGITAIS	SMB	BANK_TRANSFER	1480374,75
202604	OP - LINK	ACQUISITION	CANAIS DIGITAIS	CANAIS DIGITAIS	SMB	CREDIT_CARD	112843325,7
202604	OP - LINK	ACQUISITION	CANAIS DIGITAIS	CANAIS DIGITAIS	SMB	DEBIT_CARD	3050
202604	OP - LINK	ACQUISITION	CANAIS DIGITAIS	CANAIS DIGITAIS	SMB	DIGITAL_CURRENCY	193168,44
202604	OP - LINK	ACQUISITION	CANAIS DIGITAIS	CANAIS DIGITAIS	SMB	PREPAID_CARD	59965,49
202604	OP - LINK	ACQUISITION	CANAIS DIGITAIS	CANAIS DIGITAIS	SMB	TICKET	1780576,48
202604	OP - LINK	ACQUISITION	CONSULTOR CERTIFICADO	CONSULTOR CERTIFICADO	LONGTAIL		32576,2
202604	OP - LINK	ACQUISITION	CONSULTOR CERTIFICADO	CONSULTOR CERTIFICADO	LONGTAIL	ACCOUNT_MONEY	67,8
202604	OP - LINK	ACQUISITION	CONSULTOR CERTIFICADO	CONSULTOR CERTIFICADO	LONGTAIL	BANK_TRANSFER	650,1
202604	OP - LINK	ACQUISITION	CONSULTOR CERTIFICADO	CONSULTOR CERTIFICADO	LONGTAIL	CREDIT_CARD	127501,43
202604	OP - LINK	ACQUISITION	CONSULTOR CERTIFICADO	CONSULTOR CERTIFICADO	LONGTAIL	DIGITAL_CURRENCY	251,5
202604	OP - LINK	ACQUISITION	CONSULTOR CERTIFICADO	CONSULTOR CERTIFICADO	LONGTAIL	PREPAID_CARD	655
202604	OP - LINK	ACQUISITION	CONSULTOR CERTIFICADO	CONSULTOR CERTIFICADO	LONGTAIL	TICKET	185
202604	OP - LINK	ACQUISITION	CONSULTOR CERTIFICADO	CONSULTOR CERTIFICADO	SMB		59397,57
202604	OP - LINK	ACQUISITION	CONSULTOR CERTIFICADO	CONSULTOR CERTIFICADO	SMB	ACCOUNT_MONEY	53
202604	OP - LINK	ACQUISITION	CONSULTOR CERTIFICADO	CONSULTOR CERTIFICADO	SMB	BANK_TRANSFER	6011,81
202604	OP - LINK	ACQUISITION	CONSULTOR CERTIFICADO	CONSULTOR CERTIFICADO	SMB	CREDIT_CARD	352228,46
202604	OP - LINK	ACQUISITION	CONSULTOR CERTIFICADO	CONSULTOR CERTIFICADO	SMB	DIGITAL_CURRENCY	12
202604	OP - LINK	ACQUISITION	FDV PROPRIA	FDV PROPRIA	LONGTAIL		1752072,48
202604	OP - LINK	ACQUISITION	FDV PROPRIA	FDV PROPRIA	LONGTAIL	ACCOUNT_MONEY	14073,7
202604	OP - LINK	ACQUISITION	FDV PROPRIA	FDV PROPRIA	LONGTAIL	BANK_TRANSFER	79206,62
202604	OP - LINK	ACQUISITION	FDV PROPRIA	FDV PROPRIA	LONGTAIL	CREDIT_CARD	9312362,13
202604	OP - LINK	ACQUISITION	FDV PROPRIA	FDV PROPRIA	LONGTAIL	DEBIT_CARD	18,9
202604	OP - LINK	ACQUISITION	FDV PROPRIA	FDV PROPRIA	LONGTAIL	DIGITAL_CURRENCY	48972,04
202604	OP - LINK	ACQUISITION	FDV PROPRIA	FDV PROPRIA	LONGTAIL	PREPAID_CARD	5932,4
202604	OP - LINK	ACQUISITION	FDV PROPRIA	FDV PROPRIA	LONGTAIL	TICKET	1658
202604	OP - LINK	ACQUISITION	FDV PROPRIA	FDV PROPRIA	SMB		3756934,81
202604	OP - LINK	ACQUISITION	FDV PROPRIA	FDV PROPRIA	SMB	ACCOUNT_MONEY	25742,07
202604	OP - LINK	ACQUISITION	FDV PROPRIA	FDV PROPRIA	SMB	BANK_TRANSFER	187810,28
202604	OP - LINK	ACQUISITION	FDV PROPRIA	FDV PROPRIA	SMB	CREDIT_CARD	18150724,62
202604	OP - LINK	ACQUISITION	FDV PROPRIA	FDV PROPRIA	SMB	DEBIT_CARD	2000
202604	OP - LINK	ACQUISITION	FDV PROPRIA	FDV PROPRIA	SMB	DIGITAL_CURRENCY	32227,49
202604	OP - LINK	ACQUISITION	FDV PROPRIA	FDV PROPRIA	SMB	PREPAID_CARD	10606,25
202604	OP - LINK	ACQUISITION	FDV PROPRIA	FDV PROPRIA	SMB	TICKET	5832,79
202604	OP - LINK	ACQUISITION	FDV TERCEIRA	FDV TERCEIRA	LONGTAIL		759041,64
202604	OP - LINK	ACQUISITION	FDV TERCEIRA	FDV TERCEIRA	LONGTAIL	ACCOUNT_MONEY	11501,08
202604	OP - LINK	ACQUISITION	FDV TERCEIRA	FDV TERCEIRA	LONGTAIL	BANK_TRANSFER	38648,23
202604	OP - LINK	ACQUISITION	FDV TERCEIRA	FDV TERCEIRA	LONGTAIL	CREDIT_CARD	3781562,29
202604	OP - LINK	ACQUISITION	FDV TERCEIRA	FDV TERCEIRA	LONGTAIL	DIGITAL_CURRENCY	13178
202604	OP - LINK	ACQUISITION	FDV TERCEIRA	FDV TERCEIRA	LONGTAIL	PREPAID_CARD	4778
202604	OP - LINK	ACQUISITION	FDV TERCEIRA	FDV TERCEIRA	LONGTAIL	TICKET	1771
202604	OP - LINK	ACQUISITION	FDV TERCEIRA	FDV TERCEIRA	SMB		577024,28
202604	OP - LINK	ACQUISITION	FDV TERCEIRA	FDV TERCEIRA	SMB	ACCOUNT_MONEY	8008,72
202604	OP - LINK	ACQUISITION	FDV TERCEIRA	FDV TERCEIRA	SMB	BANK_TRANSFER	22840,32
202604	OP - LINK	ACQUISITION	FDV TERCEIRA	FDV TERCEIRA	SMB	CREDIT_CARD	3193967,16
202604	OP - LINK	ACQUISITION	FDV TERCEIRA	FDV TERCEIRA	SMB	DIGITAL_CURRENCY	6085,77
202604	OP - LINK	ACQUISITION	FDV TERCEIRA	FDV TERCEIRA	SMB	PREPAID_CARD	1378
202604	OP - LINK	ACQUISITION	HUNTING	HUNTING	BIG SELLERS		4270300,65
202604	OP - LINK	ACQUISITION	HUNTING	HUNTING	BIG SELLERS	ACCOUNT_MONEY	157316,26
202604	OP - LINK	ACQUISITION	HUNTING	HUNTING	BIG SELLERS	BANK_TRANSFER	1873907,53
202604	OP - LINK	ACQUISITION	HUNTING	HUNTING	BIG SELLERS	CREDIT_CARD	16237737,05
202604	OP - LINK	ACQUISITION	HUNTING	HUNTING	BIG SELLERS	DIGITAL_CURRENCY	4735,95
202604	OP - LINK	ACQUISITION	HUNTING	HUNTING	BIG SELLERS	PREPAID_CARD	1983,67
202604	OP - LINK	ACQUISITION	HUNTING	HUNTING	BIG SELLERS	TICKET	8508,02
202604	OP - LINK	ACQUISITION	HUNTING	HUNTING	LONGTAIL		5831,88
202604	OP - LINK	ACQUISITION	HUNTING	HUNTING	LONGTAIL	ACCOUNT_MONEY	350
202604	OP - LINK	ACQUISITION	HUNTING	HUNTING	LONGTAIL	BANK_TRANSFER	4900
202604	OP - LINK	ACQUISITION	HUNTING	HUNTING	LONGTAIL	CREDIT_CARD	38616,33
202604	OP - LINK	ACQUISITION	HUNTING	HUNTING	LONGTAIL	TICKET	2250
202604	OP - LINK	ACQUISITION	HUNTING	HUNTING	SMB		1903,99
202604	OP - LINK	ACQUISITION	HUNTING	HUNTING	SMB	ACCOUNT_MONEY	179,01
202604	OP - LINK	ACQUISITION	HUNTING	HUNTING	SMB	CREDIT_CARD	43548,52
202604	OP - LINK	ACQUISITION	HUNTING	HUNTING	SMB	TICKET	1315,88
202604	OP - LINK	ACQUISITION	HUNTING LC	HUNTING LC	BIG SELLERS		244339,32
202604	OP - LINK	ACQUISITION	HUNTING LC	HUNTING LC	BIG SELLERS	ACCOUNT_MONEY	69234,43
202604	OP - LINK	ACQUISITION	HUNTING LC	HUNTING LC	BIG SELLERS	BANK_TRANSFER	208149,61
202604	OP - LINK	ACQUISITION	HUNTING LC	HUNTING LC	BIG SELLERS	CREDIT_CARD	987207,16
202604	OP - LINK	ACQUISITION	HUNTING LC	HUNTING LC	BIG SELLERS	DIGITAL_CURRENCY	21431,54
202604	OP - LINK	ACQUISITION	HUNTING LC	HUNTING LC	BIG SELLERS	TICKET	19482,81
202604	OP - LINK	ACQUISITION	MGM	MGM	LONGTAIL		1998800,5
202604	OP - LINK	ACQUISITION	MGM	MGM	LONGTAIL	ACCOUNT_MONEY	52027
202604	OP - LINK	ACQUISITION	MGM	MGM	LONGTAIL	BANK_TRANSFER	126968,46
202604	OP - LINK	ACQUISITION	MGM	MGM	LONGTAIL	CREDIT_CARD	10787922,3
202604	OP - LINK	ACQUISITION	MGM	MGM	LONGTAIL	DEBIT_CARD	4355
202604	OP - LINK	ACQUISITION	MGM	MGM	LONGTAIL	DIGITAL_CURRENCY	115876,87
202604	OP - LINK	ACQUISITION	MGM	MGM	LONGTAIL	PREPAID_CARD	16120,65
202604	OP - LINK	ACQUISITION	MGM	MGM	LONGTAIL	TICKET	26107,6
202604	OP - LINK	ACQUISITION	MGM	MGM	SMB		653279,59
202604	OP - LINK	ACQUISITION	MGM	MGM	SMB	ACCOUNT_MONEY	3795,26
202604	OP - LINK	ACQUISITION	MGM	MGM	SMB	BANK_TRANSFER	17431,08
202604	OP - LINK	ACQUISITION	MGM	MGM	SMB	CREDIT_CARD	2776033,23
202604	OP - LINK	ACQUISITION	MGM	MGM	SMB	DEBIT_CARD	898
202604	OP - LINK	ACQUISITION	MGM	MGM	SMB	DIGITAL_CURRENCY	7221,58
202604	OP - LINK	ACQUISITION	MGM	MGM	SMB	PREPAID_CARD	1496,14
202604	OP - LINK	ACQUISITION	MGM	MGM	SMB	TICKET	7701,16
202604	OP - LINK	ACQUISITION	PAID	PAID	LONGTAIL		0
202604	OP - LINK	ACQUISITION	PAID	PAID	LONGTAIL	CREDIT_CARD	398
202604	OP - LINK	ACQUISITION	RESELLERS	RESELLERS	BIG SELLERS	CREDIT_CARD	663,5
202604	OP - LINK	ACQUISITION	RESELLERS	RESELLERS	LONGTAIL		4630906,81
202604	OP - LINK	ACQUISITION	RESELLERS	RESELLERS	LONGTAIL	ACCOUNT_MONEY	68794,98
202604	OP - LINK	ACQUISITION	RESELLERS	RESELLERS	LONGTAIL	BANK_TRANSFER	288052,62
202604	OP - LINK	ACQUISITION	RESELLERS	RESELLERS	LONGTAIL	CREDIT_CARD	24421039,9
202604	OP - LINK	ACQUISITION	RESELLERS	RESELLERS	LONGTAIL	DEBIT_CARD	4376,16
202604	OP - LINK	ACQUISITION	RESELLERS	RESELLERS	LONGTAIL	DIGITAL_CURRENCY	342306,3
202604	OP - LINK	ACQUISITION	RESELLERS	RESELLERS	LONGTAIL	PREPAID_CARD	45936,16
202604	OP - LINK	ACQUISITION	RESELLERS	RESELLERS	LONGTAIL	TICKET	51719,45
202604	OP - LINK	ACQUISITION	RESELLERS	RESELLERS	SMB		797577,85
202604	OP - LINK	ACQUISITION	RESELLERS	RESELLERS	SMB	ACCOUNT_MONEY	7940,04
202604	OP - LINK	ACQUISITION	RESELLERS	RESELLERS	SMB	BANK_TRANSFER	28397,51
202604	OP - LINK	ACQUISITION	RESELLERS	RESELLERS	SMB	CREDIT_CARD	4476603,48
202604	OP - LINK	ACQUISITION	RESELLERS	RESELLERS	SMB	DIGITAL_CURRENCY	28698,21
202604	OP - LINK	ACQUISITION	RESELLERS	RESELLERS	SMB	PREPAID_CARD	1523,28
202604	OP - LINK	ACQUISITION	RESELLERS	RESELLERS	SMB	TICKET	8500
202604	OP - LINK	ACQUISITION	TELESALES_FARMING	TELESALES_FARMING	LONGTAIL		27489,42
202604	OP - LINK	ACQUISITION	TELESALES_FARMING	TELESALES_FARMING	LONGTAIL	ACCOUNT_MONEY	24
202604	OP - LINK	ACQUISITION	TELESALES_FARMING	TELESALES_FARMING	LONGTAIL	BANK_TRANSFER	5411
202604	OP - LINK	ACQUISITION	TELESALES_FARMING	TELESALES_FARMING	LONGTAIL	CREDIT_CARD	88327,04
202604	OP - LINK	ACQUISITION	TELESALES_FARMING	TELESALES_FARMING	LONGTAIL	DIGITAL_CURRENCY	87
202604	OP - LINK	ACQUISITION	TELESALES_FARMING	TELESALES_FARMING	SMB		4302,05
202604	OP - LINK	ACQUISITION	TELESALES_FARMING	TELESALES_FARMING	SMB	BANK_TRANSFER	1000
202604	OP - LINK	ACQUISITION	TELESALES_FARMING	TELESALES_FARMING	SMB	CREDIT_CARD	13644,96
202604	OP - LINK	ACQUISITION	TELEVENDAS	TELEVENDAS	LONGTAIL		228027,1
202604	OP - LINK	ACQUISITION	TELEVENDAS	TELEVENDAS	LONGTAIL	ACCOUNT_MONEY	2211,26
202604	OP - LINK	ACQUISITION	TELEVENDAS	TELEVENDAS	LONGTAIL	BANK_TRANSFER	9569,19
202604	OP - LINK	ACQUISITION	TELEVENDAS	TELEVENDAS	LONGTAIL	CREDIT_CARD	1445789,76
202604	OP - LINK	ACQUISITION	TELEVENDAS	TELEVENDAS	LONGTAIL	DIGITAL_CURRENCY	6945,67
202604	OP - LINK	ACQUISITION	TELEVENDAS	TELEVENDAS	LONGTAIL	PREPAID_CARD	2354
202604	OP - LINK	ACQUISITION	TELEVENDAS	TELEVENDAS	LONGTAIL	TICKET	15789,35
202604	OP - LINK	ACQUISITION	TELEVENDAS	TELEVENDAS	SMB		172962,24
202604	OP - LINK	ACQUISITION	TELEVENDAS	TELEVENDAS	SMB	ACCOUNT_MONEY	586
202604	OP - LINK	ACQUISITION	TELEVENDAS	TELEVENDAS	SMB	BANK_TRANSFER	5966,12
202604	OP - LINK	ACQUISITION	TELEVENDAS	TELEVENDAS	SMB	CREDIT_CARD	1064407,26
202604	OP - LINK	ACQUISITION	TELEVENDAS	TELEVENDAS	SMB	DIGITAL_CURRENCY	899
202604	OP - LINK	ACQUISITION	TELEVENDAS	TELEVENDAS	SMB	PREPAID_CARD	1555
202604	OP - LINK	ACQUISITION	TELEVENDAS	TELEVENDAS	SMB	TICKET	125
202604	OP - LINK	ENGAGEMENT	ENGAGEMENT & VALUE PROP	ENGAGEMENT & VALUE PROP	LONGTAIL		92273298,45
202604	OP - LINK	ENGAGEMENT	ENGAGEMENT & VALUE PROP	ENGAGEMENT & VALUE PROP	LONGTAIL	ACCOUNT_MONEY	1632127,12
202604	OP - LINK	ENGAGEMENT	ENGAGEMENT & VALUE PROP	ENGAGEMENT & VALUE PROP	LONGTAIL	BANK_TRANSFER	5793141,49
202604	OP - LINK	ENGAGEMENT	ENGAGEMENT & VALUE PROP	ENGAGEMENT & VALUE PROP	LONGTAIL	CREDIT_CARD	532391929,9
202604	OP - LINK	ENGAGEMENT	ENGAGEMENT & VALUE PROP	ENGAGEMENT & VALUE PROP	LONGTAIL	DEBIT_CARD	25034,81
202604	OP - LINK	ENGAGEMENT	ENGAGEMENT & VALUE PROP	ENGAGEMENT & VALUE PROP	LONGTAIL	DIGITAL_CURRENCY	3075907,58
202604	OP - LINK	ENGAGEMENT	ENGAGEMENT & VALUE PROP	ENGAGEMENT & VALUE PROP	LONGTAIL	PREPAID_CARD	508497,2
202604	OP - LINK	ENGAGEMENT	ENGAGEMENT & VALUE PROP	ENGAGEMENT & VALUE PROP	LONGTAIL	TICKET	1349434,02
202604	OP - LINK	ENGAGEMENT	ENGAGEMENT & VALUE PROP	ENGAGEMENT & VALUE PROP	SMB		110158533,4
202604	OP - LINK	ENGAGEMENT	ENGAGEMENT & VALUE PROP	ENGAGEMENT & VALUE PROP	SMB	ACCOUNT_MONEY	2071229,28
202604	OP - LINK	ENGAGEMENT	ENGAGEMENT & VALUE PROP	ENGAGEMENT & VALUE PROP	SMB	BANK_TRANSFER	8783112,4
202604	OP - LINK	ENGAGEMENT	ENGAGEMENT & VALUE PROP	ENGAGEMENT & VALUE PROP	SMB	CREDIT_CARD	526739951,6
202604	OP - LINK	ENGAGEMENT	ENGAGEMENT & VALUE PROP	ENGAGEMENT & VALUE PROP	SMB	DEBIT_CARD	7179,99
202604	OP - LINK	ENGAGEMENT	ENGAGEMENT & VALUE PROP	ENGAGEMENT & VALUE PROP	SMB	DIGITAL_CURRENCY	987905,3
202604	OP - LINK	ENGAGEMENT	ENGAGEMENT & VALUE PROP	ENGAGEMENT & VALUE PROP	SMB	PREPAID_CARD	149469,74
202604	OP - LINK	ENGAGEMENT	ENGAGEMENT & VALUE PROP	ENGAGEMENT & VALUE PROP	SMB	TICKET	2159163,87
202604	OP - LINK	ENGAGEMENT	ENGAGEMENT BIG SELLERS	ENGAGEMENT BIG SELLERS	BIG SELLERS		20952498,51
202604	OP - LINK	ENGAGEMENT	ENGAGEMENT BIG SELLERS	ENGAGEMENT BIG SELLERS	BIG SELLERS	ACCOUNT_MONEY	547339,75
202604	OP - LINK	ENGAGEMENT	ENGAGEMENT BIG SELLERS	ENGAGEMENT BIG SELLERS	BIG SELLERS	BANK_TRANSFER	4315170,2
202604	OP - LINK	ENGAGEMENT	ENGAGEMENT BIG SELLERS	ENGAGEMENT BIG SELLERS	BIG SELLERS	CREDIT_CARD	84135754,72
202604	OP - LINK	ENGAGEMENT	ENGAGEMENT BIG SELLERS	ENGAGEMENT BIG SELLERS	BIG SELLERS	DEBIT_CARD	199
202604	OP - LINK	ENGAGEMENT	ENGAGEMENT BIG SELLERS	ENGAGEMENT BIG SELLERS	BIG SELLERS	DIGITAL_CURRENCY	74842,91
202604	OP - LINK	ENGAGEMENT	ENGAGEMENT BIG SELLERS	ENGAGEMENT BIG SELLERS	BIG SELLERS	PREPAID_CARD	15749,48
202604	OP - LINK	ENGAGEMENT	ENGAGEMENT BIG SELLERS	ENGAGEMENT BIG SELLERS	BIG SELLERS	TICKET	699315,19
202604	OP - OTHERS	ACQUISITION	HUNTING	HUNTING	BIG SELLERS		30233,5
202604	OP - OTHERS	ACQUISITION	HUNTING	HUNTING	BIG SELLERS	ACCOUNT_MONEY	694,6
202604	OP - OTHERS	ACQUISITION	HUNTING	HUNTING	BIG SELLERS	CREDIT_CARD	372,96
202604	OP - OTHERS	ACQUISITION	HUNTING	HUNTING	BIG SELLERS	TICKET	133359,73
202604	OP - OTHERS	ACQUISITION	PARTNERS ONLINE		LONGTAIL		0
202604	OP - OTHERS	ACQUISITION	PARTNERS ONLINE		SMB		2678,38
202604	OP - OTHERS	ACQUISITION	PARTNERS ONLINE	PLATAFORMAS	LONGTAIL	BANK_TRANSFER	1000
202604	OP - OTHERS	ACQUISITION	PARTNERS ONLINE	PLATAFORMAS	LONGTAIL	TICKET	1544,64
202604	OP - OTHERS	ACQUISITION	PARTNERS ONLINE	PLATAFORMAS	SMB	CREDIT_CARD	367
202604	OP - OTHERS	ACQUISITION	PARTNERS ONLINE	PLATAFORMAS	SMB	TICKET	12965,4
202604	OP - OTHERS	ACQUISITION	UNKNOWN	UNKNOWN	LONGTAIL		0
202604	OP - OTHERS	ACQUISITION	UNKNOWN	UNKNOWN	LONGTAIL	TICKET	64,8
202604	OP - OTHERS	ENGAGEMENT	ENGAGEMENT & VALUE PROP	ENGAGEMENT & VALUE PROP	LONGTAIL		4526011,01
202604	OP - OTHERS	ENGAGEMENT	ENGAGEMENT & VALUE PROP	ENGAGEMENT & VALUE PROP	LONGTAIL	ACCOUNT_MONEY	101676,8
202604	OP - OTHERS	ENGAGEMENT	ENGAGEMENT & VALUE PROP	ENGAGEMENT & VALUE PROP	LONGTAIL	BANK_TRANSFER	1331215,25
202604	OP - OTHERS	ENGAGEMENT	ENGAGEMENT & VALUE PROP	ENGAGEMENT & VALUE PROP	LONGTAIL	CREDIT_CARD	891087,34
202604	OP - OTHERS	ENGAGEMENT	ENGAGEMENT & VALUE PROP	ENGAGEMENT & VALUE PROP	LONGTAIL	DEBIT_CARD	714
202604	OP - OTHERS	ENGAGEMENT	ENGAGEMENT & VALUE PROP	ENGAGEMENT & VALUE PROP	LONGTAIL	PREPAID_CARD	1738,75
202604	OP - OTHERS	ENGAGEMENT	ENGAGEMENT & VALUE PROP	ENGAGEMENT & VALUE PROP	LONGTAIL	TICKET	24994886,14
202604	OP - OTHERS	ENGAGEMENT	ENGAGEMENT & VALUE PROP	ENGAGEMENT & VALUE PROP	SMB		5638105,99
202604	OP - OTHERS	ENGAGEMENT	ENGAGEMENT & VALUE PROP	ENGAGEMENT & VALUE PROP	SMB	ACCOUNT_MONEY	313960,24
202604	OP - OTHERS	ENGAGEMENT	ENGAGEMENT & VALUE PROP	ENGAGEMENT & VALUE PROP	SMB	BANK_TRANSFER	110975,94
202604	OP - OTHERS	ENGAGEMENT	ENGAGEMENT & VALUE PROP	ENGAGEMENT & VALUE PROP	SMB	CREDIT_CARD	3780075,34
202604	OP - OTHERS	ENGAGEMENT	ENGAGEMENT & VALUE PROP	ENGAGEMENT & VALUE PROP	SMB	PREPAID_CARD	4241,56
202604	OP - OTHERS	ENGAGEMENT	ENGAGEMENT & VALUE PROP	ENGAGEMENT & VALUE PROP	SMB	TICKET	21774953,64
202604	OP - OTHERS	ENGAGEMENT	ENGAGEMENT BIG SELLERS	ENGAGEMENT BIG SELLERS	BIG SELLERS		222145,28
202604	OP - OTHERS	ENGAGEMENT	ENGAGEMENT BIG SELLERS	ENGAGEMENT BIG SELLERS	BIG SELLERS	ACCOUNT_MONEY	2441,1
202604	OP - OTHERS	ENGAGEMENT	ENGAGEMENT BIG SELLERS	ENGAGEMENT BIG SELLERS	BIG SELLERS	CREDIT_CARD	318466,58
202604	OP - OTHERS	ENGAGEMENT	ENGAGEMENT BIG SELLERS	ENGAGEMENT BIG SELLERS	BIG SELLERS	PREPAID_CARD	219
202604	OP - OTHERS	ENGAGEMENT	ENGAGEMENT BIG SELLERS	ENGAGEMENT BIG SELLERS	BIG SELLERS	TICKET	352611,2
202604	POINT	ACQUISITION	BIGSELLER FARMING	BIGSELLER FARMING	LONGTAIL		3381,4
202604	POINT	ACQUISITION	BIGSELLER FARMING	BIGSELLER FARMING	LONGTAIL	CREDIT_CARD	20506,82
202604	POINT	ACQUISITION	BIGSELLER FARMING	BIGSELLER FARMING	LONGTAIL	DEBIT_CARD	1703,34
202604	POINT	ACQUISITION	BIGSELLER FARMING	BIGSELLER FARMING	LONGTAIL	PREPAID_CARD	913
202604	POINT	ACQUISITION	BIGSELLER FARMING	BIGSELLER FARMING	SMB		10899,16
202604	POINT	ACQUISITION	BIGSELLER FARMING	BIGSELLER FARMING	SMB	CREDIT_CARD	51133,22
202604	POINT	ACQUISITION	BIGSELLER FARMING	BIGSELLER FARMING	SMB	DEBIT_CARD	6977,15
202604	POINT	ACQUISITION	BIGSELLER FARMING	BIGSELLER FARMING	SMB	PREPAID_CARD	15
202604	POINT	ACQUISITION	CANAIS DIGITAIS		LONGTAIL		39812149,32
202604	POINT	ACQUISITION	CANAIS DIGITAIS		SMB		33535414,32
202604	POINT	ACQUISITION	CANAIS DIGITAIS	CANAIS DIGITAIS	BIG SELLERS	CREDIT_CARD	1056,54
202604	POINT	ACQUISITION	CANAIS DIGITAIS	CANAIS DIGITAIS	LONGTAIL	CREDIT_CARD	151257690,4
202604	POINT	ACQUISITION	CANAIS DIGITAIS	CANAIS DIGITAIS	LONGTAIL	DEBIT_CARD	87714308,24
202604	POINT	ACQUISITION	CANAIS DIGITAIS	CANAIS DIGITAIS	LONGTAIL	PREPAID_CARD	2033818,21
202604	POINT	ACQUISITION	CANAIS DIGITAIS	CANAIS DIGITAIS	LONGTAIL	VOUCHER_CARD	7413,65
202604	POINT	ACQUISITION	CANAIS DIGITAIS	CANAIS DIGITAIS	SMB	CREDIT_CARD	118811778,3
202604	POINT	ACQUISITION	CANAIS DIGITAIS	CANAIS DIGITAIS	SMB	DEBIT_CARD	69816231,49
202604	POINT	ACQUISITION	CANAIS DIGITAIS	CANAIS DIGITAIS	SMB	PREPAID_CARD	1613844,26
202604	POINT	ACQUISITION	CANAIS DIGITAIS	CANAIS DIGITAIS	SMB	VOUCHER_CARD	13764,6
202604	POINT	ACQUISITION	CONSULTOR CERTIFICADO	CONSULTOR CERTIFICADO	LONGTAIL		329563,64
202604	POINT	ACQUISITION	CONSULTOR CERTIFICADO	CONSULTOR CERTIFICADO	LONGTAIL	CREDIT_CARD	1011536,31
202604	POINT	ACQUISITION	CONSULTOR CERTIFICADO	CONSULTOR CERTIFICADO	LONGTAIL	DEBIT_CARD	830462,11
202604	POINT	ACQUISITION	CONSULTOR CERTIFICADO	CONSULTOR CERTIFICADO	LONGTAIL	PREPAID_CARD	17750,76
202604	POINT	ACQUISITION	CONSULTOR CERTIFICADO	CONSULTOR CERTIFICADO	LONGTAIL	VOUCHER_CARD	10
202604	POINT	ACQUISITION	CONSULTOR CERTIFICADO	CONSULTOR CERTIFICADO	SMB		1870415,17
202604	POINT	ACQUISITION	CONSULTOR CERTIFICADO	CONSULTOR CERTIFICADO	SMB	CREDIT_CARD	6253397,93
202604	POINT	ACQUISITION	CONSULTOR CERTIFICADO	CONSULTOR CERTIFICADO	SMB	DEBIT_CARD	4669916,66
202604	POINT	ACQUISITION	CONSULTOR CERTIFICADO	CONSULTOR CERTIFICADO	SMB	PREPAID_CARD	89546,95
202604	POINT	ACQUISITION	CONSULTOR CERTIFICADO	CONSULTOR CERTIFICADO	SMB	VOUCHER_CARD	110,4
202604	POINT	ACQUISITION	FDV PROPRIA	FDV PROPRIA	LONGTAIL		22792241,1
202604	POINT	ACQUISITION	FDV PROPRIA	FDV PROPRIA	LONGTAIL	CREDIT_CARD	89808266,85
202604	POINT	ACQUISITION	FDV PROPRIA	FDV PROPRIA	LONGTAIL	DEBIT_CARD	37633303,06
202604	POINT	ACQUISITION	FDV PROPRIA	FDV PROPRIA	LONGTAIL	PREPAID_CARD	678945,57
202604	POINT	ACQUISITION	FDV PROPRIA	FDV PROPRIA	LONGTAIL	VOUCHER_CARD	1211,42
202604	POINT	ACQUISITION	FDV PROPRIA	FDV PROPRIA	SMB		82420306,47
202604	POINT	ACQUISITION	FDV PROPRIA	FDV PROPRIA	SMB	CREDIT_CARD	334203904,7
202604	POINT	ACQUISITION	FDV PROPRIA	FDV PROPRIA	SMB	DEBIT_CARD	132483340,8
202604	POINT	ACQUISITION	FDV PROPRIA	FDV PROPRIA	SMB	PREPAID_CARD	2294030,74
202604	POINT	ACQUISITION	FDV PROPRIA	FDV PROPRIA	SMB	VOUCHER_CARD	2277,98
202604	POINT	ACQUISITION	FDV TERCEIRA	FDV TERCEIRA	LONGTAIL		7338746,49
202604	POINT	ACQUISITION	FDV TERCEIRA	FDV TERCEIRA	LONGTAIL	CREDIT_CARD	28619689,38
202604	POINT	ACQUISITION	FDV TERCEIRA	FDV TERCEIRA	LONGTAIL	DEBIT_CARD	12658386,63
202604	POINT	ACQUISITION	FDV TERCEIRA	FDV TERCEIRA	LONGTAIL	PREPAID_CARD	257427
202604	POINT	ACQUISITION	FDV TERCEIRA	FDV TERCEIRA	LONGTAIL	VOUCHER_CARD	95,87
202604	POINT	ACQUISITION	FDV TERCEIRA	FDV TERCEIRA	SMB		10332154,87
202604	POINT	ACQUISITION	FDV TERCEIRA	FDV TERCEIRA	SMB	CREDIT_CARD	40818482,65
202604	POINT	ACQUISITION	FDV TERCEIRA	FDV TERCEIRA	SMB	DEBIT_CARD	17164747,66
202604	POINT	ACQUISITION	FDV TERCEIRA	FDV TERCEIRA	SMB	PREPAID_CARD	318524,17
202604	POINT	ACQUISITION	FDV TERCEIRA	FDV TERCEIRA	SMB	VOUCHER_CARD	531,06
202604	POINT	ACQUISITION	HUNTING	HUNTING	BIG SELLERS		27514962,51
202604	POINT	ACQUISITION	HUNTING	HUNTING	BIG SELLERS	CREDIT_CARD	144019716,7
202604	POINT	ACQUISITION	HUNTING	HUNTING	BIG SELLERS	DEBIT_CARD	15943389,17
202604	POINT	ACQUISITION	HUNTING	HUNTING	BIG SELLERS	PREPAID_CARD	202122,93
202604	POINT	ACQUISITION	HUNTING	HUNTING	BIG SELLERS	VOUCHER_CARD	315,46
202604	POINT	ACQUISITION	HUNTING	HUNTING	LONGTAIL		8539,26
202604	POINT	ACQUISITION	HUNTING	HUNTING	LONGTAIL	CREDIT_CARD	19815,49
202604	POINT	ACQUISITION	HUNTING	HUNTING	LONGTAIL	DEBIT_CARD	5983,6
202604	POINT	ACQUISITION	HUNTING	HUNTING	LONGTAIL	PREPAID_CARD	77
202604	POINT	ACQUISITION	HUNTING	HUNTING	SMB		185550,36
202604	POINT	ACQUISITION	HUNTING	HUNTING	SMB	CREDIT_CARD	418149,33
202604	POINT	ACQUISITION	HUNTING	HUNTING	SMB	DEBIT_CARD	185631,41
202604	POINT	ACQUISITION	HUNTING	HUNTING	SMB	PREPAID_CARD	2534,25
202604	POINT	ACQUISITION	HUNTING LC	HUNTING LC	BIG SELLERS		37284,07
202604	POINT	ACQUISITION	HUNTING LC	HUNTING LC	BIG SELLERS	CREDIT_CARD	297162,58
202604	POINT	ACQUISITION	HUNTING LC	HUNTING LC	BIG SELLERS	DEBIT_CARD	13259,32
202604	POINT	ACQUISITION	HUNTING LC	HUNTING LC	BIG SELLERS	PREPAID_CARD	6683,73
202604	POINT	ACQUISITION	MGM	MGM	LONGTAIL		7436264,47
202604	POINT	ACQUISITION	MGM	MGM	LONGTAIL	CREDIT_CARD	26234523,77
202604	POINT	ACQUISITION	MGM	MGM	LONGTAIL	DEBIT_CARD	17590725,36
202604	POINT	ACQUISITION	MGM	MGM	LONGTAIL	PREPAID_CARD	359746,44
202604	POINT	ACQUISITION	MGM	MGM	LONGTAIL	VOUCHER_CARD	525,58
202604	POINT	ACQUISITION	MGM	MGM	SMB		5741550,93
202604	POINT	ACQUISITION	MGM	MGM	SMB	CREDIT_CARD	19809268,78
202604	POINT	ACQUISITION	MGM	MGM	SMB	DEBIT_CARD	13077583,64
202604	POINT	ACQUISITION	MGM	MGM	SMB	PREPAID_CARD	288596,69
202604	POINT	ACQUISITION	MGM	MGM	SMB	VOUCHER_CARD	798,23
202604	POINT	ACQUISITION	PARTNERS INSTORE	PARTNERS INSTORE	LONGTAIL		3407,53
202604	POINT	ACQUISITION	PARTNERS INSTORE	PARTNERS INSTORE	LONGTAIL	CREDIT_CARD	8997,77
202604	POINT	ACQUISITION	PARTNERS INSTORE	PARTNERS INSTORE	LONGTAIL	DEBIT_CARD	4202,35
202604	POINT	ACQUISITION	PARTNERS INSTORE	PARTNERS INSTORE	SMB		6107,97
202604	POINT	ACQUISITION	PARTNERS INSTORE	PARTNERS INSTORE	SMB	CREDIT_CARD	12914,43
202604	POINT	ACQUISITION	PARTNERS INSTORE	PARTNERS INSTORE	SMB	DEBIT_CARD	30254,19
202604	POINT	ACQUISITION	PARTNERS INSTORE	PARTNERS INSTORE	SMB	PREPAID_CARD	285,94
202604	POINT	ACQUISITION	RESELLERS	RESELLERS	LONGTAIL		6684999,71
202604	POINT	ACQUISITION	RESELLERS	RESELLERS	LONGTAIL	CREDIT_CARD	19462751,55
202604	POINT	ACQUISITION	RESELLERS	RESELLERS	LONGTAIL	DEBIT_CARD	18477197,72
202604	POINT	ACQUISITION	RESELLERS	RESELLERS	LONGTAIL	PREPAID_CARD	439915,59
202604	POINT	ACQUISITION	RESELLERS	RESELLERS	LONGTAIL	VOUCHER_CARD	521,1
202604	POINT	ACQUISITION	RESELLERS	RESELLERS	SMB		9474103,55
202604	POINT	ACQUISITION	RESELLERS	RESELLERS	SMB	CREDIT_CARD	26559457,98
202604	POINT	ACQUISITION	RESELLERS	RESELLERS	SMB	DEBIT_CARD	27089676,35
202604	POINT	ACQUISITION	RESELLERS	RESELLERS	SMB	PREPAID_CARD	592060,21
202604	POINT	ACQUISITION	RESELLERS	RESELLERS	SMB	VOUCHER_CARD	4162,63
202604	POINT	ACQUISITION	TELESALES_FARMING	TELESALES_FARMING	LONGTAIL		23800,78
202604	POINT	ACQUISITION	TELESALES_FARMING	TELESALES_FARMING	LONGTAIL	CREDIT_CARD	137312,14
202604	POINT	ACQUISITION	TELESALES_FARMING	TELESALES_FARMING	LONGTAIL	DEBIT_CARD	42471,13
202604	POINT	ACQUISITION	TELESALES_FARMING	TELESALES_FARMING	LONGTAIL	PREPAID_CARD	603,76
202604	POINT	ACQUISITION	TELESALES_FARMING	TELESALES_FARMING	SMB		27817,28
202604	POINT	ACQUISITION	TELESALES_FARMING	TELESALES_FARMING	SMB	CREDIT_CARD	100733,6
202604	POINT	ACQUISITION	TELESALES_FARMING	TELESALES_FARMING	SMB	DEBIT_CARD	30969,7
202604	POINT	ACQUISITION	TELESALES_FARMING	TELESALES_FARMING	SMB	PREPAID_CARD	543,9
202604	POINT	ACQUISITION	TELEVENDAS	TELEVENDAS	LONGTAIL		2042854,25
202604	POINT	ACQUISITION	TELEVENDAS	TELEVENDAS	LONGTAIL	CREDIT_CARD	7963775,15
202604	POINT	ACQUISITION	TELEVENDAS	TELEVENDAS	LONGTAIL	DEBIT_CARD	4432331,97
202604	POINT	ACQUISITION	TELEVENDAS	TELEVENDAS	LONGTAIL	PREPAID_CARD	96310,32
202604	POINT	ACQUISITION	TELEVENDAS	TELEVENDAS	LONGTAIL	VOUCHER_CARD	373,53
202604	POINT	ACQUISITION	TELEVENDAS	TELEVENDAS	SMB		2942164,44
202604	POINT	ACQUISITION	TELEVENDAS	TELEVENDAS	SMB	CREDIT_CARD	11018470,19
202604	POINT	ACQUISITION	TELEVENDAS	TELEVENDAS	SMB	DEBIT_CARD	6404731,6
202604	POINT	ACQUISITION	TELEVENDAS	TELEVENDAS	SMB	PREPAID_CARD	124010,65
202604	POINT	ACQUISITION	TELEVENDAS	TELEVENDAS	SMB	VOUCHER_CARD	209,04
202604	POINT	ACQUISITION	UNKNOWN	UNKNOWN	LONGTAIL		1159177,58
202604	POINT	ACQUISITION	UNKNOWN	UNKNOWN	LONGTAIL	CREDIT_CARD	3453220,34
202604	POINT	ACQUISITION	UNKNOWN	UNKNOWN	LONGTAIL	DEBIT_CARD	2997259,87
202604	POINT	ACQUISITION	UNKNOWN	UNKNOWN	LONGTAIL	PREPAID_CARD	71438,36
202604	POINT	ACQUISITION	UNKNOWN	UNKNOWN	SMB		1577237,64
202604	POINT	ACQUISITION	UNKNOWN	UNKNOWN	SMB	CREDIT_CARD	3989210,12
202604	POINT	ACQUISITION	UNKNOWN	UNKNOWN	SMB	DEBIT_CARD	3971825,16
202604	POINT	ACQUISITION	UNKNOWN	UNKNOWN	SMB	PREPAID_CARD	77407,94
202604	POINT	ACQUISITION	UNKNOWN	UNKNOWN	SMB	VOUCHER_CARD	109
202604	POINT	ENGAGEMENT	ENGAGEMENT & VALUE PROP	ENGAGEMENT & VALUE PROP	LONGTAIL		523096208,7
202604	POINT	ENGAGEMENT	ENGAGEMENT & VALUE PROP	ENGAGEMENT & VALUE PROP	LONGTAIL	CREDIT_CARD	2414996562
202604	POINT	ENGAGEMENT	ENGAGEMENT & VALUE PROP	ENGAGEMENT & VALUE PROP	LONGTAIL	DEBIT_CARD	1436361640
202604	POINT	ENGAGEMENT	ENGAGEMENT & VALUE PROP	ENGAGEMENT & VALUE PROP	LONGTAIL	PREPAID_CARD	26901640,5
202604	POINT	ENGAGEMENT	ENGAGEMENT & VALUE PROP	ENGAGEMENT & VALUE PROP	LONGTAIL	VOUCHER_CARD	49549,78
202604	POINT	ENGAGEMENT	ENGAGEMENT & VALUE PROP	ENGAGEMENT & VALUE PROP	SMB		631234825,4
202604	POINT	ENGAGEMENT	ENGAGEMENT & VALUE PROP	ENGAGEMENT & VALUE PROP	SMB	ACCOUNT_MONEY	7024920
202604	POINT	ENGAGEMENT	ENGAGEMENT & VALUE PROP	ENGAGEMENT & VALUE PROP	SMB	CREDIT_CARD	2447378570
202604	POINT	ENGAGEMENT	ENGAGEMENT & VALUE PROP	ENGAGEMENT & VALUE PROP	SMB	DEBIT_CARD	1885827874
202604	POINT	ENGAGEMENT	ENGAGEMENT & VALUE PROP	ENGAGEMENT & VALUE PROP	SMB	PREPAID_CARD	34621925,39
202604	POINT	ENGAGEMENT	ENGAGEMENT & VALUE PROP	ENGAGEMENT & VALUE PROP	SMB	VOUCHER_CARD	95775,2
202604	POINT	ENGAGEMENT	ENGAGEMENT BIG SELLERS	ENGAGEMENT BIG SELLERS	BIG SELLERS		23764830,61
202604	POINT	ENGAGEMENT	ENGAGEMENT BIG SELLERS	ENGAGEMENT BIG SELLERS	BIG SELLERS	CREDIT_CARD	110987890,6
202604	POINT	ENGAGEMENT	ENGAGEMENT BIG SELLERS	ENGAGEMENT BIG SELLERS	BIG SELLERS	DEBIT_CARD	38570736,39
202604	POINT	ENGAGEMENT	ENGAGEMENT BIG SELLERS	ENGAGEMENT BIG SELLERS	BIG SELLERS	PREPAID_CARD	822775,07
202604	POINT	ENGAGEMENT	ENGAGEMENT BIG SELLERS	ENGAGEMENT BIG SELLERS	BIG SELLERS	VOUCHER_CARD	2853,32
202604	QR	ACQUISITION	BIGSELLER FARMING	BIGSELLER FARMING	LONGTAIL		77,86
202604	QR	ACQUISITION	BIGSELLER FARMING	BIGSELLER FARMING	LONGTAIL	BANK_TRANSFER	218
202604	QR	ACQUISITION	CANAIS DIGITAIS		LONGTAIL		14991617,04
202604	QR	ACQUISITION	CANAIS DIGITAIS		SMB		27403636,1
202604	QR	ACQUISITION	CANAIS DIGITAIS	CANAIS DIGITAIS	BIG SELLERS	BANK_TRANSFER	3701,6
202604	QR	ACQUISITION	CANAIS DIGITAIS	CANAIS DIGITAIS	LONGTAIL	ACCOUNT_MONEY	9738792,58
202604	QR	ACQUISITION	CANAIS DIGITAIS	CANAIS DIGITAIS	LONGTAIL	BANK_TRANSFER	75974721,4
202604	QR	ACQUISITION	CANAIS DIGITAIS	CANAIS DIGITAIS	LONGTAIL	CREDIT_CARD	713182,55
202604	QR	ACQUISITION	CANAIS DIGITAIS	CANAIS DIGITAIS	LONGTAIL	DIGITAL_CURRENCY	1434512,15
202604	QR	ACQUISITION	CANAIS DIGITAIS	CANAIS DIGITAIS	LONGTAIL	PREPAID_CARD	686,33
202604	QR	ACQUISITION	CANAIS DIGITAIS	CANAIS DIGITAIS	SMB	ACCOUNT_MONEY	65614068,1
202604	QR	ACQUISITION	CANAIS DIGITAIS	CANAIS DIGITAIS	SMB	BANK_TRANSFER	79799404,11
202604	QR	ACQUISITION	CANAIS DIGITAIS	CANAIS DIGITAIS	SMB	CREDIT_CARD	181355,76
202604	QR	ACQUISITION	CANAIS DIGITAIS	CANAIS DIGITAIS	SMB	DIGITAL_CURRENCY	59143,04
202604	QR	ACQUISITION	CONSULTOR CERTIFICADO	CONSULTOR CERTIFICADO	LONGTAIL		5336,57
202604	QR	ACQUISITION	CONSULTOR CERTIFICADO	CONSULTOR CERTIFICADO	LONGTAIL	ACCOUNT_MONEY	1127
202604	QR	ACQUISITION	CONSULTOR CERTIFICADO	CONSULTOR CERTIFICADO	LONGTAIL	BANK_TRANSFER	37594,46
202604	QR	ACQUISITION	CONSULTOR CERTIFICADO	CONSULTOR CERTIFICADO	LONGTAIL	CREDIT_CARD	500
202604	QR	ACQUISITION	CONSULTOR CERTIFICADO	CONSULTOR CERTIFICADO	SMB		37072,18
202604	QR	ACQUISITION	CONSULTOR CERTIFICADO	CONSULTOR CERTIFICADO	SMB	ACCOUNT_MONEY	39
202604	QR	ACQUISITION	CONSULTOR CERTIFICADO	CONSULTOR CERTIFICADO	SMB	BANK_TRANSFER	145565,73
202604	QR	ACQUISITION	FDV PROPRIA	FDV PROPRIA	LONGTAIL		151397,73
202604	QR	ACQUISITION	FDV PROPRIA	FDV PROPRIA	LONGTAIL	ACCOUNT_MONEY	6659,85
202604	QR	ACQUISITION	FDV PROPRIA	FDV PROPRIA	LONGTAIL	BANK_TRANSFER	871238,47
202604	QR	ACQUISITION	FDV PROPRIA	FDV PROPRIA	LONGTAIL	CREDIT_CARD	345,97
202604	QR	ACQUISITION	FDV PROPRIA	FDV PROPRIA	LONGTAIL	DIGITAL_CURRENCY	165
202604	QR	ACQUISITION	FDV PROPRIA	FDV PROPRIA	SMB		584130,75
202604	QR	ACQUISITION	FDV PROPRIA	FDV PROPRIA	SMB	ACCOUNT_MONEY	40663,03
202604	QR	ACQUISITION	FDV PROPRIA	FDV PROPRIA	SMB	BANK_TRANSFER	3005822,29
202604	QR	ACQUISITION	FDV PROPRIA	FDV PROPRIA	SMB	CREDIT_CARD	4104
202604	QR	ACQUISITION	FDV PROPRIA	FDV PROPRIA	SMB	DIGITAL_CURRENCY	537,21
202604	QR	ACQUISITION	FDV TERCEIRA	FDV TERCEIRA	LONGTAIL		108634,14
202604	QR	ACQUISITION	FDV TERCEIRA	FDV TERCEIRA	LONGTAIL	ACCOUNT_MONEY	8516,58
202604	QR	ACQUISITION	FDV TERCEIRA	FDV TERCEIRA	LONGTAIL	BANK_TRANSFER	556641,99
202604	QR	ACQUISITION	FDV TERCEIRA	FDV TERCEIRA	LONGTAIL	CREDIT_CARD	233,6
202604	QR	ACQUISITION	FDV TERCEIRA	FDV TERCEIRA	LONGTAIL	DIGITAL_CURRENCY	423
202604	QR	ACQUISITION	FDV TERCEIRA	FDV TERCEIRA	SMB		92296,14
202604	QR	ACQUISITION	FDV TERCEIRA	FDV TERCEIRA	SMB	ACCOUNT_MONEY	12330,88
202604	QR	ACQUISITION	FDV TERCEIRA	FDV TERCEIRA	SMB	BANK_TRANSFER	544191,43
202604	QR	ACQUISITION	FDV TERCEIRA	FDV TERCEIRA	SMB	DIGITAL_CURRENCY	110
202604	QR	ACQUISITION	HUNTING	HUNTING	BIG SELLERS		0
202604	QR	ACQUISITION	HUNTING	HUNTING	BIG SELLERS	ACCOUNT_MONEY	10000
202604	QR	ACQUISITION	HUNTING	HUNTING	BIG SELLERS	BANK_TRANSFER	247877,66
202604	QR	ACQUISITION	HUNTING	HUNTING	LONGTAIL		24,01
202604	QR	ACQUISITION	HUNTING	HUNTING	LONGTAIL	BANK_TRANSFER	282
202604	QR	ACQUISITION	HUNTING	HUNTING	SMB		1116,08
202604	QR	ACQUISITION	HUNTING	HUNTING	SMB	BANK_TRANSFER	2199,05
202604	QR	ACQUISITION	MGM	MGM	LONGTAIL		235293,68
202604	QR	ACQUISITION	MGM	MGM	LONGTAIL	ACCOUNT_MONEY	41402,11
202604	QR	ACQUISITION	MGM	MGM	LONGTAIL	BANK_TRANSFER	1295283,9
202604	QR	ACQUISITION	MGM	MGM	LONGTAIL	CREDIT_CARD	18967,45
202604	QR	ACQUISITION	MGM	MGM	LONGTAIL	DIGITAL_CURRENCY	16431
202604	QR	ACQUISITION	MGM	MGM	SMB		139725,79
202604	QR	ACQUISITION	MGM	MGM	SMB	ACCOUNT_MONEY	68830,06
202604	QR	ACQUISITION	MGM	MGM	SMB	BANK_TRANSFER	777778,88
202604	QR	ACQUISITION	MGM	MGM	SMB	CREDIT_CARD	931,9
202604	QR	ACQUISITION	PAID	PAID	LONGTAIL	BANK_TRANSFER	8
202604	QR	ACQUISITION	PARTNERS INSTORE	PARTNERS INSTORE	LONGTAIL		4471,16
202604	QR	ACQUISITION	PARTNERS INSTORE	PARTNERS INSTORE	LONGTAIL	ACCOUNT_MONEY	952
202604	QR	ACQUISITION	PARTNERS INSTORE	PARTNERS INSTORE	LONGTAIL	BANK_TRANSFER	35613,07
202604	QR	ACQUISITION	PARTNERS INSTORE	PARTNERS INSTORE	SMB		927,66
202604	QR	ACQUISITION	PARTNERS INSTORE	PARTNERS INSTORE	SMB	ACCOUNT_MONEY	80
202604	QR	ACQUISITION	PARTNERS INSTORE	PARTNERS INSTORE	SMB	BANK_TRANSFER	2301,44
202604	QR	ACQUISITION	RESELLERS	RESELLERS	LONGTAIL		526167,13
202604	QR	ACQUISITION	RESELLERS	RESELLERS	LONGTAIL	ACCOUNT_MONEY	199505,08
202604	QR	ACQUISITION	RESELLERS	RESELLERS	LONGTAIL	BANK_TRANSFER	2811152,69
202604	QR	ACQUISITION	RESELLERS	RESELLERS	LONGTAIL	CREDIT_CARD	49902,72
202604	QR	ACQUISITION	RESELLERS	RESELLERS	LONGTAIL	DIGITAL_CURRENCY	51202,79
202604	QR	ACQUISITION	RESELLERS	RESELLERS	SMB		486540,3
202604	QR	ACQUISITION	RESELLERS	RESELLERS	SMB	ACCOUNT_MONEY	446819,07
202604	QR	ACQUISITION	RESELLERS	RESELLERS	SMB	BANK_TRANSFER	1928857,1
202604	QR	ACQUISITION	RESELLERS	RESELLERS	SMB	CREDIT_CARD	987,27
202604	QR	ACQUISITION	RESELLERS	RESELLERS	SMB	DIGITAL_CURRENCY	580
202604	QR	ACQUISITION	TELESALES_FARMING	TELESALES_FARMING	LONGTAIL		15145,48
202604	QR	ACQUISITION	TELESALES_FARMING	TELESALES_FARMING	LONGTAIL	ACCOUNT_MONEY	3077,5
202604	QR	ACQUISITION	TELESALES_FARMING	TELESALES_FARMING	LONGTAIL	BANK_TRANSFER	77639,97
202604	QR	ACQUISITION	TELESALES_FARMING	TELESALES_FARMING	LONGTAIL	DIGITAL_CURRENCY	20
202604	QR	ACQUISITION	TELESALES_FARMING	TELESALES_FARMING	SMB		6694,09
202604	QR	ACQUISITION	TELESALES_FARMING	TELESALES_FARMING	SMB	ACCOUNT_MONEY	261
202604	QR	ACQUISITION	TELESALES_FARMING	TELESALES_FARMING	SMB	BANK_TRANSFER	34281,91
202604	QR	ACQUISITION	TELEVENDAS	TELEVENDAS	LONGTAIL		47006,37
202604	QR	ACQUISITION	TELEVENDAS	TELEVENDAS	LONGTAIL	ACCOUNT_MONEY	5716,1
202604	QR	ACQUISITION	TELEVENDAS	TELEVENDAS	LONGTAIL	BANK_TRANSFER	210713,47
202604	QR	ACQUISITION	TELEVENDAS	TELEVENDAS	LONGTAIL	CREDIT_CARD	1972,89
202604	QR	ACQUISITION	TELEVENDAS	TELEVENDAS	LONGTAIL	DIGITAL_CURRENCY	975
202604	QR	ACQUISITION	TELEVENDAS	TELEVENDAS	SMB		28441,35
202604	QR	ACQUISITION	TELEVENDAS	TELEVENDAS	SMB	ACCOUNT_MONEY	2334,9
202604	QR	ACQUISITION	TELEVENDAS	TELEVENDAS	SMB	BANK_TRANSFER	186372,38
202604	QR	ACQUISITION	TELEVENDAS	TELEVENDAS	SMB	CREDIT_CARD	76
202604	QR	ENGAGEMENT	ENGAGEMENT & VALUE PROP	ENGAGEMENT & VALUE PROP	LONGTAIL		39536751,07
202604	QR	ENGAGEMENT	ENGAGEMENT & VALUE PROP	ENGAGEMENT & VALUE PROP	LONGTAIL	ACCOUNT_MONEY	13170345,37
202604	QR	ENGAGEMENT	ENGAGEMENT & VALUE PROP	ENGAGEMENT & VALUE PROP	LONGTAIL	BANK_TRANSFER	248397013,1
202604	QR	ENGAGEMENT	ENGAGEMENT & VALUE PROP	ENGAGEMENT & VALUE PROP	LONGTAIL	CREDIT_CARD	3308156,53
202604	QR	ENGAGEMENT	ENGAGEMENT & VALUE PROP	ENGAGEMENT & VALUE PROP	LONGTAIL	DIGITAL_CURRENCY	1994293,91
202604	QR	ENGAGEMENT	ENGAGEMENT & VALUE PROP	ENGAGEMENT & VALUE PROP	LONGTAIL	PREPAID_CARD	1416,22
202604	QR	ENGAGEMENT	ENGAGEMENT & VALUE PROP	ENGAGEMENT & VALUE PROP	SMB		46495941,17
202604	QR	ENGAGEMENT	ENGAGEMENT & VALUE PROP	ENGAGEMENT & VALUE PROP	SMB	ACCOUNT_MONEY	63836273,74
202604	QR	ENGAGEMENT	ENGAGEMENT & VALUE PROP	ENGAGEMENT & VALUE PROP	SMB	BANK_TRANSFER	214151254,9
202604	QR	ENGAGEMENT	ENGAGEMENT & VALUE PROP	ENGAGEMENT & VALUE PROP	SMB	CREDIT_CARD	1761672,05
202604	QR	ENGAGEMENT	ENGAGEMENT & VALUE PROP	ENGAGEMENT & VALUE PROP	SMB	DIGITAL_CURRENCY	157358,73
202604	QR	ENGAGEMENT	ENGAGEMENT & VALUE PROP	ENGAGEMENT & VALUE PROP	SMB	PREPAID_CARD	269,6
202604	QR	ENGAGEMENT	ENGAGEMENT BIG SELLERS	ENGAGEMENT BIG SELLERS	BIG SELLERS		34172859,38
202604	QR	ENGAGEMENT	ENGAGEMENT BIG SELLERS	ENGAGEMENT BIG SELLERS	BIG SELLERS	ACCOUNT_MONEY	22679239
202604	QR	ENGAGEMENT	ENGAGEMENT BIG SELLERS	ENGAGEMENT BIG SELLERS	BIG SELLERS	BANK_TRANSFER	205754498,5
202604	QR	ENGAGEMENT	ENGAGEMENT BIG SELLERS	ENGAGEMENT BIG SELLERS	BIG SELLERS	CREDIT_CARD	14268364,55
202604	QR	ENGAGEMENT	ENGAGEMENT BIG SELLERS	ENGAGEMENT BIG SELLERS	BIG SELLERS	DIGITAL_CURRENCY	316782,56
202604	QR	ENGAGEMENT	ENGAGEMENT BIG SELLERS	ENGAGEMENT BIG SELLERS	BIG SELLERS	PREPAID_CARD	35257,45
202604	QR FROM POINT	ACQUISITION	BIGSELLER FARMING	BIGSELLER FARMING	LONGTAIL		99,68
202604	QR FROM POINT	ACQUISITION	BIGSELLER FARMING	BIGSELLER FARMING	LONGTAIL	ACCOUNT_MONEY	51
202604	QR FROM POINT	ACQUISITION	BIGSELLER FARMING	BIGSELLER FARMING	LONGTAIL	BANK_TRANSFER	318
202604	QR FROM POINT	ACQUISITION	BIGSELLER FARMING	BIGSELLER FARMING	SMB		16583,68
202604	QR FROM POINT	ACQUISITION	BIGSELLER FARMING	BIGSELLER FARMING	SMB	ACCOUNT_MONEY	3790,43
202604	QR FROM POINT	ACQUISITION	BIGSELLER FARMING	BIGSELLER FARMING	SMB	BANK_TRANSFER	99419,47
202604	QR FROM POINT	ACQUISITION	BIGSELLER FARMING	BIGSELLER FARMING	SMB	CREDIT_CARD	6,5
202604	QR FROM POINT	ACQUISITION	CANAIS DIGITAIS		BIG SELLERS		24,84
202604	QR FROM POINT	ACQUISITION	CANAIS DIGITAIS		LONGTAIL		14348835,72
202604	QR FROM POINT	ACQUISITION	CANAIS DIGITAIS		SMB		15343956,51
202604	QR FROM POINT	ACQUISITION	CANAIS DIGITAIS	CANAIS DIGITAIS	BIG SELLERS	BANK_TRANSFER	40
202604	QR FROM POINT	ACQUISITION	CANAIS DIGITAIS	CANAIS DIGITAIS	LONGTAIL	ACCOUNT_MONEY	7018256,74
202604	QR FROM POINT	ACQUISITION	CANAIS DIGITAIS	CANAIS DIGITAIS	LONGTAIL	BANK_TRANSFER	82292474,36
202604	QR FROM POINT	ACQUISITION	CANAIS DIGITAIS	CANAIS DIGITAIS	LONGTAIL	CREDIT_CARD	272714,51
202604	QR FROM POINT	ACQUISITION	CANAIS DIGITAIS	CANAIS DIGITAIS	LONGTAIL	DIGITAL_CURRENCY	145423,8
202604	QR FROM POINT	ACQUISITION	CANAIS DIGITAIS	CANAIS DIGITAIS	LONGTAIL	PREPAID_CARD	339
202604	QR FROM POINT	ACQUISITION	CANAIS DIGITAIS	CANAIS DIGITAIS	SMB	ACCOUNT_MONEY	8487767,98
202604	QR FROM POINT	ACQUISITION	CANAIS DIGITAIS	CANAIS DIGITAIS	SMB	BANK_TRANSFER	89214253,99
202604	QR FROM POINT	ACQUISITION	CANAIS DIGITAIS	CANAIS DIGITAIS	SMB	CREDIT_CARD	242262
202604	QR FROM POINT	ACQUISITION	CANAIS DIGITAIS	CANAIS DIGITAIS	SMB	DIGITAL_CURRENCY	58657,09
202604	QR FROM POINT	ACQUISITION	CANAIS DIGITAIS	CANAIS DIGITAIS	SMB	PREPAID_CARD	75
202604	QR FROM POINT	ACQUISITION	CONSULTOR CERTIFICADO	CONSULTOR CERTIFICADO	LONGTAIL		246662,77
202604	QR FROM POINT	ACQUISITION	CONSULTOR CERTIFICADO	CONSULTOR CERTIFICADO	LONGTAIL	ACCOUNT_MONEY	113503,12
202604	QR FROM POINT	ACQUISITION	CONSULTOR CERTIFICADO	CONSULTOR CERTIFICADO	LONGTAIL	BANK_TRANSFER	1313451,31
202604	QR FROM POINT	ACQUISITION	CONSULTOR CERTIFICADO	CONSULTOR CERTIFICADO	LONGTAIL	CREDIT_CARD	3558,67
202604	QR FROM POINT	ACQUISITION	CONSULTOR CERTIFICADO	CONSULTOR CERTIFICADO	LONGTAIL	DIGITAL_CURRENCY	2813,49
202604	QR FROM POINT	ACQUISITION	CONSULTOR CERTIFICADO	CONSULTOR CERTIFICADO	SMB		823562,08
202604	QR FROM POINT	ACQUISITION	CONSULTOR CERTIFICADO	CONSULTOR CERTIFICADO	SMB	ACCOUNT_MONEY	454802,8
202604	QR FROM POINT	ACQUISITION	CONSULTOR CERTIFICADO	CONSULTOR CERTIFICADO	SMB	BANK_TRANSFER	4832415,53
202604	QR FROM POINT	ACQUISITION	CONSULTOR CERTIFICADO	CONSULTOR CERTIFICADO	SMB	CREDIT_CARD	11560,06
202604	QR FROM POINT	ACQUISITION	CONSULTOR CERTIFICADO	CONSULTOR CERTIFICADO	SMB	DIGITAL_CURRENCY	5828,18
202604	QR FROM POINT	ACQUISITION	FDV PROPRIA	FDV PROPRIA	LONGTAIL		3297498,01
202604	QR FROM POINT	ACQUISITION	FDV PROPRIA	FDV PROPRIA	LONGTAIL	ACCOUNT_MONEY	1475678,02
202604	QR FROM POINT	ACQUISITION	FDV PROPRIA	FDV PROPRIA	LONGTAIL	BANK_TRANSFER	18182291,31
202604	QR FROM POINT	ACQUISITION	FDV PROPRIA	FDV PROPRIA	LONGTAIL	CREDIT_CARD	53236,5
202604	QR FROM POINT	ACQUISITION	FDV PROPRIA	FDV PROPRIA	LONGTAIL	DIGITAL_CURRENCY	17831,63
202604	QR FROM POINT	ACQUISITION	FDV PROPRIA	FDV PROPRIA	SMB		14816700,96
202604	QR FROM POINT	ACQUISITION	FDV PROPRIA	FDV PROPRIA	SMB	ACCOUNT_MONEY	7678214,85
202604	QR FROM POINT	ACQUISITION	FDV PROPRIA	FDV PROPRIA	SMB	BANK_TRANSFER	88336743,1
202604	QR FROM POINT	ACQUISITION	FDV PROPRIA	FDV PROPRIA	SMB	CREDIT_CARD	194217,39
202604	QR FROM POINT	ACQUISITION	FDV PROPRIA	FDV PROPRIA	SMB	DIGITAL_CURRENCY	47956,34
202604	QR FROM POINT	ACQUISITION	FDV TERCEIRA	FDV TERCEIRA	LONGTAIL		2410573,53
202604	QR FROM POINT	ACQUISITION	FDV TERCEIRA	FDV TERCEIRA	LONGTAIL	ACCOUNT_MONEY	1336921,06
202604	QR FROM POINT	ACQUISITION	FDV TERCEIRA	FDV TERCEIRA	LONGTAIL	BANK_TRANSFER	13830742,96
202604	QR FROM POINT	ACQUISITION	FDV TERCEIRA	FDV TERCEIRA	LONGTAIL	CREDIT_CARD	42115,98
202604	QR FROM POINT	ACQUISITION	FDV TERCEIRA	FDV TERCEIRA	LONGTAIL	DIGITAL_CURRENCY	15848,3
202604	QR FROM POINT	ACQUISITION	FDV TERCEIRA	FDV TERCEIRA	SMB		3851116,15
202604	QR FROM POINT	ACQUISITION	FDV TERCEIRA	FDV TERCEIRA	SMB	ACCOUNT_MONEY	2524552,05
202604	QR FROM POINT	ACQUISITION	FDV TERCEIRA	FDV TERCEIRA	SMB	BANK_TRANSFER	21848153,32
202604	QR FROM POINT	ACQUISITION	FDV TERCEIRA	FDV TERCEIRA	SMB	CREDIT_CARD	56102,52
202604	QR FROM POINT	ACQUISITION	FDV TERCEIRA	FDV TERCEIRA	SMB	DIGITAL_CURRENCY	13547,41
202604	QR FROM POINT	ACQUISITION	HUNTING	HUNTING	BIG SELLERS		4412616,95
202604	QR FROM POINT	ACQUISITION	HUNTING	HUNTING	BIG SELLERS	ACCOUNT_MONEY	1995266,27
202604	QR FROM POINT	ACQUISITION	HUNTING	HUNTING	BIG SELLERS	BANK_TRANSFER	25033540,14
202604	QR FROM POINT	ACQUISITION	HUNTING	HUNTING	BIG SELLERS	CREDIT_CARD	44759,04
202604	QR FROM POINT	ACQUISITION	HUNTING	HUNTING	BIG SELLERS	DIGITAL_CURRENCY	2240,91
202604	QR FROM POINT	ACQUISITION	HUNTING	HUNTING	LONGTAIL		1607,67
202604	QR FROM POINT	ACQUISITION	HUNTING	HUNTING	LONGTAIL	ACCOUNT_MONEY	729
202604	QR FROM POINT	ACQUISITION	HUNTING	HUNTING	LONGTAIL	BANK_TRANSFER	14183,84
202604	QR FROM POINT	ACQUISITION	HUNTING	HUNTING	LONGTAIL	DIGITAL_CURRENCY	25
202604	QR FROM POINT	ACQUISITION	HUNTING	HUNTING	SMB		99792,83
202604	QR FROM POINT	ACQUISITION	HUNTING	HUNTING	SMB	ACCOUNT_MONEY	50753,25
202604	QR FROM POINT	ACQUISITION	HUNTING	HUNTING	SMB	BANK_TRANSFER	501626,65
202604	QR FROM POINT	ACQUISITION	HUNTING	HUNTING	SMB	CREDIT_CARD	1170,62
202604	QR FROM POINT	ACQUISITION	HUNTING	HUNTING	SMB	DIGITAL_CURRENCY	34
202604	QR FROM POINT	ACQUISITION	HUNTING LC	HUNTING LC	BIG SELLERS		29316,32
202604	QR FROM POINT	ACQUISITION	HUNTING LC	HUNTING LC	BIG SELLERS	ACCOUNT_MONEY	97027,8
202604	QR FROM POINT	ACQUISITION	HUNTING LC	HUNTING LC	BIG SELLERS	BANK_TRANSFER	77822,25
202604	QR FROM POINT	ACQUISITION	LANDING	LANDING	LONGTAIL		245,87
202604	QR FROM POINT	ACQUISITION	LANDING	LANDING	LONGTAIL	ACCOUNT_MONEY	85
202604	QR FROM POINT	ACQUISITION	LANDING	LANDING	LONGTAIL	BANK_TRANSFER	1782
202604	QR FROM POINT	ACQUISITION	MGM	MGM	LONGTAIL		3003856,91
202604	QR FROM POINT	ACQUISITION	MGM	MGM	LONGTAIL	ACCOUNT_MONEY	1438546,23
202604	QR FROM POINT	ACQUISITION	MGM	MGM	LONGTAIL	BANK_TRANSFER	17273711,14
202604	QR FROM POINT	ACQUISITION	MGM	MGM	LONGTAIL	CREDIT_CARD	47985,69
202604	QR FROM POINT	ACQUISITION	MGM	MGM	LONGTAIL	DIGITAL_CURRENCY	30549,48
202604	QR FROM POINT	ACQUISITION	MGM	MGM	LONGTAIL	PREPAID_CARD	310
202604	QR FROM POINT	ACQUISITION	MGM	MGM	SMB		2197556,51
202604	QR FROM POINT	ACQUISITION	MGM	MGM	SMB	ACCOUNT_MONEY	1410274,92
202604	QR FROM POINT	ACQUISITION	MGM	MGM	SMB	BANK_TRANSFER	13202069,64
202604	QR FROM POINT	ACQUISITION	MGM	MGM	SMB	CREDIT_CARD	38580,34
202604	QR FROM POINT	ACQUISITION	MGM	MGM	SMB	DIGITAL_CURRENCY	8016,35
202604	QR FROM POINT	ACQUISITION	PAID	PAID	LONGTAIL		842,62
202604	QR FROM POINT	ACQUISITION	PAID	PAID	LONGTAIL	ACCOUNT_MONEY	252,62
202604	QR FROM POINT	ACQUISITION	PAID	PAID	LONGTAIL	BANK_TRANSFER	2392,15
202604	QR FROM POINT	ACQUISITION	PAID	PAID	LONGTAIL	CREDIT_CARD	61,44
202604	QR FROM POINT	ACQUISITION	PARTNERS INSTORE	PARTNERS INSTORE	LONGTAIL		39946,06
202604	QR FROM POINT	ACQUISITION	PARTNERS INSTORE	PARTNERS INSTORE	LONGTAIL	ACCOUNT_MONEY	20744,32
202604	QR FROM POINT	ACQUISITION	PARTNERS INSTORE	PARTNERS INSTORE	LONGTAIL	BANK_TRANSFER	270401,78
202604	QR FROM POINT	ACQUISITION	PARTNERS INSTORE	PARTNERS INSTORE	LONGTAIL	CREDIT_CARD	922,47
202604	QR FROM POINT	ACQUISITION	PARTNERS INSTORE	PARTNERS INSTORE	LONGTAIL	DIGITAL_CURRENCY	242,85
202604	QR FROM POINT	ACQUISITION	PARTNERS INSTORE	PARTNERS INSTORE	SMB		102889,51
202604	QR FROM POINT	ACQUISITION	PARTNERS INSTORE	PARTNERS INSTORE	SMB	ACCOUNT_MONEY	76402,03
202604	QR FROM POINT	ACQUISITION	PARTNERS INSTORE	PARTNERS INSTORE	SMB	BANK_TRANSFER	565904,77
202604	QR FROM POINT	ACQUISITION	PARTNERS INSTORE	PARTNERS INSTORE	SMB	CREDIT_CARD	990,23
202604	QR FROM POINT	ACQUISITION	PARTNERS INSTORE	PARTNERS INSTORE	SMB	DIGITAL_CURRENCY	694,19
202604	QR FROM POINT	ACQUISITION	RESELLERS	RESELLERS	LONGTAIL		3875378,54
202604	QR FROM POINT	ACQUISITION	RESELLERS	RESELLERS	LONGTAIL	ACCOUNT_MONEY	1988277,82
202604	QR FROM POINT	ACQUISITION	RESELLERS	RESELLERS	LONGTAIL	BANK_TRANSFER	22551184,83
202604	QR FROM POINT	ACQUISITION	RESELLERS	RESELLERS	LONGTAIL	CREDIT_CARD	100520,91
202604	QR FROM POINT	ACQUISITION	RESELLERS	RESELLERS	LONGTAIL	DIGITAL_CURRENCY	55546,43
202604	QR FROM POINT	ACQUISITION	RESELLERS	RESELLERS	SMB		4765296,29
202604	QR FROM POINT	ACQUISITION	RESELLERS	RESELLERS	SMB	ACCOUNT_MONEY	2553623,33
202604	QR FROM POINT	ACQUISITION	RESELLERS	RESELLERS	SMB	BANK_TRANSFER	28286402,23
202604	QR FROM POINT	ACQUISITION	RESELLERS	RESELLERS	SMB	CREDIT_CARD	75461,13
202604	QR FROM POINT	ACQUISITION	RESELLERS	RESELLERS	SMB	DIGITAL_CURRENCY	25219,94
202604	QR FROM POINT	ACQUISITION	TELESALES_FARMING	TELESALES_FARMING	LONGTAIL		164422,59
202604	QR FROM POINT	ACQUISITION	TELESALES_FARMING	TELESALES_FARMING	LONGTAIL	ACCOUNT_MONEY	89029,16
202604	QR FROM POINT	ACQUISITION	TELESALES_FARMING	TELESALES_FARMING	LONGTAIL	BANK_TRANSFER	958994,64
202604	QR FROM POINT	ACQUISITION	TELESALES_FARMING	TELESALES_FARMING	LONGTAIL	CREDIT_CARD	7662,47
202604	QR FROM POINT	ACQUISITION	TELESALES_FARMING	TELESALES_FARMING	LONGTAIL	DIGITAL_CURRENCY	1754,69
202604	QR FROM POINT	ACQUISITION	TELESALES_FARMING	TELESALES_FARMING	SMB		106901,31
202604	QR FROM POINT	ACQUISITION	TELESALES_FARMING	TELESALES_FARMING	SMB	ACCOUNT_MONEY	61795,43
202604	QR FROM POINT	ACQUISITION	TELESALES_FARMING	TELESALES_FARMING	SMB	BANK_TRANSFER	724383,83
202604	QR FROM POINT	ACQUISITION	TELESALES_FARMING	TELESALES_FARMING	SMB	CREDIT_CARD	1515,82
202604	QR FROM POINT	ACQUISITION	TELESALES_FARMING	TELESALES_FARMING	SMB	DIGITAL_CURRENCY	456,75
202604	QR FROM POINT	ACQUISITION	TELEVENDAS	TELEVENDAS	LONGTAIL		604933,92
202604	QR FROM POINT	ACQUISITION	TELEVENDAS	TELEVENDAS	LONGTAIL	ACCOUNT_MONEY	282298,59
202604	QR FROM POINT	ACQUISITION	TELEVENDAS	TELEVENDAS	LONGTAIL	BANK_TRANSFER	3550316,36
202604	QR FROM POINT	ACQUISITION	TELEVENDAS	TELEVENDAS	LONGTAIL	CREDIT_CARD	8842,18
202604	QR FROM POINT	ACQUISITION	TELEVENDAS	TELEVENDAS	LONGTAIL	DIGITAL_CURRENCY	8873,47
202604	QR FROM POINT	ACQUISITION	TELEVENDAS	TELEVENDAS	SMB		927943,33
202604	QR FROM POINT	ACQUISITION	TELEVENDAS	TELEVENDAS	SMB	ACCOUNT_MONEY	559336,27
202604	QR FROM POINT	ACQUISITION	TELEVENDAS	TELEVENDAS	SMB	BANK_TRANSFER	5513620,67
202604	QR FROM POINT	ACQUISITION	TELEVENDAS	TELEVENDAS	SMB	CREDIT_CARD	12088,02
202604	QR FROM POINT	ACQUISITION	TELEVENDAS	TELEVENDAS	SMB	DIGITAL_CURRENCY	4898,88
202604	QR FROM POINT	ENGAGEMENT	ENGAGEMENT & VALUE PROP	ENGAGEMENT & VALUE PROP	LONGTAIL		94899353,62
202604	QR FROM POINT	ENGAGEMENT	ENGAGEMENT & VALUE PROP	ENGAGEMENT & VALUE PROP	LONGTAIL	ACCOUNT_MONEY	51746136,61
202604	QR FROM POINT	ENGAGEMENT	ENGAGEMENT & VALUE PROP	ENGAGEMENT & VALUE PROP	LONGTAIL	BANK_TRANSFER	620379622,8
202604	QR FROM POINT	ENGAGEMENT	ENGAGEMENT & VALUE PROP	ENGAGEMENT & VALUE PROP	LONGTAIL	CREDIT_CARD	1752079,63
202604	QR FROM POINT	ENGAGEMENT	ENGAGEMENT & VALUE PROP	ENGAGEMENT & VALUE PROP	LONGTAIL	DIGITAL_CURRENCY	843629,43
202604	QR FROM POINT	ENGAGEMENT	ENGAGEMENT & VALUE PROP	ENGAGEMENT & VALUE PROP	LONGTAIL	PREPAID_CARD	346
202604	QR FROM POINT	ENGAGEMENT	ENGAGEMENT & VALUE PROP	ENGAGEMENT & VALUE PROP	SMB		187886310
202604	QR FROM POINT	ENGAGEMENT	ENGAGEMENT & VALUE PROP	ENGAGEMENT & VALUE PROP	SMB	ACCOUNT_MONEY	112681847,8
202604	QR FROM POINT	ENGAGEMENT	ENGAGEMENT & VALUE PROP	ENGAGEMENT & VALUE PROP	SMB	BANK_TRANSFER	1234003896
202604	QR FROM POINT	ENGAGEMENT	ENGAGEMENT & VALUE PROP	ENGAGEMENT & VALUE PROP	SMB	CREDIT_CARD	3074148,05
202604	QR FROM POINT	ENGAGEMENT	ENGAGEMENT & VALUE PROP	ENGAGEMENT & VALUE PROP	SMB	DIGITAL_CURRENCY	949276,14
202604	QR FROM POINT	ENGAGEMENT	ENGAGEMENT & VALUE PROP	ENGAGEMENT & VALUE PROP	SMB	PREPAID_CARD	380,71
202604	QR FROM POINT	ENGAGEMENT	ENGAGEMENT BIG SELLERS	ENGAGEMENT BIG SELLERS	BIG SELLERS		6612494,24
202604	QR FROM POINT	ENGAGEMENT	ENGAGEMENT BIG SELLERS	ENGAGEMENT BIG SELLERS	BIG SELLERS	ACCOUNT_MONEY	3693237,56
202604	QR FROM POINT	ENGAGEMENT	ENGAGEMENT BIG SELLERS	ENGAGEMENT BIG SELLERS	BIG SELLERS	BANK_TRANSFER	37465362,62
202604	QR FROM POINT	ENGAGEMENT	ENGAGEMENT BIG SELLERS	ENGAGEMENT BIG SELLERS	BIG SELLERS	CREDIT_CARD	137861,18
202604	QR FROM POINT	ENGAGEMENT	ENGAGEMENT BIG SELLERS	ENGAGEMENT BIG SELLERS	BIG SELLERS	DIGITAL_CURRENCY	12277,28
202604	TAP	ACQUISITION	CANAIS DIGITAIS		LONGTAIL		47447947,39
202604	TAP	ACQUISITION	CANAIS DIGITAIS		SMB		18428038,78
202604	TAP	ACQUISITION	CANAIS DIGITAIS	CANAIS DIGITAIS	BIG SELLERS	CREDIT_CARD	29900
202604	TAP	ACQUISITION	CANAIS DIGITAIS	CANAIS DIGITAIS	BIG SELLERS	DEBIT_CARD	100
202604	TAP	ACQUISITION	CANAIS DIGITAIS	CANAIS DIGITAIS	LONGTAIL	CREDIT_CARD	263304408,5
202604	TAP	ACQUISITION	CANAIS DIGITAIS	CANAIS DIGITAIS	LONGTAIL	DEBIT_CARD	26356215,84
202604	TAP	ACQUISITION	CANAIS DIGITAIS	CANAIS DIGITAIS	LONGTAIL	PREPAID_CARD	1501723,08
202604	TAP	ACQUISITION	CANAIS DIGITAIS	CANAIS DIGITAIS	SMB	CREDIT_CARD	98243673,69
202604	TAP	ACQUISITION	CANAIS DIGITAIS	CANAIS DIGITAIS	SMB	DEBIT_CARD	4393691,11
202604	TAP	ACQUISITION	CANAIS DIGITAIS	CANAIS DIGITAIS	SMB	PREPAID_CARD	165204,59
202604	TAP	ACQUISITION	HUNTING	HUNTING	BIG SELLERS		9246,91
202604	TAP	ACQUISITION	HUNTING	HUNTING	BIG SELLERS	CREDIT_CARD	11422,36
202604	TAP	ACQUISITION	HUNTING	HUNTING	BIG SELLERS	DEBIT_CARD	1209,76
202604	TAP	ENGAGEMENT	ENGAGEMENT & VALUE PROP	ENGAGEMENT & VALUE PROP	LONGTAIL		160654294,3
202604	TAP	ENGAGEMENT	ENGAGEMENT & VALUE PROP	ENGAGEMENT & VALUE PROP	LONGTAIL	CREDIT_CARD	989513264
202604	TAP	ENGAGEMENT	ENGAGEMENT & VALUE PROP	ENGAGEMENT & VALUE PROP	LONGTAIL	DEBIT_CARD	80432559,67
202604	TAP	ENGAGEMENT	ENGAGEMENT & VALUE PROP	ENGAGEMENT & VALUE PROP	LONGTAIL	PREPAID_CARD	3473690,32
202604	TAP	ENGAGEMENT	ENGAGEMENT & VALUE PROP	ENGAGEMENT & VALUE PROP	SMB		50243695,66
202604	TAP	ENGAGEMENT	ENGAGEMENT & VALUE PROP	ENGAGEMENT & VALUE PROP	SMB	CREDIT_CARD	302045424,2
202604	TAP	ENGAGEMENT	ENGAGEMENT & VALUE PROP	ENGAGEMENT & VALUE PROP	SMB	DEBIT_CARD	11634020,72
202604	TAP	ENGAGEMENT	ENGAGEMENT & VALUE PROP	ENGAGEMENT & VALUE PROP	SMB	PREPAID_CARD	250676,47
202604	TAP	ENGAGEMENT	ENGAGEMENT BIG SELLERS	ENGAGEMENT BIG SELLERS	BIG SELLERS		54123,58
202604	TAP	ENGAGEMENT	ENGAGEMENT BIG SELLERS	ENGAGEMENT BIG SELLERS	BIG SELLERS	CREDIT_CARD	602841,1
202604	TAP	ENGAGEMENT	ENGAGEMENT BIG SELLERS	ENGAGEMENT BIG SELLERS	BIG SELLERS	DEBIT_CARD	21777,5
202604	TAP	ENGAGEMENT	ENGAGEMENT BIG SELLERS	ENGAGEMENT BIG SELLERS	BIG SELLERS	PREPAID_CARD	133,7