BU	SEGMENT_DESC	PRODUCT_DESC	BALANCE_SHEET_PORTFOLIO_DESC	PORTFOLIO_DESC	PAYMENT_METHOD_DESC	INSTALLMENT_NUMBER_AGROUP	YEARMONTH_ID	VERSION_DESC	DEVICE_TAP_TYPE	 VALUE_AMOUNT 
ONLINE PAYMENTS	BIG SELLERS	-	BS FARMING	-	account_money	-	202601	PLANO V5		 101.310.001,00 
ONLINE PAYMENTS	BIG SELLERS	-	BS FARMING	-	account_money	-	202602	PLANO V5		 98.657.915,00 
ONLINE PAYMENTS	BIG SELLERS	-	BS FARMING	-	account_money	-	202603	PLANO V5		 102.977.942,00 
ONLINE PAYMENTS	BIG SELLERS	-	BS FARMING	-	account_money	-	202604	PLANO V5		 99.513.139,00 
ONLINE PAYMENTS	BIG SELLERS	-	BS FARMING	-	account_money	-	202605	PLANO V5		 99.521.371,00 
ONLINE PAYMENTS	BIG SELLERS	-	BS FARMING	-	account_money	-	202606	PLANO V5		 100.292.964,00 
ONLINE PAYMENTS	BIG SELLERS	-	BS FARMING	-	account_money	-	202607	PLANO V5		 100.004.986,00 
ONLINE PAYMENTS	BIG SELLERS	-	BS FARMING	-	account_money	-	202608	PLANO V5		 101.569.188,00 
ONLINE PAYMENTS	BIG SELLERS	-	BS FARMING	-	account_money	-	202609	PLANO V5		 102.829.480,00 
ONLINE PAYMENTS	BIG SELLERS	-	BS FARMING	-	account_money	-	202610	PLANO V5		 105.850.083,00 
ONLINE PAYMENTS	BIG SELLERS	-	BS FARMING	-	account_money	-	202611	PLANO V5		 111.632.507,00 
ONLINE PAYMENTS	BIG SELLERS	-	BS FARMING	-	account_money	-	202612	PLANO V5		 104.446.035,00 
ONLINE PAYMENTS	BIG SELLERS	-	BS FARMING	-	bank_transfer	-	202601	PLANO V5		 1.245.989.241,00 
ONLINE PAYMENTS	BIG SELLERS	-	BS FARMING	-	bank_transfer	-	202602	PLANO V5		 1.159.418.819,00 
ONLINE PAYMENTS	BIG SELLERS	-	BS FARMING	-	bank_transfer	-	202603	PLANO V5		 1.250.992.251,00 
ONLINE PAYMENTS	BIG SELLERS	-	BS FARMING	-	bank_transfer	-	202604	PLANO V5		 1.218.514.484,00 
ONLINE PAYMENTS	BIG SELLERS	-	BS FARMING	-	bank_transfer	-	202605	PLANO V5		 1.264.506.512,00 
ONLINE PAYMENTS	BIG SELLERS	-	BS FARMING	-	bank_transfer	-	202606	PLANO V5		 1.240.059.552,00 
ONLINE PAYMENTS	BIG SELLERS	-	BS FARMING	-	bank_transfer	-	202607	PLANO V5		 1.294.110.605,00 
ONLINE PAYMENTS	BIG SELLERS	-	BS FARMING	-	bank_transfer	-	202608	PLANO V5		 1.282.287.008,00 
ONLINE PAYMENTS	BIG SELLERS	-	BS FARMING	-	bank_transfer	-	202609	PLANO V5		 1.243.797.499,00 
ONLINE PAYMENTS	BIG SELLERS	-	BS FARMING	-	bank_transfer	-	202610	PLANO V5		 1.437.943.654,00 
ONLINE PAYMENTS	BIG SELLERS	-	BS FARMING	-	bank_transfer	-	202611	PLANO V5		 1.762.157.593,00 
ONLINE PAYMENTS	BIG SELLERS	-	BS FARMING	-	bank_transfer	-	202612	PLANO V5		 1.462.609.541,00 
ONLINE PAYMENTS	BIG SELLERS	-	BS FARMING	-	consumer_credits	-	202601	PLANO V5		 -   
ONLINE PAYMENTS	BIG SELLERS	-	BS FARMING	-	consumer_credits	-	202602	PLANO V5		 -   
ONLINE PAYMENTS	BIG SELLERS	-	BS FARMING	-	consumer_credits	-	202603	PLANO V5		 -   
ONLINE PAYMENTS	BIG SELLERS	-	BS FARMING	-	consumer_credits	-	202604	PLANO V5		 -   
ONLINE PAYMENTS	BIG SELLERS	-	BS FARMING	-	consumer_credits	-	202605	PLANO V5		 -   
ONLINE PAYMENTS	BIG SELLERS	-	BS FARMING	-	consumer_credits	-	202606	PLANO V5		 -   
ONLINE PAYMENTS	BIG SELLERS	-	BS FARMING	-	consumer_credits	-	202607	PLANO V5		 -   
ONLINE PAYMENTS	BIG SELLERS	-	BS FARMING	-	consumer_credits	-	202608	PLANO V5		 -   
ONLINE PAYMENTS	BIG SELLERS	-	BS FARMING	-	consumer_credits	-	202609	PLANO V5		 -   
ONLINE PAYMENTS	BIG SELLERS	-	BS FARMING	-	consumer_credits	-	202610	PLANO V5		 -   
ONLINE PAYMENTS	BIG SELLERS	-	BS FARMING	-	consumer_credits	-	202611	PLANO V5		 -   
ONLINE PAYMENTS	BIG SELLERS	-	BS FARMING	-	consumer_credits	-	202612	PLANO V5		 -   
ONLINE PAYMENTS	BIG SELLERS	-	BS FARMING	-	credit_card	-	202601	PLANO V5		 -   
ONLINE PAYMENTS	BIG SELLERS	-	BS FARMING	-	credit_card	-	202602	PLANO V5		 -   
ONLINE PAYMENTS	BIG SELLERS	-	BS FARMING	-	credit_card	-	202603	PLANO V5		 -   
ONLINE PAYMENTS	BIG SELLERS	-	BS FARMING	-	credit_card	-	202604	PLANO V5		 -   
ONLINE PAYMENTS	BIG SELLERS	-	BS FARMING	-	credit_card	-	202605	PLANO V5		 -   
ONLINE PAYMENTS	BIG SELLERS	-	BS FARMING	-	credit_card	-	202606	PLANO V5		 -   
ONLINE PAYMENTS	BIG SELLERS	-	BS FARMING	-	credit_card	-	202607	PLANO V5		 -   
ONLINE PAYMENTS	BIG SELLERS	-	BS FARMING	-	credit_card	-	202608	PLANO V5		 -   
ONLINE PAYMENTS	BIG SELLERS	-	BS FARMING	-	credit_card	-	202609	PLANO V5		 -   
ONLINE PAYMENTS	BIG SELLERS	-	BS FARMING	-	credit_card	-	202610	PLANO V5		 -   
ONLINE PAYMENTS	BIG SELLERS	-	BS FARMING	-	credit_card	-	202611	PLANO V5		 -   
ONLINE PAYMENTS	BIG SELLERS	-	BS FARMING	-	credit_card	-	202612	PLANO V5		 -   
ONLINE PAYMENTS	BIG SELLERS	-	BS FARMING	-	credit_card	1x	202601	PLANO V5		 709.985.741,00 
ONLINE PAYMENTS	BIG SELLERS	-	BS FARMING	-	credit_card	1x	202602	PLANO V5		 766.572.835,00 
ONLINE PAYMENTS	BIG SELLERS	-	BS FARMING	-	credit_card	1x	202603	PLANO V5		 766.001.137,00 
ONLINE PAYMENTS	BIG SELLERS	-	BS FARMING	-	credit_card	1x	202604	PLANO V5		 742.064.192,00 
ONLINE PAYMENTS	BIG SELLERS	-	BS FARMING	-	credit_card	1x	202605	PLANO V5		 737.313.995,00 
ONLINE PAYMENTS	BIG SELLERS	-	BS FARMING	-	credit_card	1x	202606	PLANO V5		 767.087.615,00 
ONLINE PAYMENTS	BIG SELLERS	-	BS FARMING	-	credit_card	1x	202607	PLANO V5		 725.307.995,00 
ONLINE PAYMENTS	BIG SELLERS	-	BS FARMING	-	credit_card	1x	202608	PLANO V5		 750.104.175,00 
ONLINE PAYMENTS	BIG SELLERS	-	BS FARMING	-	credit_card	1x	202609	PLANO V5		 767.584.106,00 
ONLINE PAYMENTS	BIG SELLERS	-	BS FARMING	-	credit_card	1x	202610	PLANO V5		 779.721.764,00 
ONLINE PAYMENTS	BIG SELLERS	-	BS FARMING	-	credit_card	1x	202611	PLANO V5		 850.425.888,00 
ONLINE PAYMENTS	BIG SELLERS	-	BS FARMING	-	credit_card	1x	202612	PLANO V5		 1.003.276.293,00 
ONLINE PAYMENTS	BIG SELLERS	-	BS FARMING	-	credit_card	2 a 6x	202601	PLANO V5		 530.559.742,00 
ONLINE PAYMENTS	BIG SELLERS	-	BS FARMING	-	credit_card	2 a 6x	202602	PLANO V5		 464.662.060,00 
ONLINE PAYMENTS	BIG SELLERS	-	BS FARMING	-	credit_card	2 a 6x	202603	PLANO V5		 495.927.649,00 
ONLINE PAYMENTS	BIG SELLERS	-	BS FARMING	-	credit_card	2 a 6x	202604	PLANO V5		 475.750.876,00 
ONLINE PAYMENTS	BIG SELLERS	-	BS FARMING	-	credit_card	2 a 6x	202605	PLANO V5		 482.016.676,00 
ONLINE PAYMENTS	BIG SELLERS	-	BS FARMING	-	credit_card	2 a 6x	202606	PLANO V5		 474.869.663,00 
ONLINE PAYMENTS	BIG SELLERS	-	BS FARMING	-	credit_card	2 a 6x	202607	PLANO V5		 482.111.123,00 
ONLINE PAYMENTS	BIG SELLERS	-	BS FARMING	-	credit_card	2 a 6x	202608	PLANO V5		 487.699.413,00 
ONLINE PAYMENTS	BIG SELLERS	-	BS FARMING	-	credit_card	2 a 6x	202609	PLANO V5		 472.546.972,00 
ONLINE PAYMENTS	BIG SELLERS	-	BS FARMING	-	credit_card	2 a 6x	202610	PLANO V5		 552.201.276,00 
ONLINE PAYMENTS	BIG SELLERS	-	BS FARMING	-	credit_card	2 a 6x	202611	PLANO V5		 672.325.458,00 
ONLINE PAYMENTS	BIG SELLERS	-	BS FARMING	-	credit_card	2 a 6x	202612	PLANO V5		 545.620.575,00 
ONLINE PAYMENTS	BIG SELLERS	-	BS FARMING	-	credit_card	7 a 12x	202601	PLANO V5		 391.679.212,00 
ONLINE PAYMENTS	BIG SELLERS	-	BS FARMING	-	credit_card	7 a 12x	202602	PLANO V5		 355.192.735,00 
ONLINE PAYMENTS	BIG SELLERS	-	BS FARMING	-	credit_card	7 a 12x	202603	PLANO V5		 371.742.215,00 
ONLINE PAYMENTS	BIG SELLERS	-	BS FARMING	-	credit_card	7 a 12x	202604	PLANO V5		 352.699.777,00 
ONLINE PAYMENTS	BIG SELLERS	-	BS FARMING	-	credit_card	7 a 12x	202605	PLANO V5		 360.820.548,00 
ONLINE PAYMENTS	BIG SELLERS	-	BS FARMING	-	credit_card	7 a 12x	202606	PLANO V5		 354.694.522,00 
ONLINE PAYMENTS	BIG SELLERS	-	BS FARMING	-	credit_card	7 a 12x	202607	PLANO V5		 360.408.066,00 
ONLINE PAYMENTS	BIG SELLERS	-	BS FARMING	-	credit_card	7 a 12x	202608	PLANO V5		 368.454.211,00 
ONLINE PAYMENTS	BIG SELLERS	-	BS FARMING	-	credit_card	7 a 12x	202609	PLANO V5		 362.345.111,00 
ONLINE PAYMENTS	BIG SELLERS	-	BS FARMING	-	credit_card	7 a 12x	202610	PLANO V5		 413.970.949,00 
ONLINE PAYMENTS	BIG SELLERS	-	BS FARMING	-	credit_card	7 a 12x	202611	PLANO V5		 511.397.979,00 
ONLINE PAYMENTS	BIG SELLERS	-	BS FARMING	-	credit_card	7 a 12x	202612	PLANO V5		 429.034.337,00 
ONLINE PAYMENTS	BIG SELLERS	-	BS FARMING	-	credit_card	Maior que 12x	202601	PLANO V5		 31.402.591,00 
ONLINE PAYMENTS	BIG SELLERS	-	BS FARMING	-	credit_card	Maior que 12x	202602	PLANO V5		 31.258.856,00 
ONLINE PAYMENTS	BIG SELLERS	-	BS FARMING	-	credit_card	Maior que 12x	202603	PLANO V5		 31.899.432,00 
ONLINE PAYMENTS	BIG SELLERS	-	BS FARMING	-	credit_card	Maior que 12x	202604	PLANO V5		 31.642.021,00 
ONLINE PAYMENTS	BIG SELLERS	-	BS FARMING	-	credit_card	Maior que 12x	202605	PLANO V5		 31.913.360,00 
ONLINE PAYMENTS	BIG SELLERS	-	BS FARMING	-	credit_card	Maior que 12x	202606	PLANO V5		 32.096.315,00 
ONLINE PAYMENTS	BIG SELLERS	-	BS FARMING	-	credit_card	Maior que 12x	202607	PLANO V5		 32.291.601,00 
ONLINE PAYMENTS	BIG SELLERS	-	BS FARMING	-	credit_card	Maior que 12x	202608	PLANO V5		 32.225.839,00 
ONLINE PAYMENTS	BIG SELLERS	-	BS FARMING	-	credit_card	Maior que 12x	202609	PLANO V5		 32.228.915,00 
ONLINE PAYMENTS	BIG SELLERS	-	BS FARMING	-	credit_card	Maior que 12x	202610	PLANO V5		 33.227.514,00 
ONLINE PAYMENTS	BIG SELLERS	-	BS FARMING	-	credit_card	Maior que 12x	202611	PLANO V5		 44.297.117,00 
ONLINE PAYMENTS	BIG SELLERS	-	BS FARMING	-	credit_card	Maior que 12x	202612	PLANO V5		 42.299.968,00 
ONLINE PAYMENTS	BIG SELLERS	-	BS FARMING	-	debit_card	-	202601	PLANO V5		 21.964,00 
ONLINE PAYMENTS	BIG SELLERS	-	BS FARMING	-	debit_card	-	202602	PLANO V5		 26.772,00 
ONLINE PAYMENTS	BIG SELLERS	-	BS FARMING	-	debit_card	-	202603	PLANO V5		 26.007,00 
ONLINE PAYMENTS	BIG SELLERS	-	BS FARMING	-	debit_card	-	202604	PLANO V5		 33.380,00 
ONLINE PAYMENTS	BIG SELLERS	-	BS FARMING	-	debit_card	-	202605	PLANO V5		 31.519,00 
ONLINE PAYMENTS	BIG SELLERS	-	BS FARMING	-	debit_card	-	202606	PLANO V5		 20.701,00 
ONLINE PAYMENTS	BIG SELLERS	-	BS FARMING	-	debit_card	-	202607	PLANO V5		 23.461,00 
ONLINE PAYMENTS	BIG SELLERS	-	BS FARMING	-	debit_card	-	202608	PLANO V5		 152.110,00 
ONLINE PAYMENTS	BIG SELLERS	-	BS FARMING	-	debit_card	-	202609	PLANO V5		 44.948,00 
ONLINE PAYMENTS	BIG SELLERS	-	BS FARMING	-	debit_card	-	202610	PLANO V5		 72.143,00 
ONLINE PAYMENTS	BIG SELLERS	-	BS FARMING	-	debit_card	-	202611	PLANO V5		 101.010,00 
ONLINE PAYMENTS	BIG SELLERS	-	BS FARMING	-	debit_card	-	202612	PLANO V5		 89.877,00 
ONLINE PAYMENTS	BIG SELLERS	-	BS FARMING	-	digital_currency	-	202601	PLANO V5		 1.334.881,00 
ONLINE PAYMENTS	BIG SELLERS	-	BS FARMING	-	digital_currency	-	202602	PLANO V5		 903.404,00 
ONLINE PAYMENTS	BIG SELLERS	-	BS FARMING	-	digital_currency	-	202603	PLANO V5		 1.154.261,00 
ONLINE PAYMENTS	BIG SELLERS	-	BS FARMING	-	digital_currency	-	202604	PLANO V5		 1.101.575,00 
ONLINE PAYMENTS	BIG SELLERS	-	BS FARMING	-	digital_currency	-	202605	PLANO V5		 1.244.360,00 
ONLINE PAYMENTS	BIG SELLERS	-	BS FARMING	-	digital_currency	-	202606	PLANO V5		 1.090.526,00 
ONLINE PAYMENTS	BIG SELLERS	-	BS FARMING	-	digital_currency	-	202607	PLANO V5		 997.075,00 
ONLINE PAYMENTS	BIG SELLERS	-	BS FARMING	-	digital_currency	-	202608	PLANO V5		 1.010.785,00 
ONLINE PAYMENTS	BIG SELLERS	-	BS FARMING	-	digital_currency	-	202609	PLANO V5		 788.499,00 
ONLINE PAYMENTS	BIG SELLERS	-	BS FARMING	-	digital_currency	-	202610	PLANO V5		 1.164.679,00 
ONLINE PAYMENTS	BIG SELLERS	-	BS FARMING	-	digital_currency	-	202611	PLANO V5		 1.375.189,00 
ONLINE PAYMENTS	BIG SELLERS	-	BS FARMING	-	digital_currency	-	202612	PLANO V5		 1.014.586,00 
ONLINE PAYMENTS	BIG SELLERS	-	BS FARMING	-	ticket	-	202601	PLANO V5		 55.145.217,00 
ONLINE PAYMENTS	BIG SELLERS	-	BS FARMING	-	ticket	-	202602	PLANO V5		 51.939.591,00 
ONLINE PAYMENTS	BIG SELLERS	-	BS FARMING	-	ticket	-	202603	PLANO V5		 56.116.223,00 
ONLINE PAYMENTS	BIG SELLERS	-	BS FARMING	-	ticket	-	202604	PLANO V5		 53.772.333,00 
ONLINE PAYMENTS	BIG SELLERS	-	BS FARMING	-	ticket	-	202605	PLANO V5		 56.383.300,00 
ONLINE PAYMENTS	BIG SELLERS	-	BS FARMING	-	ticket	-	202606	PLANO V5		 55.469.140,00 
ONLINE PAYMENTS	BIG SELLERS	-	BS FARMING	-	ticket	-	202607	PLANO V5		 57.327.646,00 
ONLINE PAYMENTS	BIG SELLERS	-	BS FARMING	-	ticket	-	202608	PLANO V5		 56.469.863,00 
ONLINE PAYMENTS	BIG SELLERS	-	BS FARMING	-	ticket	-	202609	PLANO V5		 55.508.251,00 
ONLINE PAYMENTS	BIG SELLERS	-	BS FARMING	-	ticket	-	202610	PLANO V5		 64.962.843,00 
ONLINE PAYMENTS	BIG SELLERS	-	BS FARMING	-	ticket	-	202611	PLANO V5		 85.084.915,00 
ONLINE PAYMENTS	BIG SELLERS	-	BS FARMING	-	ticket	-	202612	PLANO V5		 60.262.847,00 
ONLINE PAYMENTS	BIG SELLERS	-	BS HUNTING	-	account_money	-	202601	PLANO V5		 978.485,00 
ONLINE PAYMENTS	BIG SELLERS	-	BS HUNTING	-	account_money	-	202602	PLANO V5		 2.429.422,00 
ONLINE PAYMENTS	BIG SELLERS	-	BS HUNTING	-	account_money	-	202603	PLANO V5		 4.778.290,00 
ONLINE PAYMENTS	BIG SELLERS	-	BS HUNTING	-	account_money	-	202604	PLANO V5		 7.706.063,00 
ONLINE PAYMENTS	BIG SELLERS	-	BS HUNTING	-	account_money	-	202605	PLANO V5		 9.641.224,00 
ONLINE PAYMENTS	BIG SELLERS	-	BS HUNTING	-	account_money	-	202606	PLANO V5		 11.231.908,00 
ONLINE PAYMENTS	BIG SELLERS	-	BS HUNTING	-	account_money	-	202607	PLANO V5		 12.915.132,00 
ONLINE PAYMENTS	BIG SELLERS	-	BS HUNTING	-	account_money	-	202608	PLANO V5		 13.349.812,00 
ONLINE PAYMENTS	BIG SELLERS	-	BS HUNTING	-	account_money	-	202609	PLANO V5		 14.404.211,00 
ONLINE PAYMENTS	BIG SELLERS	-	BS HUNTING	-	account_money	-	202610	PLANO V5		 14.830.138,00 
ONLINE PAYMENTS	BIG SELLERS	-	BS HUNTING	-	account_money	-	202611	PLANO V5		 16.624.516,00 
ONLINE PAYMENTS	BIG SELLERS	-	BS HUNTING	-	account_money	-	202612	PLANO V5		 15.283.595,00 
ONLINE PAYMENTS	BIG SELLERS	-	BS HUNTING	-	bank_transfer	-	202601	PLANO V5		 17.752.304,00 
ONLINE PAYMENTS	BIG SELLERS	-	BS HUNTING	-	bank_transfer	-	202602	PLANO V5		 36.251.967,00 
ONLINE PAYMENTS	BIG SELLERS	-	BS HUNTING	-	bank_transfer	-	202603	PLANO V5		 63.691.880,00 
ONLINE PAYMENTS	BIG SELLERS	-	BS HUNTING	-	bank_transfer	-	202604	PLANO V5		 93.657.722,00 
ONLINE PAYMENTS	BIG SELLERS	-	BS HUNTING	-	bank_transfer	-	202605	PLANO V5		 112.524.014,00 
ONLINE PAYMENTS	BIG SELLERS	-	BS HUNTING	-	bank_transfer	-	202606	PLANO V5		 142.822.542,00 
ONLINE PAYMENTS	BIG SELLERS	-	BS HUNTING	-	bank_transfer	-	202607	PLANO V5		 166.913.123,00 
ONLINE PAYMENTS	BIG SELLERS	-	BS HUNTING	-	bank_transfer	-	202608	PLANO V5		 185.944.193,00 
ONLINE PAYMENTS	BIG SELLERS	-	BS HUNTING	-	bank_transfer	-	202609	PLANO V5		 208.203.395,00 
ONLINE PAYMENTS	BIG SELLERS	-	BS HUNTING	-	bank_transfer	-	202610	PLANO V5		 239.430.437,00 
ONLINE PAYMENTS	BIG SELLERS	-	BS HUNTING	-	bank_transfer	-	202611	PLANO V5		 259.076.868,00 
ONLINE PAYMENTS	BIG SELLERS	-	BS HUNTING	-	bank_transfer	-	202612	PLANO V5		 311.715.191,00 
ONLINE PAYMENTS	BIG SELLERS	-	BS HUNTING	-	consumer_credits	-	202601	PLANO V5		 -   
ONLINE PAYMENTS	BIG SELLERS	-	BS HUNTING	-	consumer_credits	-	202602	PLANO V5		 -   
ONLINE PAYMENTS	BIG SELLERS	-	BS HUNTING	-	consumer_credits	-	202603	PLANO V5		 -   
ONLINE PAYMENTS	BIG SELLERS	-	BS HUNTING	-	consumer_credits	-	202604	PLANO V5		 -   
ONLINE PAYMENTS	BIG SELLERS	-	BS HUNTING	-	consumer_credits	-	202605	PLANO V5		 -   
ONLINE PAYMENTS	BIG SELLERS	-	BS HUNTING	-	consumer_credits	-	202606	PLANO V5		 -   
ONLINE PAYMENTS	BIG SELLERS	-	BS HUNTING	-	consumer_credits	-	202607	PLANO V5		 -   
ONLINE PAYMENTS	BIG SELLERS	-	BS HUNTING	-	consumer_credits	-	202608	PLANO V5		 -   
ONLINE PAYMENTS	BIG SELLERS	-	BS HUNTING	-	consumer_credits	-	202609	PLANO V5		 -   
ONLINE PAYMENTS	BIG SELLERS	-	BS HUNTING	-	consumer_credits	-	202610	PLANO V5		 -   
ONLINE PAYMENTS	BIG SELLERS	-	BS HUNTING	-	consumer_credits	-	202611	PLANO V5		 -   
ONLINE PAYMENTS	BIG SELLERS	-	BS HUNTING	-	consumer_credits	-	202612	PLANO V5		 -   
ONLINE PAYMENTS	BIG SELLERS	-	BS HUNTING	-	credit_card	-	202601	PLANO V5		 -   
ONLINE PAYMENTS	BIG SELLERS	-	BS HUNTING	-	credit_card	-	202602	PLANO V5		 -   
ONLINE PAYMENTS	BIG SELLERS	-	BS HUNTING	-	credit_card	-	202603	PLANO V5		 -   
ONLINE PAYMENTS	BIG SELLERS	-	BS HUNTING	-	credit_card	-	202604	PLANO V5		 -   
ONLINE PAYMENTS	BIG SELLERS	-	BS HUNTING	-	credit_card	-	202605	PLANO V5		 -   
ONLINE PAYMENTS	BIG SELLERS	-	BS HUNTING	-	credit_card	-	202606	PLANO V5		 -   
ONLINE PAYMENTS	BIG SELLERS	-	BS HUNTING	-	credit_card	-	202607	PLANO V5		 -   
ONLINE PAYMENTS	BIG SELLERS	-	BS HUNTING	-	credit_card	-	202608	PLANO V5		 -   
ONLINE PAYMENTS	BIG SELLERS	-	BS HUNTING	-	credit_card	-	202609	PLANO V5		 -   
ONLINE PAYMENTS	BIG SELLERS	-	BS HUNTING	-	credit_card	-	202610	PLANO V5		 -   
ONLINE PAYMENTS	BIG SELLERS	-	BS HUNTING	-	credit_card	-	202611	PLANO V5		 -   
ONLINE PAYMENTS	BIG SELLERS	-	BS HUNTING	-	credit_card	-	202612	PLANO V5		 -   
ONLINE PAYMENTS	BIG SELLERS	-	BS HUNTING	-	credit_card	1x	202601	PLANO V5		 9.753.018,00 
ONLINE PAYMENTS	BIG SELLERS	-	BS HUNTING	-	credit_card	1x	202602	PLANO V5		 20.300.064,00 
ONLINE PAYMENTS	BIG SELLERS	-	BS HUNTING	-	credit_card	1x	202603	PLANO V5		 38.595.147,00 
ONLINE PAYMENTS	BIG SELLERS	-	BS HUNTING	-	credit_card	1x	202604	PLANO V5		 58.160.589,00 
ONLINE PAYMENTS	BIG SELLERS	-	BS HUNTING	-	credit_card	1x	202605	PLANO V5		 77.311.257,00 
ONLINE PAYMENTS	BIG SELLERS	-	BS HUNTING	-	credit_card	1x	202606	PLANO V5		 82.863.262,00 
ONLINE PAYMENTS	BIG SELLERS	-	BS HUNTING	-	credit_card	1x	202607	PLANO V5		 96.635.801,00 
ONLINE PAYMENTS	BIG SELLERS	-	BS HUNTING	-	credit_card	1x	202608	PLANO V5		 106.510.584,00 
ONLINE PAYMENTS	BIG SELLERS	-	BS HUNTING	-	credit_card	1x	202609	PLANO V5		 117.557.647,00 
ONLINE PAYMENTS	BIG SELLERS	-	BS HUNTING	-	credit_card	1x	202610	PLANO V5		 127.039.399,00 
ONLINE PAYMENTS	BIG SELLERS	-	BS HUNTING	-	credit_card	1x	202611	PLANO V5		 153.713.439,00 
ONLINE PAYMENTS	BIG SELLERS	-	BS HUNTING	-	credit_card	1x	202612	PLANO V5		 133.939.796,00 
ONLINE PAYMENTS	BIG SELLERS	-	BS HUNTING	-	credit_card	2 a 6x	202601	PLANO V5		 18.763.649,00 
ONLINE PAYMENTS	BIG SELLERS	-	BS HUNTING	-	credit_card	2 a 6x	202602	PLANO V5		 40.464.337,00 
ONLINE PAYMENTS	BIG SELLERS	-	BS HUNTING	-	credit_card	2 a 6x	202603	PLANO V5		 72.103.282,00 
ONLINE PAYMENTS	BIG SELLERS	-	BS HUNTING	-	credit_card	2 a 6x	202604	PLANO V5		 108.593.821,00 
ONLINE PAYMENTS	BIG SELLERS	-	BS HUNTING	-	credit_card	2 a 6x	202605	PLANO V5		 139.914.268,00 
ONLINE PAYMENTS	BIG SELLERS	-	BS HUNTING	-	credit_card	2 a 6x	202606	PLANO V5		 166.153.542,00 
ONLINE PAYMENTS	BIG SELLERS	-	BS HUNTING	-	credit_card	2 a 6x	202607	PLANO V5		 193.260.082,00 
ONLINE PAYMENTS	BIG SELLERS	-	BS HUNTING	-	credit_card	2 a 6x	202608	PLANO V5		 210.727.995,00 
ONLINE PAYMENTS	BIG SELLERS	-	BS HUNTING	-	credit_card	2 a 6x	202609	PLANO V5		 234.148.328,00 
ONLINE PAYMENTS	BIG SELLERS	-	BS HUNTING	-	credit_card	2 a 6x	202610	PLANO V5		 265.322.990,00 
ONLINE PAYMENTS	BIG SELLERS	-	BS HUNTING	-	credit_card	2 a 6x	202611	PLANO V5		 350.066.232,00 
ONLINE PAYMENTS	BIG SELLERS	-	BS HUNTING	-	credit_card	2 a 6x	202612	PLANO V5		 273.650.369,00 
ONLINE PAYMENTS	BIG SELLERS	-	BS HUNTING	-	credit_card	7 a 12x	202601	PLANO V5		 13.349.539,00 
ONLINE PAYMENTS	BIG SELLERS	-	BS HUNTING	-	credit_card	7 a 12x	202602	PLANO V5		 28.204.183,00 
ONLINE PAYMENTS	BIG SELLERS	-	BS HUNTING	-	credit_card	7 a 12x	202603	PLANO V5		 49.695.720,00 
ONLINE PAYMENTS	BIG SELLERS	-	BS HUNTING	-	credit_card	7 a 12x	202604	PLANO V5		 74.553.690,00 
ONLINE PAYMENTS	BIG SELLERS	-	BS HUNTING	-	credit_card	7 a 12x	202605	PLANO V5		 96.639.985,00 
ONLINE PAYMENTS	BIG SELLERS	-	BS HUNTING	-	credit_card	7 a 12x	202606	PLANO V5		 114.767.243,00 
ONLINE PAYMENTS	BIG SELLERS	-	BS HUNTING	-	credit_card	7 a 12x	202607	PLANO V5		 133.543.773,00 
ONLINE PAYMENTS	BIG SELLERS	-	BS HUNTING	-	credit_card	7 a 12x	202608	PLANO V5		 146.168.173,00 
ONLINE PAYMENTS	BIG SELLERS	-	BS HUNTING	-	credit_card	7 a 12x	202609	PLANO V5		 162.811.116,00 
ONLINE PAYMENTS	BIG SELLERS	-	BS HUNTING	-	credit_card	7 a 12x	202610	PLANO V5		 185.367.472,00 
ONLINE PAYMENTS	BIG SELLERS	-	BS HUNTING	-	credit_card	7 a 12x	202611	PLANO V5		 245.670.258,00 
ONLINE PAYMENTS	BIG SELLERS	-	BS HUNTING	-	credit_card	7 a 12x	202612	PLANO V5		 192.169.486,00 
ONLINE PAYMENTS	BIG SELLERS	-	BS HUNTING	-	credit_card	Maior que 12x	202601	PLANO V5		 139.281,00 
ONLINE PAYMENTS	BIG SELLERS	-	BS HUNTING	-	credit_card	Maior que 12x	202602	PLANO V5		 243.241,00 
ONLINE PAYMENTS	BIG SELLERS	-	BS HUNTING	-	credit_card	Maior que 12x	202603	PLANO V5		 398.569,00 
ONLINE PAYMENTS	BIG SELLERS	-	BS HUNTING	-	credit_card	Maior que 12x	202604	PLANO V5		 556.820,00 
ONLINE PAYMENTS	BIG SELLERS	-	BS HUNTING	-	credit_card	Maior que 12x	202605	PLANO V5		 700.346,00 
ONLINE PAYMENTS	BIG SELLERS	-	BS HUNTING	-	credit_card	Maior que 12x	202606	PLANO V5		 907.155,00 
ONLINE PAYMENTS	BIG SELLERS	-	BS HUNTING	-	credit_card	Maior que 12x	202607	PLANO V5		 1.080.022,00 
ONLINE PAYMENTS	BIG SELLERS	-	BS HUNTING	-	credit_card	Maior que 12x	202608	PLANO V5		 1.251.881,00 
ONLINE PAYMENTS	BIG SELLERS	-	BS HUNTING	-	credit_card	Maior que 12x	202609	PLANO V5		 1.434.329,00 
ONLINE PAYMENTS	BIG SELLERS	-	BS HUNTING	-	credit_card	Maior que 12x	202610	PLANO V5		 1.789.515,00 
ONLINE PAYMENTS	BIG SELLERS	-	BS HUNTING	-	credit_card	Maior que 12x	202611	PLANO V5		 2.563.223,00 
ONLINE PAYMENTS	BIG SELLERS	-	BS HUNTING	-	credit_card	Maior que 12x	202612	PLANO V5		 1.989.103,00 
ONLINE PAYMENTS	BIG SELLERS	-	BS HUNTING	-	debit_card	-	202601	PLANO V5		 389,00 
ONLINE PAYMENTS	BIG SELLERS	-	BS HUNTING	-	debit_card	-	202602	PLANO V5		 773,00 
ONLINE PAYMENTS	BIG SELLERS	-	BS HUNTING	-	debit_card	-	202603	PLANO V5		 1.253,00 
ONLINE PAYMENTS	BIG SELLERS	-	BS HUNTING	-	debit_card	-	202604	PLANO V5		 1.740,00 
ONLINE PAYMENTS	BIG SELLERS	-	BS HUNTING	-	debit_card	-	202605	PLANO V5		 2.246,00 
ONLINE PAYMENTS	BIG SELLERS	-	BS HUNTING	-	debit_card	-	202606	PLANO V5		 2.745,00 
ONLINE PAYMENTS	BIG SELLERS	-	BS HUNTING	-	debit_card	-	202607	PLANO V5		 3.226,00 
ONLINE PAYMENTS	BIG SELLERS	-	BS HUNTING	-	debit_card	-	202608	PLANO V5		 3.749,00 
ONLINE PAYMENTS	BIG SELLERS	-	BS HUNTING	-	debit_card	-	202609	PLANO V5		 4.280,00 
ONLINE PAYMENTS	BIG SELLERS	-	BS HUNTING	-	debit_card	-	202610	PLANO V5		 5.187,00 
ONLINE PAYMENTS	BIG SELLERS	-	BS HUNTING	-	debit_card	-	202611	PLANO V5		 6.793,00 
ONLINE PAYMENTS	BIG SELLERS	-	BS HUNTING	-	debit_card	-	202612	PLANO V5		 6.076,00 
ONLINE PAYMENTS	BIG SELLERS	-	BS HUNTING	-	digital_currency	-	202601	PLANO V5		 20.739,00 
ONLINE PAYMENTS	BIG SELLERS	-	BS HUNTING	-	digital_currency	-	202602	PLANO V5		 46.500,00 
ONLINE PAYMENTS	BIG SELLERS	-	BS HUNTING	-	digital_currency	-	202603	PLANO V5		 86.453,00 
ONLINE PAYMENTS	BIG SELLERS	-	BS HUNTING	-	digital_currency	-	202604	PLANO V5		 132.219,00 
ONLINE PAYMENTS	BIG SELLERS	-	BS HUNTING	-	digital_currency	-	202605	PLANO V5		 167.804,00 
ONLINE PAYMENTS	BIG SELLERS	-	BS HUNTING	-	digital_currency	-	202606	PLANO V5		 198.061,00 
ONLINE PAYMENTS	BIG SELLERS	-	BS HUNTING	-	digital_currency	-	202607	PLANO V5		 229.261,00 
ONLINE PAYMENTS	BIG SELLERS	-	BS HUNTING	-	digital_currency	-	202608	PLANO V5		 245.571,00 
ONLINE PAYMENTS	BIG SELLERS	-	BS HUNTING	-	digital_currency	-	202609	PLANO V5		 270.200,00 
ONLINE PAYMENTS	BIG SELLERS	-	BS HUNTING	-	digital_currency	-	202610	PLANO V5		 294.710,00 
ONLINE PAYMENTS	BIG SELLERS	-	BS HUNTING	-	digital_currency	-	202611	PLANO V5		 351.266,00 
ONLINE PAYMENTS	BIG SELLERS	-	BS HUNTING	-	digital_currency	-	202612	PLANO V5		 319.293,00 
ONLINE PAYMENTS	BIG SELLERS	-	BS HUNTING	-	ticket	-	202601	PLANO V5		 551.915,00 
ONLINE PAYMENTS	BIG SELLERS	-	BS HUNTING	-	ticket	-	202602	PLANO V5		 1.022.204,00 
ONLINE PAYMENTS	BIG SELLERS	-	BS HUNTING	-	ticket	-	202603	PLANO V5		 1.685.687,00 
ONLINE PAYMENTS	BIG SELLERS	-	BS HUNTING	-	ticket	-	202604	PLANO V5		 2.343.564,00 
ONLINE PAYMENTS	BIG SELLERS	-	BS HUNTING	-	ticket	-	202605	PLANO V5		 3.041.215,00 
ONLINE PAYMENTS	BIG SELLERS	-	BS HUNTING	-	ticket	-	202606	PLANO V5		 3.679.940,00 
ONLINE PAYMENTS	BIG SELLERS	-	BS HUNTING	-	ticket	-	202607	PLANO V5		 4.345.901,00 
ONLINE PAYMENTS	BIG SELLERS	-	BS HUNTING	-	ticket	-	202608	PLANO V5		 5.064.161,00 
ONLINE PAYMENTS	BIG SELLERS	-	BS HUNTING	-	ticket	-	202609	PLANO V5		 5.785.271,00 
ONLINE PAYMENTS	BIG SELLERS	-	BS HUNTING	-	ticket	-	202610	PLANO V5		 7.017.511,00 
ONLINE PAYMENTS	BIG SELLERS	-	BS HUNTING	-	ticket	-	202611	PLANO V5		 9.215.948,00 
ONLINE PAYMENTS	BIG SELLERS	-	BS HUNTING	-	ticket	-	202612	PLANO V5		 8.240.365,00 
ONLINE PAYMENTS	BIG SELLERS	-	BS Sin Tag	-	account_money	-	202601	PLANO V5		 -   
ONLINE PAYMENTS	BIG SELLERS	-	BS Sin Tag	-	account_money	-	202602	PLANO V5		 -   
ONLINE PAYMENTS	BIG SELLERS	-	BS Sin Tag	-	account_money	-	202603	PLANO V5		 -   
ONLINE PAYMENTS	BIG SELLERS	-	BS Sin Tag	-	account_money	-	202604	PLANO V5		 -   
ONLINE PAYMENTS	BIG SELLERS	-	BS Sin Tag	-	account_money	-	202605	PLANO V5		 -   
ONLINE PAYMENTS	BIG SELLERS	-	BS Sin Tag	-	account_money	-	202606	PLANO V5		 -   
ONLINE PAYMENTS	BIG SELLERS	-	BS Sin Tag	-	account_money	-	202607	PLANO V5		 -   
ONLINE PAYMENTS	BIG SELLERS	-	BS Sin Tag	-	account_money	-	202608	PLANO V5		 -   
ONLINE PAYMENTS	BIG SELLERS	-	BS Sin Tag	-	account_money	-	202609	PLANO V5		 -   
ONLINE PAYMENTS	BIG SELLERS	-	BS Sin Tag	-	account_money	-	202610	PLANO V5		 -   
ONLINE PAYMENTS	BIG SELLERS	-	BS Sin Tag	-	account_money	-	202611	PLANO V5		 -   
ONLINE PAYMENTS	BIG SELLERS	-	BS Sin Tag	-	account_money	-	202612	PLANO V5		 -   
ONLINE PAYMENTS	BIG SELLERS	-	BS Sin Tag	-	bank_transfer	-	202601	PLANO V5		 -   
ONLINE PAYMENTS	BIG SELLERS	-	BS Sin Tag	-	bank_transfer	-	202602	PLANO V5		 -   
ONLINE PAYMENTS	BIG SELLERS	-	BS Sin Tag	-	bank_transfer	-	202603	PLANO V5		 -   
ONLINE PAYMENTS	BIG SELLERS	-	BS Sin Tag	-	bank_transfer	-	202604	PLANO V5		 -   
ONLINE PAYMENTS	BIG SELLERS	-	BS Sin Tag	-	bank_transfer	-	202605	PLANO V5		 -   
ONLINE PAYMENTS	BIG SELLERS	-	BS Sin Tag	-	bank_transfer	-	202606	PLANO V5		 -   
ONLINE PAYMENTS	BIG SELLERS	-	BS Sin Tag	-	bank_transfer	-	202607	PLANO V5		 -   
ONLINE PAYMENTS	BIG SELLERS	-	BS Sin Tag	-	bank_transfer	-	202608	PLANO V5		 -   
ONLINE PAYMENTS	BIG SELLERS	-	BS Sin Tag	-	bank_transfer	-	202609	PLANO V5		 -   
ONLINE PAYMENTS	BIG SELLERS	-	BS Sin Tag	-	bank_transfer	-	202610	PLANO V5		 -   
ONLINE PAYMENTS	BIG SELLERS	-	BS Sin Tag	-	bank_transfer	-	202611	PLANO V5		 -   
ONLINE PAYMENTS	BIG SELLERS	-	BS Sin Tag	-	bank_transfer	-	202612	PLANO V5		 -   
ONLINE PAYMENTS	BIG SELLERS	-	BS Sin Tag	-	consumer_credits	-	202601	PLANO V5		 -   
ONLINE PAYMENTS	BIG SELLERS	-	BS Sin Tag	-	consumer_credits	-	202602	PLANO V5		 -   
ONLINE PAYMENTS	BIG SELLERS	-	BS Sin Tag	-	consumer_credits	-	202603	PLANO V5		 -   
ONLINE PAYMENTS	BIG SELLERS	-	BS Sin Tag	-	consumer_credits	-	202604	PLANO V5		 -   
ONLINE PAYMENTS	BIG SELLERS	-	BS Sin Tag	-	consumer_credits	-	202605	PLANO V5		 -   
ONLINE PAYMENTS	BIG SELLERS	-	BS Sin Tag	-	consumer_credits	-	202606	PLANO V5		 -   
ONLINE PAYMENTS	BIG SELLERS	-	BS Sin Tag	-	consumer_credits	-	202607	PLANO V5		 -   
ONLINE PAYMENTS	BIG SELLERS	-	BS Sin Tag	-	consumer_credits	-	202608	PLANO V5		 -   
ONLINE PAYMENTS	BIG SELLERS	-	BS Sin Tag	-	consumer_credits	-	202609	PLANO V5		 -   
ONLINE PAYMENTS	BIG SELLERS	-	BS Sin Tag	-	consumer_credits	-	202610	PLANO V5		 -   
ONLINE PAYMENTS	BIG SELLERS	-	BS Sin Tag	-	consumer_credits	-	202611	PLANO V5		 -   
ONLINE PAYMENTS	BIG SELLERS	-	BS Sin Tag	-	consumer_credits	-	202612	PLANO V5		 -   
ONLINE PAYMENTS	BIG SELLERS	-	BS Sin Tag	-	credit_card	-	202601	PLANO V5		 -   
ONLINE PAYMENTS	BIG SELLERS	-	BS Sin Tag	-	credit_card	-	202602	PLANO V5		 -   
ONLINE PAYMENTS	BIG SELLERS	-	BS Sin Tag	-	credit_card	-	202603	PLANO V5		 -   
ONLINE PAYMENTS	BIG SELLERS	-	BS Sin Tag	-	credit_card	-	202604	PLANO V5		 -   
ONLINE PAYMENTS	BIG SELLERS	-	BS Sin Tag	-	credit_card	-	202605	PLANO V5		 -   
ONLINE PAYMENTS	BIG SELLERS	-	BS Sin Tag	-	credit_card	-	202606	PLANO V5		 -   
ONLINE PAYMENTS	BIG SELLERS	-	BS Sin Tag	-	credit_card	-	202607	PLANO V5		 -   
ONLINE PAYMENTS	BIG SELLERS	-	BS Sin Tag	-	credit_card	-	202608	PLANO V5		 -   
ONLINE PAYMENTS	BIG SELLERS	-	BS Sin Tag	-	credit_card	-	202609	PLANO V5		 -   
ONLINE PAYMENTS	BIG SELLERS	-	BS Sin Tag	-	credit_card	-	202610	PLANO V5		 -   
ONLINE PAYMENTS	BIG SELLERS	-	BS Sin Tag	-	credit_card	-	202611	PLANO V5		 -   
ONLINE PAYMENTS	BIG SELLERS	-	BS Sin Tag	-	credit_card	-	202612	PLANO V5		 -   
ONLINE PAYMENTS	BIG SELLERS	-	BS Sin Tag	-	credit_card	1x	202601	PLANO V5		 -   
ONLINE PAYMENTS	BIG SELLERS	-	BS Sin Tag	-	credit_card	1x	202602	PLANO V5		 -   
ONLINE PAYMENTS	BIG SELLERS	-	BS Sin Tag	-	credit_card	1x	202603	PLANO V5		 -   
ONLINE PAYMENTS	BIG SELLERS	-	BS Sin Tag	-	credit_card	1x	202604	PLANO V5		 -   
ONLINE PAYMENTS	BIG SELLERS	-	BS Sin Tag	-	credit_card	1x	202605	PLANO V5		 -   
ONLINE PAYMENTS	BIG SELLERS	-	BS Sin Tag	-	credit_card	1x	202606	PLANO V5		 -   
ONLINE PAYMENTS	BIG SELLERS	-	BS Sin Tag	-	credit_card	1x	202607	PLANO V5		 -   
ONLINE PAYMENTS	BIG SELLERS	-	BS Sin Tag	-	credit_card	1x	202608	PLANO V5		 -   
ONLINE PAYMENTS	BIG SELLERS	-	BS Sin Tag	-	credit_card	1x	202609	PLANO V5		 -   
ONLINE PAYMENTS	BIG SELLERS	-	BS Sin Tag	-	credit_card	1x	202610	PLANO V5		 -   
ONLINE PAYMENTS	BIG SELLERS	-	BS Sin Tag	-	credit_card	1x	202611	PLANO V5		 -   
ONLINE PAYMENTS	BIG SELLERS	-	BS Sin Tag	-	credit_card	1x	202612	PLANO V5		 -   
ONLINE PAYMENTS	BIG SELLERS	-	BS Sin Tag	-	credit_card	2 a 6x	202601	PLANO V5		 -   
ONLINE PAYMENTS	BIG SELLERS	-	BS Sin Tag	-	credit_card	2 a 6x	202602	PLANO V5		 -   
ONLINE PAYMENTS	BIG SELLERS	-	BS Sin Tag	-	credit_card	2 a 6x	202603	PLANO V5		 -   
ONLINE PAYMENTS	BIG SELLERS	-	BS Sin Tag	-	credit_card	2 a 6x	202604	PLANO V5		 -   
ONLINE PAYMENTS	BIG SELLERS	-	BS Sin Tag	-	credit_card	2 a 6x	202605	PLANO V5		 -   
ONLINE PAYMENTS	BIG SELLERS	-	BS Sin Tag	-	credit_card	2 a 6x	202606	PLANO V5		 -   
ONLINE PAYMENTS	BIG SELLERS	-	BS Sin Tag	-	credit_card	2 a 6x	202607	PLANO V5		 -   
ONLINE PAYMENTS	BIG SELLERS	-	BS Sin Tag	-	credit_card	2 a 6x	202608	PLANO V5		 -   
ONLINE PAYMENTS	BIG SELLERS	-	BS Sin Tag	-	credit_card	2 a 6x	202609	PLANO V5		 -   
ONLINE PAYMENTS	BIG SELLERS	-	BS Sin Tag	-	credit_card	2 a 6x	202610	PLANO V5		 -   
ONLINE PAYMENTS	BIG SELLERS	-	BS Sin Tag	-	credit_card	2 a 6x	202611	PLANO V5		 -   
ONLINE PAYMENTS	BIG SELLERS	-	BS Sin Tag	-	credit_card	2 a 6x	202612	PLANO V5		 -   
ONLINE PAYMENTS	BIG SELLERS	-	BS Sin Tag	-	credit_card	7 a 12x	202601	PLANO V5		 -   
ONLINE PAYMENTS	BIG SELLERS	-	BS Sin Tag	-	credit_card	7 a 12x	202602	PLANO V5		 -   
ONLINE PAYMENTS	BIG SELLERS	-	BS Sin Tag	-	credit_card	7 a 12x	202603	PLANO V5		 -   
ONLINE PAYMENTS	BIG SELLERS	-	BS Sin Tag	-	credit_card	7 a 12x	202604	PLANO V5		 -   
ONLINE PAYMENTS	BIG SELLERS	-	BS Sin Tag	-	credit_card	7 a 12x	202605	PLANO V5		 -   
ONLINE PAYMENTS	BIG SELLERS	-	BS Sin Tag	-	credit_card	7 a 12x	202606	PLANO V5		 -   
ONLINE PAYMENTS	BIG SELLERS	-	BS Sin Tag	-	credit_card	7 a 12x	202607	PLANO V5		 -   
ONLINE PAYMENTS	BIG SELLERS	-	BS Sin Tag	-	credit_card	7 a 12x	202608	PLANO V5		 -   
ONLINE PAYMENTS	BIG SELLERS	-	BS Sin Tag	-	credit_card	7 a 12x	202609	PLANO V5		 -   
ONLINE PAYMENTS	BIG SELLERS	-	BS Sin Tag	-	credit_card	7 a 12x	202610	PLANO V5		 -   
ONLINE PAYMENTS	BIG SELLERS	-	BS Sin Tag	-	credit_card	7 a 12x	202611	PLANO V5		 -   
ONLINE PAYMENTS	BIG SELLERS	-	BS Sin Tag	-	credit_card	7 a 12x	202612	PLANO V5		 -   
ONLINE PAYMENTS	BIG SELLERS	-	BS Sin Tag	-	credit_card	Maior que 12x	202601	PLANO V5		 -   
ONLINE PAYMENTS	BIG SELLERS	-	BS Sin Tag	-	credit_card	Maior que 12x	202602	PLANO V5		 -   
ONLINE PAYMENTS	BIG SELLERS	-	BS Sin Tag	-	credit_card	Maior que 12x	202603	PLANO V5		 -   
ONLINE PAYMENTS	BIG SELLERS	-	BS Sin Tag	-	credit_card	Maior que 12x	202604	PLANO V5		 -   
ONLINE PAYMENTS	BIG SELLERS	-	BS Sin Tag	-	credit_card	Maior que 12x	202605	PLANO V5		 -   
ONLINE PAYMENTS	BIG SELLERS	-	BS Sin Tag	-	credit_card	Maior que 12x	202606	PLANO V5		 -   
ONLINE PAYMENTS	BIG SELLERS	-	BS Sin Tag	-	credit_card	Maior que 12x	202607	PLANO V5		 -   
ONLINE PAYMENTS	BIG SELLERS	-	BS Sin Tag	-	credit_card	Maior que 12x	202608	PLANO V5		 -   
ONLINE PAYMENTS	BIG SELLERS	-	BS Sin Tag	-	credit_card	Maior que 12x	202609	PLANO V5		 -   
ONLINE PAYMENTS	BIG SELLERS	-	BS Sin Tag	-	credit_card	Maior que 12x	202610	PLANO V5		 -   
ONLINE PAYMENTS	BIG SELLERS	-	BS Sin Tag	-	credit_card	Maior que 12x	202611	PLANO V5		 -   
ONLINE PAYMENTS	BIG SELLERS	-	BS Sin Tag	-	credit_card	Maior que 12x	202612	PLANO V5		 -   
ONLINE PAYMENTS	BIG SELLERS	-	BS Sin Tag	-	debit_card	-	202601	PLANO V5		 -   
ONLINE PAYMENTS	BIG SELLERS	-	BS Sin Tag	-	debit_card	-	202602	PLANO V5		 -   
ONLINE PAYMENTS	BIG SELLERS	-	BS Sin Tag	-	debit_card	-	202603	PLANO V5		 -   
ONLINE PAYMENTS	BIG SELLERS	-	BS Sin Tag	-	debit_card	-	202604	PLANO V5		 -   
ONLINE PAYMENTS	BIG SELLERS	-	BS Sin Tag	-	debit_card	-	202605	PLANO V5		 -   
ONLINE PAYMENTS	BIG SELLERS	-	BS Sin Tag	-	debit_card	-	202606	PLANO V5		 -   
ONLINE PAYMENTS	BIG SELLERS	-	BS Sin Tag	-	debit_card	-	202607	PLANO V5		 -   
ONLINE PAYMENTS	BIG SELLERS	-	BS Sin Tag	-	debit_card	-	202608	PLANO V5		 -   
ONLINE PAYMENTS	BIG SELLERS	-	BS Sin Tag	-	debit_card	-	202609	PLANO V5		 -   
ONLINE PAYMENTS	BIG SELLERS	-	BS Sin Tag	-	debit_card	-	202610	PLANO V5		 -   
ONLINE PAYMENTS	BIG SELLERS	-	BS Sin Tag	-	debit_card	-	202611	PLANO V5		 -   
ONLINE PAYMENTS	BIG SELLERS	-	BS Sin Tag	-	debit_card	-	202612	PLANO V5		 -   
ONLINE PAYMENTS	BIG SELLERS	-	BS Sin Tag	-	digital_currency	-	202601	PLANO V5		 -   
ONLINE PAYMENTS	BIG SELLERS	-	BS Sin Tag	-	digital_currency	-	202602	PLANO V5		 -   
ONLINE PAYMENTS	BIG SELLERS	-	BS Sin Tag	-	digital_currency	-	202603	PLANO V5		 -   
ONLINE PAYMENTS	BIG SELLERS	-	BS Sin Tag	-	digital_currency	-	202604	PLANO V5		 -   
ONLINE PAYMENTS	BIG SELLERS	-	BS Sin Tag	-	digital_currency	-	202605	PLANO V5		 -   
ONLINE PAYMENTS	BIG SELLERS	-	BS Sin Tag	-	digital_currency	-	202606	PLANO V5		 -   
ONLINE PAYMENTS	BIG SELLERS	-	BS Sin Tag	-	digital_currency	-	202607	PLANO V5		 -   
ONLINE PAYMENTS	BIG SELLERS	-	BS Sin Tag	-	digital_currency	-	202608	PLANO V5		 -   
ONLINE PAYMENTS	BIG SELLERS	-	BS Sin Tag	-	digital_currency	-	202609	PLANO V5		 -   
ONLINE PAYMENTS	BIG SELLERS	-	BS Sin Tag	-	digital_currency	-	202610	PLANO V5		 -   
ONLINE PAYMENTS	BIG SELLERS	-	BS Sin Tag	-	digital_currency	-	202611	PLANO V5		 -   
ONLINE PAYMENTS	BIG SELLERS	-	BS Sin Tag	-	digital_currency	-	202612	PLANO V5		 -   
ONLINE PAYMENTS	BIG SELLERS	-	BS Sin Tag	-	ticket	-	202601	PLANO V5		 -   
ONLINE PAYMENTS	BIG SELLERS	-	BS Sin Tag	-	ticket	-	202602	PLANO V5		 -   
ONLINE PAYMENTS	BIG SELLERS	-	BS Sin Tag	-	ticket	-	202603	PLANO V5		 -   
ONLINE PAYMENTS	BIG SELLERS	-	BS Sin Tag	-	ticket	-	202604	PLANO V5		 -   
ONLINE PAYMENTS	BIG SELLERS	-	BS Sin Tag	-	ticket	-	202605	PLANO V5		 -   
ONLINE PAYMENTS	BIG SELLERS	-	BS Sin Tag	-	ticket	-	202606	PLANO V5		 -   
ONLINE PAYMENTS	BIG SELLERS	-	BS Sin Tag	-	ticket	-	202607	PLANO V5		 -   
ONLINE PAYMENTS	BIG SELLERS	-	BS Sin Tag	-	ticket	-	202608	PLANO V5		 -   
ONLINE PAYMENTS	BIG SELLERS	-	BS Sin Tag	-	ticket	-	202609	PLANO V5		 -   
ONLINE PAYMENTS	BIG SELLERS	-	BS Sin Tag	-	ticket	-	202610	PLANO V5		 -   
ONLINE PAYMENTS	BIG SELLERS	-	BS Sin Tag	-	ticket	-	202611	PLANO V5		 -   
ONLINE PAYMENTS	BIG SELLERS	-	BS Sin Tag	-	ticket	-	202612	PLANO V5		 -   
ONLINE PAYMENTS	LONGTAIL	CHECKOUT	-	AQUISICAO	account_money	-	202601	PLANO V5		 60.038,00 
ONLINE PAYMENTS	LONGTAIL	CHECKOUT	-	AQUISICAO	account_money	-	202602	PLANO V5		 80.321,00 
ONLINE PAYMENTS	LONGTAIL	CHECKOUT	-	AQUISICAO	account_money	-	202603	PLANO V5		 146.789,00 
ONLINE PAYMENTS	LONGTAIL	CHECKOUT	-	AQUISICAO	account_money	-	202604	PLANO V5		 197.712,00 
ONLINE PAYMENTS	LONGTAIL	CHECKOUT	-	AQUISICAO	account_money	-	202605	PLANO V5		 235.965,00 
ONLINE PAYMENTS	LONGTAIL	CHECKOUT	-	AQUISICAO	account_money	-	202606	PLANO V5		 258.630,00 
ONLINE PAYMENTS	LONGTAIL	CHECKOUT	-	AQUISICAO	account_money	-	202607	PLANO V5		 294.858,00 
ONLINE PAYMENTS	LONGTAIL	CHECKOUT	-	AQUISICAO	account_money	-	202608	PLANO V5		 330.723,00 
ONLINE PAYMENTS	LONGTAIL	CHECKOUT	-	AQUISICAO	account_money	-	202609	PLANO V5		 341.737,00 
ONLINE PAYMENTS	LONGTAIL	CHECKOUT	-	AQUISICAO	account_money	-	202610	PLANO V5		 374.996,00 
ONLINE PAYMENTS	LONGTAIL	CHECKOUT	-	AQUISICAO	account_money	-	202611	PLANO V5		 378.214,00 
ONLINE PAYMENTS	LONGTAIL	CHECKOUT	-	AQUISICAO	account_money	-	202612	PLANO V5		 385.087,00 
ONLINE PAYMENTS	LONGTAIL	CHECKOUT	-	AQUISICAO	bank_transfer	-	202601	PLANO V5		 3.960.252,00 
ONLINE PAYMENTS	LONGTAIL	CHECKOUT	-	AQUISICAO	bank_transfer	-	202602	PLANO V5		 5.375.101,00 
ONLINE PAYMENTS	LONGTAIL	CHECKOUT	-	AQUISICAO	bank_transfer	-	202603	PLANO V5		 10.163.822,00 
ONLINE PAYMENTS	LONGTAIL	CHECKOUT	-	AQUISICAO	bank_transfer	-	202604	PLANO V5		 13.723.697,00 
ONLINE PAYMENTS	LONGTAIL	CHECKOUT	-	AQUISICAO	bank_transfer	-	202605	PLANO V5		 16.664.014,00 
ONLINE PAYMENTS	LONGTAIL	CHECKOUT	-	AQUISICAO	bank_transfer	-	202606	PLANO V5		 18.040.391,00 
ONLINE PAYMENTS	LONGTAIL	CHECKOUT	-	AQUISICAO	bank_transfer	-	202607	PLANO V5		 21.255.950,00 
ONLINE PAYMENTS	LONGTAIL	CHECKOUT	-	AQUISICAO	bank_transfer	-	202608	PLANO V5		 23.420.391,00 
ONLINE PAYMENTS	LONGTAIL	CHECKOUT	-	AQUISICAO	bank_transfer	-	202609	PLANO V5		 24.972.462,00 
ONLINE PAYMENTS	LONGTAIL	CHECKOUT	-	AQUISICAO	bank_transfer	-	202610	PLANO V5		 27.830.204,00 
ONLINE PAYMENTS	LONGTAIL	CHECKOUT	-	AQUISICAO	bank_transfer	-	202611	PLANO V5		 27.490.412,00 
ONLINE PAYMENTS	LONGTAIL	CHECKOUT	-	AQUISICAO	bank_transfer	-	202612	PLANO V5		 28.237.260,00 
ONLINE PAYMENTS	LONGTAIL	CHECKOUT	-	AQUISICAO	consumer_credits	-	202601	PLANO V5		 -   
ONLINE PAYMENTS	LONGTAIL	CHECKOUT	-	AQUISICAO	consumer_credits	-	202602	PLANO V5		 -   
ONLINE PAYMENTS	LONGTAIL	CHECKOUT	-	AQUISICAO	consumer_credits	-	202603	PLANO V5		 -   
ONLINE PAYMENTS	LONGTAIL	CHECKOUT	-	AQUISICAO	consumer_credits	-	202604	PLANO V5		 -   
ONLINE PAYMENTS	LONGTAIL	CHECKOUT	-	AQUISICAO	consumer_credits	-	202605	PLANO V5		 -   
ONLINE PAYMENTS	LONGTAIL	CHECKOUT	-	AQUISICAO	consumer_credits	-	202606	PLANO V5		 -   
ONLINE PAYMENTS	LONGTAIL	CHECKOUT	-	AQUISICAO	consumer_credits	-	202607	PLANO V5		 -   
ONLINE PAYMENTS	LONGTAIL	CHECKOUT	-	AQUISICAO	consumer_credits	-	202608	PLANO V5		 -   
ONLINE PAYMENTS	LONGTAIL	CHECKOUT	-	AQUISICAO	consumer_credits	-	202609	PLANO V5		 -   
ONLINE PAYMENTS	LONGTAIL	CHECKOUT	-	AQUISICAO	consumer_credits	-	202610	PLANO V5		 -   
ONLINE PAYMENTS	LONGTAIL	CHECKOUT	-	AQUISICAO	consumer_credits	-	202611	PLANO V5		 -   
ONLINE PAYMENTS	LONGTAIL	CHECKOUT	-	AQUISICAO	consumer_credits	-	202612	PLANO V5		 -   
ONLINE PAYMENTS	LONGTAIL	CHECKOUT	-	AQUISICAO	credit_card	-	202601	PLANO V5		 -   
ONLINE PAYMENTS	LONGTAIL	CHECKOUT	-	AQUISICAO	credit_card	-	202602	PLANO V5		 -   
ONLINE PAYMENTS	LONGTAIL	CHECKOUT	-	AQUISICAO	credit_card	-	202603	PLANO V5		 -   
ONLINE PAYMENTS	LONGTAIL	CHECKOUT	-	AQUISICAO	credit_card	-	202604	PLANO V5		 -   
ONLINE PAYMENTS	LONGTAIL	CHECKOUT	-	AQUISICAO	credit_card	-	202605	PLANO V5		 -   
ONLINE PAYMENTS	LONGTAIL	CHECKOUT	-	AQUISICAO	credit_card	-	202606	PLANO V5		 -   
ONLINE PAYMENTS	LONGTAIL	CHECKOUT	-	AQUISICAO	credit_card	-	202607	PLANO V5		 -   
ONLINE PAYMENTS	LONGTAIL	CHECKOUT	-	AQUISICAO	credit_card	-	202608	PLANO V5		 -   
ONLINE PAYMENTS	LONGTAIL	CHECKOUT	-	AQUISICAO	credit_card	-	202609	PLANO V5		 -   
ONLINE PAYMENTS	LONGTAIL	CHECKOUT	-	AQUISICAO	credit_card	-	202610	PLANO V5		 -   
ONLINE PAYMENTS	LONGTAIL	CHECKOUT	-	AQUISICAO	credit_card	-	202611	PLANO V5		 -   
ONLINE PAYMENTS	LONGTAIL	CHECKOUT	-	AQUISICAO	credit_card	-	202612	PLANO V5		 -   
ONLINE PAYMENTS	LONGTAIL	CHECKOUT	-	AQUISICAO	credit_card	1x	202601	PLANO V5		 1.555.719,00 
ONLINE PAYMENTS	LONGTAIL	CHECKOUT	-	AQUISICAO	credit_card	1x	202602	PLANO V5		 2.059.385,00 
ONLINE PAYMENTS	LONGTAIL	CHECKOUT	-	AQUISICAO	credit_card	1x	202603	PLANO V5		 4.210.068,00 
ONLINE PAYMENTS	LONGTAIL	CHECKOUT	-	AQUISICAO	credit_card	1x	202604	PLANO V5		 5.606.399,00 
ONLINE PAYMENTS	LONGTAIL	CHECKOUT	-	AQUISICAO	credit_card	1x	202605	PLANO V5		 6.898.135,00 
ONLINE PAYMENTS	LONGTAIL	CHECKOUT	-	AQUISICAO	credit_card	1x	202606	PLANO V5		 7.896.545,00 
ONLINE PAYMENTS	LONGTAIL	CHECKOUT	-	AQUISICAO	credit_card	1x	202607	PLANO V5		 9.192.119,00 
ONLINE PAYMENTS	LONGTAIL	CHECKOUT	-	AQUISICAO	credit_card	1x	202608	PLANO V5		 10.642.013,00 
ONLINE PAYMENTS	LONGTAIL	CHECKOUT	-	AQUISICAO	credit_card	1x	202609	PLANO V5		 11.353.406,00 
ONLINE PAYMENTS	LONGTAIL	CHECKOUT	-	AQUISICAO	credit_card	1x	202610	PLANO V5		 12.813.989,00 
ONLINE PAYMENTS	LONGTAIL	CHECKOUT	-	AQUISICAO	credit_card	1x	202611	PLANO V5		 13.325.583,00 
ONLINE PAYMENTS	LONGTAIL	CHECKOUT	-	AQUISICAO	credit_card	1x	202612	PLANO V5		 13.576.822,00 
ONLINE PAYMENTS	LONGTAIL	CHECKOUT	-	AQUISICAO	credit_card	2 a 6x	202601	PLANO V5		 1.275.228,00 
ONLINE PAYMENTS	LONGTAIL	CHECKOUT	-	AQUISICAO	credit_card	2 a 6x	202602	PLANO V5		 1.909.401,00 
ONLINE PAYMENTS	LONGTAIL	CHECKOUT	-	AQUISICAO	credit_card	2 a 6x	202603	PLANO V5		 3.597.582,00 
ONLINE PAYMENTS	LONGTAIL	CHECKOUT	-	AQUISICAO	credit_card	2 a 6x	202604	PLANO V5		 4.607.022,00 
ONLINE PAYMENTS	LONGTAIL	CHECKOUT	-	AQUISICAO	credit_card	2 a 6x	202605	PLANO V5		 5.660.700,00 
ONLINE PAYMENTS	LONGTAIL	CHECKOUT	-	AQUISICAO	credit_card	2 a 6x	202606	PLANO V5		 6.691.956,00 
ONLINE PAYMENTS	LONGTAIL	CHECKOUT	-	AQUISICAO	credit_card	2 a 6x	202607	PLANO V5		 7.251.379,00 
ONLINE PAYMENTS	LONGTAIL	CHECKOUT	-	AQUISICAO	credit_card	2 a 6x	202608	PLANO V5		 8.848.365,00 
ONLINE PAYMENTS	LONGTAIL	CHECKOUT	-	AQUISICAO	credit_card	2 a 6x	202609	PLANO V5		 8.819.592,00 
ONLINE PAYMENTS	LONGTAIL	CHECKOUT	-	AQUISICAO	credit_card	2 a 6x	202610	PLANO V5		 9.659.780,00 
ONLINE PAYMENTS	LONGTAIL	CHECKOUT	-	AQUISICAO	credit_card	2 a 6x	202611	PLANO V5		 10.609.102,00 
ONLINE PAYMENTS	LONGTAIL	CHECKOUT	-	AQUISICAO	credit_card	2 a 6x	202612	PLANO V5		 11.308.854,00 
ONLINE PAYMENTS	LONGTAIL	CHECKOUT	-	AQUISICAO	credit_card	7 a 12x	202601	PLANO V5		 314.596,00 
ONLINE PAYMENTS	LONGTAIL	CHECKOUT	-	AQUISICAO	credit_card	7 a 12x	202602	PLANO V5		 467.824,00 
ONLINE PAYMENTS	LONGTAIL	CHECKOUT	-	AQUISICAO	credit_card	7 a 12x	202603	PLANO V5		 881.529,00 
ONLINE PAYMENTS	LONGTAIL	CHECKOUT	-	AQUISICAO	credit_card	7 a 12x	202604	PLANO V5		 1.118.062,00 
ONLINE PAYMENTS	LONGTAIL	CHECKOUT	-	AQUISICAO	credit_card	7 a 12x	202605	PLANO V5		 1.378.123,00 
ONLINE PAYMENTS	LONGTAIL	CHECKOUT	-	AQUISICAO	credit_card	7 a 12x	202606	PLANO V5		 1.592.177,00 
ONLINE PAYMENTS	LONGTAIL	CHECKOUT	-	AQUISICAO	credit_card	7 a 12x	202607	PLANO V5		 1.699.960,00 
ONLINE PAYMENTS	LONGTAIL	CHECKOUT	-	AQUISICAO	credit_card	7 a 12x	202608	PLANO V5		 2.071.469,00 
ONLINE PAYMENTS	LONGTAIL	CHECKOUT	-	AQUISICAO	credit_card	7 a 12x	202609	PLANO V5		 2.079.021,00 
ONLINE PAYMENTS	LONGTAIL	CHECKOUT	-	AQUISICAO	credit_card	7 a 12x	202610	PLANO V5		 2.270.335,00 
ONLINE PAYMENTS	LONGTAIL	CHECKOUT	-	AQUISICAO	credit_card	7 a 12x	202611	PLANO V5		 2.457.024,00 
ONLINE PAYMENTS	LONGTAIL	CHECKOUT	-	AQUISICAO	credit_card	7 a 12x	202612	PLANO V5		 2.592.160,00 
ONLINE PAYMENTS	LONGTAIL	CHECKOUT	-	AQUISICAO	credit_card	Maior que 12x	202601	PLANO V5		 -   
ONLINE PAYMENTS	LONGTAIL	CHECKOUT	-	AQUISICAO	credit_card	Maior que 12x	202602	PLANO V5		 -   
ONLINE PAYMENTS	LONGTAIL	CHECKOUT	-	AQUISICAO	credit_card	Maior que 12x	202603	PLANO V5		 -   
ONLINE PAYMENTS	LONGTAIL	CHECKOUT	-	AQUISICAO	credit_card	Maior que 12x	202604	PLANO V5		 -   
ONLINE PAYMENTS	LONGTAIL	CHECKOUT	-	AQUISICAO	credit_card	Maior que 12x	202605	PLANO V5		 -   
ONLINE PAYMENTS	LONGTAIL	CHECKOUT	-	AQUISICAO	credit_card	Maior que 12x	202606	PLANO V5		 -   
ONLINE PAYMENTS	LONGTAIL	CHECKOUT	-	AQUISICAO	credit_card	Maior que 12x	202607	PLANO V5		 -   
ONLINE PAYMENTS	LONGTAIL	CHECKOUT	-	AQUISICAO	credit_card	Maior que 12x	202608	PLANO V5		 -   
ONLINE PAYMENTS	LONGTAIL	CHECKOUT	-	AQUISICAO	credit_card	Maior que 12x	202609	PLANO V5		 -   
ONLINE PAYMENTS	LONGTAIL	CHECKOUT	-	AQUISICAO	credit_card	Maior que 12x	202610	PLANO V5		 -   
ONLINE PAYMENTS	LONGTAIL	CHECKOUT	-	AQUISICAO	credit_card	Maior que 12x	202611	PLANO V5		 -   
ONLINE PAYMENTS	LONGTAIL	CHECKOUT	-	AQUISICAO	credit_card	Maior que 12x	202612	PLANO V5		 -   
ONLINE PAYMENTS	LONGTAIL	CHECKOUT	-	AQUISICAO	debit_card	-	202601	PLANO V5		 173,00 
ONLINE PAYMENTS	LONGTAIL	CHECKOUT	-	AQUISICAO	debit_card	-	202602	PLANO V5		 305,00 
ONLINE PAYMENTS	LONGTAIL	CHECKOUT	-	AQUISICAO	debit_card	-	202603	PLANO V5		 393,00 
ONLINE PAYMENTS	LONGTAIL	CHECKOUT	-	AQUISICAO	debit_card	-	202604	PLANO V5		 636,00 
ONLINE PAYMENTS	LONGTAIL	CHECKOUT	-	AQUISICAO	debit_card	-	202605	PLANO V5		 788,00 
ONLINE PAYMENTS	LONGTAIL	CHECKOUT	-	AQUISICAO	debit_card	-	202606	PLANO V5		 821,00 
ONLINE PAYMENTS	LONGTAIL	CHECKOUT	-	AQUISICAO	debit_card	-	202607	PLANO V5		 986,00 
ONLINE PAYMENTS	LONGTAIL	CHECKOUT	-	AQUISICAO	debit_card	-	202608	PLANO V5		 1.120,00 
ONLINE PAYMENTS	LONGTAIL	CHECKOUT	-	AQUISICAO	debit_card	-	202609	PLANO V5		 1.163,00 
ONLINE PAYMENTS	LONGTAIL	CHECKOUT	-	AQUISICAO	debit_card	-	202610	PLANO V5		 1.306,00 
ONLINE PAYMENTS	LONGTAIL	CHECKOUT	-	AQUISICAO	debit_card	-	202611	PLANO V5		 1.335,00 
ONLINE PAYMENTS	LONGTAIL	CHECKOUT	-	AQUISICAO	debit_card	-	202612	PLANO V5		 1.378,00 
ONLINE PAYMENTS	LONGTAIL	CHECKOUT	-	AQUISICAO	digital_currency	-	202601	PLANO V5		 36.056,00 
ONLINE PAYMENTS	LONGTAIL	CHECKOUT	-	AQUISICAO	digital_currency	-	202602	PLANO V5		 49.716,00 
ONLINE PAYMENTS	LONGTAIL	CHECKOUT	-	AQUISICAO	digital_currency	-	202603	PLANO V5		 95.524,00 
ONLINE PAYMENTS	LONGTAIL	CHECKOUT	-	AQUISICAO	digital_currency	-	202604	PLANO V5		 126.934,00 
ONLINE PAYMENTS	LONGTAIL	CHECKOUT	-	AQUISICAO	digital_currency	-	202605	PLANO V5		 154.951,00 
ONLINE PAYMENTS	LONGTAIL	CHECKOUT	-	AQUISICAO	digital_currency	-	202606	PLANO V5		 173.244,00 
ONLINE PAYMENTS	LONGTAIL	CHECKOUT	-	AQUISICAO	digital_currency	-	202607	PLANO V5		 199.404,00 
ONLINE PAYMENTS	LONGTAIL	CHECKOUT	-	AQUISICAO	digital_currency	-	202608	PLANO V5		 227.584,00 
ONLINE PAYMENTS	LONGTAIL	CHECKOUT	-	AQUISICAO	digital_currency	-	202609	PLANO V5		 238.865,00 
ONLINE PAYMENTS	LONGTAIL	CHECKOUT	-	AQUISICAO	digital_currency	-	202610	PLANO V5		 265.849,00 
ONLINE PAYMENTS	LONGTAIL	CHECKOUT	-	AQUISICAO	digital_currency	-	202611	PLANO V5		 272.385,00 
ONLINE PAYMENTS	LONGTAIL	CHECKOUT	-	AQUISICAO	digital_currency	-	202612	PLANO V5		 281.574,00 
ONLINE PAYMENTS	LONGTAIL	CHECKOUT	-	AQUISICAO	ticket	-	202601	PLANO V5		 140.992,00 
ONLINE PAYMENTS	LONGTAIL	CHECKOUT	-	AQUISICAO	ticket	-	202602	PLANO V5		 184.676,00 
ONLINE PAYMENTS	LONGTAIL	CHECKOUT	-	AQUISICAO	ticket	-	202603	PLANO V5		 340.016,00 
ONLINE PAYMENTS	LONGTAIL	CHECKOUT	-	AQUISICAO	ticket	-	202604	PLANO V5		 463.757,00 
ONLINE PAYMENTS	LONGTAIL	CHECKOUT	-	AQUISICAO	ticket	-	202605	PLANO V5		 553.121,00 
ONLINE PAYMENTS	LONGTAIL	CHECKOUT	-	AQUISICAO	ticket	-	202606	PLANO V5		 610.222,00 
ONLINE PAYMENTS	LONGTAIL	CHECKOUT	-	AQUISICAO	ticket	-	202607	PLANO V5		 699.945,00 
ONLINE PAYMENTS	LONGTAIL	CHECKOUT	-	AQUISICAO	ticket	-	202608	PLANO V5		 788.210,00 
ONLINE PAYMENTS	LONGTAIL	CHECKOUT	-	AQUISICAO	ticket	-	202609	PLANO V5		 818.987,00 
ONLINE PAYMENTS	LONGTAIL	CHECKOUT	-	AQUISICAO	ticket	-	202610	PLANO V5		 903.372,00 
ONLINE PAYMENTS	LONGTAIL	CHECKOUT	-	AQUISICAO	ticket	-	202611	PLANO V5		 915.602,00 
ONLINE PAYMENTS	LONGTAIL	CHECKOUT	-	AQUISICAO	ticket	-	202612	PLANO V5		 937.115,00 
ONLINE PAYMENTS	LONGTAIL	CHECKOUT	-	LEGADO	account_money	-	202601	PLANO V5		 1.138.369,00 
ONLINE PAYMENTS	LONGTAIL	CHECKOUT	-	LEGADO	account_money	-	202602	PLANO V5		 1.036.723,00 
ONLINE PAYMENTS	LONGTAIL	CHECKOUT	-	LEGADO	account_money	-	202603	PLANO V5		 1.095.294,00 
ONLINE PAYMENTS	LONGTAIL	CHECKOUT	-	LEGADO	account_money	-	202604	PLANO V5		 1.060.721,00 
ONLINE PAYMENTS	LONGTAIL	CHECKOUT	-	LEGADO	account_money	-	202605	PLANO V5		 1.001.836,00 
ONLINE PAYMENTS	LONGTAIL	CHECKOUT	-	LEGADO	account_money	-	202606	PLANO V5		 949.378,00 
ONLINE PAYMENTS	LONGTAIL	CHECKOUT	-	LEGADO	account_money	-	202607	PLANO V5		 923.642,00 
ONLINE PAYMENTS	LONGTAIL	CHECKOUT	-	LEGADO	account_money	-	202608	PLANO V5		 845.773,00 
ONLINE PAYMENTS	LONGTAIL	CHECKOUT	-	LEGADO	account_money	-	202609	PLANO V5		 810.863,00 
ONLINE PAYMENTS	LONGTAIL	CHECKOUT	-	LEGADO	account_money	-	202610	PLANO V5		 819.831,00 
ONLINE PAYMENTS	LONGTAIL	CHECKOUT	-	LEGADO	account_money	-	202611	PLANO V5		 931.452,00 
ONLINE PAYMENTS	LONGTAIL	CHECKOUT	-	LEGADO	account_money	-	202612	PLANO V5		 802.509,00 
ONLINE PAYMENTS	LONGTAIL	CHECKOUT	-	LEGADO	bank_transfer	-	202601	PLANO V5		 55.921.991,00 
ONLINE PAYMENTS	LONGTAIL	CHECKOUT	-	LEGADO	bank_transfer	-	202602	PLANO V5		 50.694.934,00 
ONLINE PAYMENTS	LONGTAIL	CHECKOUT	-	LEGADO	bank_transfer	-	202603	PLANO V5		 55.914.716,00 
ONLINE PAYMENTS	LONGTAIL	CHECKOUT	-	LEGADO	bank_transfer	-	202604	PLANO V5		 49.493.264,00 
ONLINE PAYMENTS	LONGTAIL	CHECKOUT	-	LEGADO	bank_transfer	-	202605	PLANO V5		 47.990.196,00 
ONLINE PAYMENTS	LONGTAIL	CHECKOUT	-	LEGADO	bank_transfer	-	202606	PLANO V5		 45.066.168,00 
ONLINE PAYMENTS	LONGTAIL	CHECKOUT	-	LEGADO	bank_transfer	-	202607	PLANO V5		 41.905.996,00 
ONLINE PAYMENTS	LONGTAIL	CHECKOUT	-	LEGADO	bank_transfer	-	202608	PLANO V5		 40.059.587,00 
ONLINE PAYMENTS	LONGTAIL	CHECKOUT	-	LEGADO	bank_transfer	-	202609	PLANO V5		 36.734.861,00 
ONLINE PAYMENTS	LONGTAIL	CHECKOUT	-	LEGADO	bank_transfer	-	202610	PLANO V5		 38.096.072,00 
ONLINE PAYMENTS	LONGTAIL	CHECKOUT	-	LEGADO	bank_transfer	-	202611	PLANO V5		 41.888.989,00 
ONLINE PAYMENTS	LONGTAIL	CHECKOUT	-	LEGADO	bank_transfer	-	202612	PLANO V5		 36.950.560,00 
ONLINE PAYMENTS	LONGTAIL	CHECKOUT	-	LEGADO	consumer_credits	-	202601	PLANO V5		 -   
ONLINE PAYMENTS	LONGTAIL	CHECKOUT	-	LEGADO	consumer_credits	-	202602	PLANO V5		 -   
ONLINE PAYMENTS	LONGTAIL	CHECKOUT	-	LEGADO	consumer_credits	-	202603	PLANO V5		 -   
ONLINE PAYMENTS	LONGTAIL	CHECKOUT	-	LEGADO	consumer_credits	-	202604	PLANO V5		 -   
ONLINE PAYMENTS	LONGTAIL	CHECKOUT	-	LEGADO	consumer_credits	-	202605	PLANO V5		 -   
ONLINE PAYMENTS	LONGTAIL	CHECKOUT	-	LEGADO	consumer_credits	-	202606	PLANO V5		 -   
ONLINE PAYMENTS	LONGTAIL	CHECKOUT	-	LEGADO	consumer_credits	-	202607	PLANO V5		 -   
ONLINE PAYMENTS	LONGTAIL	CHECKOUT	-	LEGADO	consumer_credits	-	202608	PLANO V5		 -   
ONLINE PAYMENTS	LONGTAIL	CHECKOUT	-	LEGADO	consumer_credits	-	202609	PLANO V5		 -   
ONLINE PAYMENTS	LONGTAIL	CHECKOUT	-	LEGADO	consumer_credits	-	202610	PLANO V5		 -   
ONLINE PAYMENTS	LONGTAIL	CHECKOUT	-	LEGADO	consumer_credits	-	202611	PLANO V5		 -   
ONLINE PAYMENTS	LONGTAIL	CHECKOUT	-	LEGADO	consumer_credits	-	202612	PLANO V5		 -   
ONLINE PAYMENTS	LONGTAIL	CHECKOUT	-	LEGADO	credit_card	-	202601	PLANO V5		 -   
ONLINE PAYMENTS	LONGTAIL	CHECKOUT	-	LEGADO	credit_card	-	202602	PLANO V5		 -   
ONLINE PAYMENTS	LONGTAIL	CHECKOUT	-	LEGADO	credit_card	-	202603	PLANO V5		 -   
ONLINE PAYMENTS	LONGTAIL	CHECKOUT	-	LEGADO	credit_card	-	202604	PLANO V5		 -   
ONLINE PAYMENTS	LONGTAIL	CHECKOUT	-	LEGADO	credit_card	-	202605	PLANO V5		 -   
ONLINE PAYMENTS	LONGTAIL	CHECKOUT	-	LEGADO	credit_card	-	202606	PLANO V5		 -   
ONLINE PAYMENTS	LONGTAIL	CHECKOUT	-	LEGADO	credit_card	-	202607	PLANO V5		 -   
ONLINE PAYMENTS	LONGTAIL	CHECKOUT	-	LEGADO	credit_card	-	202608	PLANO V5		 -   
ONLINE PAYMENTS	LONGTAIL	CHECKOUT	-	LEGADO	credit_card	-	202609	PLANO V5		 -   
ONLINE PAYMENTS	LONGTAIL	CHECKOUT	-	LEGADO	credit_card	-	202610	PLANO V5		 -   
ONLINE PAYMENTS	LONGTAIL	CHECKOUT	-	LEGADO	credit_card	-	202611	PLANO V5		 -   
ONLINE PAYMENTS	LONGTAIL	CHECKOUT	-	LEGADO	credit_card	-	202612	PLANO V5		 -   
ONLINE PAYMENTS	LONGTAIL	CHECKOUT	-	LEGADO	credit_card	1x	202601	PLANO V5		 23.994.334,00 
ONLINE PAYMENTS	LONGTAIL	CHECKOUT	-	LEGADO	credit_card	1x	202602	PLANO V5		 23.085.446,00 
ONLINE PAYMENTS	LONGTAIL	CHECKOUT	-	LEGADO	credit_card	1x	202603	PLANO V5		 24.903.294,00 
ONLINE PAYMENTS	LONGTAIL	CHECKOUT	-	LEGADO	credit_card	1x	202604	PLANO V5		 23.897.174,00 
ONLINE PAYMENTS	LONGTAIL	CHECKOUT	-	LEGADO	credit_card	1x	202605	PLANO V5		 24.106.163,00 
ONLINE PAYMENTS	LONGTAIL	CHECKOUT	-	LEGADO	credit_card	1x	202606	PLANO V5		 21.747.130,00 
ONLINE PAYMENTS	LONGTAIL	CHECKOUT	-	LEGADO	credit_card	1x	202607	PLANO V5		 20.725.769,00 
ONLINE PAYMENTS	LONGTAIL	CHECKOUT	-	LEGADO	credit_card	1x	202608	PLANO V5		 19.753.561,00 
ONLINE PAYMENTS	LONGTAIL	CHECKOUT	-	LEGADO	credit_card	1x	202609	PLANO V5		 18.751.987,00 
ONLINE PAYMENTS	LONGTAIL	CHECKOUT	-	LEGADO	credit_card	1x	202610	PLANO V5		 19.019.340,00 
ONLINE PAYMENTS	LONGTAIL	CHECKOUT	-	LEGADO	credit_card	1x	202611	PLANO V5		 21.853.087,00 
ONLINE PAYMENTS	LONGTAIL	CHECKOUT	-	LEGADO	credit_card	1x	202612	PLANO V5		 18.856.015,00 
ONLINE PAYMENTS	LONGTAIL	CHECKOUT	-	LEGADO	credit_card	2 a 6x	202601	PLANO V5		 23.571.963,00 
ONLINE PAYMENTS	LONGTAIL	CHECKOUT	-	LEGADO	credit_card	2 a 6x	202602	PLANO V5		 23.074.124,00 
ONLINE PAYMENTS	LONGTAIL	CHECKOUT	-	LEGADO	credit_card	2 a 6x	202603	PLANO V5		 24.992.408,00 
ONLINE PAYMENTS	LONGTAIL	CHECKOUT	-	LEGADO	credit_card	2 a 6x	202604	PLANO V5		 23.711.139,00 
ONLINE PAYMENTS	LONGTAIL	CHECKOUT	-	LEGADO	credit_card	2 a 6x	202605	PLANO V5		 22.896.168,00 
ONLINE PAYMENTS	LONGTAIL	CHECKOUT	-	LEGADO	credit_card	2 a 6x	202606	PLANO V5		 21.066.457,00 
ONLINE PAYMENTS	LONGTAIL	CHECKOUT	-	LEGADO	credit_card	2 a 6x	202607	PLANO V5		 20.070.505,00 
ONLINE PAYMENTS	LONGTAIL	CHECKOUT	-	LEGADO	credit_card	2 a 6x	202608	PLANO V5		 19.169.223,00 
ONLINE PAYMENTS	LONGTAIL	CHECKOUT	-	LEGADO	credit_card	2 a 6x	202609	PLANO V5		 19.626.874,00 
ONLINE PAYMENTS	LONGTAIL	CHECKOUT	-	LEGADO	credit_card	2 a 6x	202610	PLANO V5		 18.999.384,00 
ONLINE PAYMENTS	LONGTAIL	CHECKOUT	-	LEGADO	credit_card	2 a 6x	202611	PLANO V5		 23.516.994,00 
ONLINE PAYMENTS	LONGTAIL	CHECKOUT	-	LEGADO	credit_card	2 a 6x	202612	PLANO V5		 19.739.052,00 
ONLINE PAYMENTS	LONGTAIL	CHECKOUT	-	LEGADO	credit_card	7 a 12x	202601	PLANO V5		 5.686.854,00 
ONLINE PAYMENTS	LONGTAIL	CHECKOUT	-	LEGADO	credit_card	7 a 12x	202602	PLANO V5		 5.314.851,00 
ONLINE PAYMENTS	LONGTAIL	CHECKOUT	-	LEGADO	credit_card	7 a 12x	202603	PLANO V5		 5.764.763,00 
ONLINE PAYMENTS	LONGTAIL	CHECKOUT	-	LEGADO	credit_card	7 a 12x	202604	PLANO V5		 5.357.243,00 
ONLINE PAYMENTS	LONGTAIL	CHECKOUT	-	LEGADO	credit_card	7 a 12x	202605	PLANO V5		 5.003.230,00 
ONLINE PAYMENTS	LONGTAIL	CHECKOUT	-	LEGADO	credit_card	7 a 12x	202606	PLANO V5		 4.792.301,00 
ONLINE PAYMENTS	LONGTAIL	CHECKOUT	-	LEGADO	credit_card	7 a 12x	202607	PLANO V5		 4.920.857,00 
ONLINE PAYMENTS	LONGTAIL	CHECKOUT	-	LEGADO	credit_card	7 a 12x	202608	PLANO V5		 4.388.009,00 
ONLINE PAYMENTS	LONGTAIL	CHECKOUT	-	LEGADO	credit_card	7 a 12x	202609	PLANO V5		 4.484.551,00 
ONLINE PAYMENTS	LONGTAIL	CHECKOUT	-	LEGADO	credit_card	7 a 12x	202610	PLANO V5		 4.392.341,00 
ONLINE PAYMENTS	LONGTAIL	CHECKOUT	-	LEGADO	credit_card	7 a 12x	202611	PLANO V5		 5.280.050,00 
ONLINE PAYMENTS	LONGTAIL	CHECKOUT	-	LEGADO	credit_card	7 a 12x	202612	PLANO V5		 4.390.459,00 
ONLINE PAYMENTS	LONGTAIL	CHECKOUT	-	LEGADO	credit_card	Maior que 12x	202601	PLANO V5		 -   
ONLINE PAYMENTS	LONGTAIL	CHECKOUT	-	LEGADO	credit_card	Maior que 12x	202602	PLANO V5		 -   
ONLINE PAYMENTS	LONGTAIL	CHECKOUT	-	LEGADO	credit_card	Maior que 12x	202603	PLANO V5		 -   
ONLINE PAYMENTS	LONGTAIL	CHECKOUT	-	LEGADO	credit_card	Maior que 12x	202604	PLANO V5		 -   
ONLINE PAYMENTS	LONGTAIL	CHECKOUT	-	LEGADO	credit_card	Maior que 12x	202605	PLANO V5		 -   
ONLINE PAYMENTS	LONGTAIL	CHECKOUT	-	LEGADO	credit_card	Maior que 12x	202606	PLANO V5		 -   
ONLINE PAYMENTS	LONGTAIL	CHECKOUT	-	LEGADO	credit_card	Maior que 12x	202607	PLANO V5		 -   
ONLINE PAYMENTS	LONGTAIL	CHECKOUT	-	LEGADO	credit_card	Maior que 12x	202608	PLANO V5		 -   
ONLINE PAYMENTS	LONGTAIL	CHECKOUT	-	LEGADO	credit_card	Maior que 12x	202609	PLANO V5		 -   
ONLINE PAYMENTS	LONGTAIL	CHECKOUT	-	LEGADO	credit_card	Maior que 12x	202610	PLANO V5		 -   
ONLINE PAYMENTS	LONGTAIL	CHECKOUT	-	LEGADO	credit_card	Maior que 12x	202611	PLANO V5		 -   
ONLINE PAYMENTS	LONGTAIL	CHECKOUT	-	LEGADO	credit_card	Maior que 12x	202612	PLANO V5		 -   
ONLINE PAYMENTS	LONGTAIL	CHECKOUT	-	LEGADO	debit_card	-	202601	PLANO V5		 2.425,00 
ONLINE PAYMENTS	LONGTAIL	CHECKOUT	-	LEGADO	debit_card	-	202602	PLANO V5		 2.038,00 
ONLINE PAYMENTS	LONGTAIL	CHECKOUT	-	LEGADO	debit_card	-	202603	PLANO V5		 909,00 
ONLINE PAYMENTS	LONGTAIL	CHECKOUT	-	LEGADO	debit_card	-	202604	PLANO V5		 1.276,00 
ONLINE PAYMENTS	LONGTAIL	CHECKOUT	-	LEGADO	debit_card	-	202605	PLANO V5		 2.185,00 
ONLINE PAYMENTS	LONGTAIL	CHECKOUT	-	LEGADO	debit_card	-	202606	PLANO V5		 2.266,00 
ONLINE PAYMENTS	LONGTAIL	CHECKOUT	-	LEGADO	debit_card	-	202607	PLANO V5		 1.304,00 
ONLINE PAYMENTS	LONGTAIL	CHECKOUT	-	LEGADO	debit_card	-	202608	PLANO V5		 1.697,00 
ONLINE PAYMENTS	LONGTAIL	CHECKOUT	-	LEGADO	debit_card	-	202609	PLANO V5		 1.580,00 
ONLINE PAYMENTS	LONGTAIL	CHECKOUT	-	LEGADO	debit_card	-	202610	PLANO V5		 1.478,00 
ONLINE PAYMENTS	LONGTAIL	CHECKOUT	-	LEGADO	debit_card	-	202611	PLANO V5		 1.805,00 
ONLINE PAYMENTS	LONGTAIL	CHECKOUT	-	LEGADO	debit_card	-	202612	PLANO V5		 1.537,00 
ONLINE PAYMENTS	LONGTAIL	CHECKOUT	-	LEGADO	digital_currency	-	202601	PLANO V5		 549.683,00 
ONLINE PAYMENTS	LONGTAIL	CHECKOUT	-	LEGADO	digital_currency	-	202602	PLANO V5		 475.415,00 
ONLINE PAYMENTS	LONGTAIL	CHECKOUT	-	LEGADO	digital_currency	-	202603	PLANO V5		 505.253,00 
ONLINE PAYMENTS	LONGTAIL	CHECKOUT	-	LEGADO	digital_currency	-	202604	PLANO V5		 482.052,00 
ONLINE PAYMENTS	LONGTAIL	CHECKOUT	-	LEGADO	digital_currency	-	202605	PLANO V5		 456.591,00 
ONLINE PAYMENTS	LONGTAIL	CHECKOUT	-	LEGADO	digital_currency	-	202606	PLANO V5		 390.569,00 
ONLINE PAYMENTS	LONGTAIL	CHECKOUT	-	LEGADO	digital_currency	-	202607	PLANO V5		 366.412,00 
ONLINE PAYMENTS	LONGTAIL	CHECKOUT	-	LEGADO	digital_currency	-	202608	PLANO V5		 359.480,00 
ONLINE PAYMENTS	LONGTAIL	CHECKOUT	-	LEGADO	digital_currency	-	202609	PLANO V5		 336.519,00 
ONLINE PAYMENTS	LONGTAIL	CHECKOUT	-	LEGADO	digital_currency	-	202610	PLANO V5		 341.230,00 
ONLINE PAYMENTS	LONGTAIL	CHECKOUT	-	LEGADO	digital_currency	-	202611	PLANO V5		 393.981,00 
ONLINE PAYMENTS	LONGTAIL	CHECKOUT	-	LEGADO	digital_currency	-	202612	PLANO V5		 338.878,00 
ONLINE PAYMENTS	LONGTAIL	CHECKOUT	-	LEGADO	ticket	-	202601	PLANO V5		 2.425.406,00 
ONLINE PAYMENTS	LONGTAIL	CHECKOUT	-	LEGADO	ticket	-	202602	PLANO V5		 2.071.290,00 
ONLINE PAYMENTS	LONGTAIL	CHECKOUT	-	LEGADO	ticket	-	202603	PLANO V5		 1.847.778,00 
ONLINE PAYMENTS	LONGTAIL	CHECKOUT	-	LEGADO	ticket	-	202604	PLANO V5		 2.027.033,00 
ONLINE PAYMENTS	LONGTAIL	CHECKOUT	-	LEGADO	ticket	-	202605	PLANO V5		 2.000.420,00 
ONLINE PAYMENTS	LONGTAIL	CHECKOUT	-	LEGADO	ticket	-	202606	PLANO V5		 1.900.505,00 
ONLINE PAYMENTS	LONGTAIL	CHECKOUT	-	LEGADO	ticket	-	202607	PLANO V5		 1.578.894,00 
ONLINE PAYMENTS	LONGTAIL	CHECKOUT	-	LEGADO	ticket	-	202608	PLANO V5		 1.460.875,00 
ONLINE PAYMENTS	LONGTAIL	CHECKOUT	-	LEGADO	ticket	-	202609	PLANO V5		 1.335.691,00 
ONLINE PAYMENTS	LONGTAIL	CHECKOUT	-	LEGADO	ticket	-	202610	PLANO V5		 1.375.377,00 
ONLINE PAYMENTS	LONGTAIL	CHECKOUT	-	LEGADO	ticket	-	202611	PLANO V5		 1.552.703,00 
ONLINE PAYMENTS	LONGTAIL	CHECKOUT	-	LEGADO	ticket	-	202612	PLANO V5		 1.321.836,00 
ONLINE PAYMENTS	LONGTAIL	LINK	-	AQUISICAO	account_money	-	202601	PLANO V5		 369.964,00 
ONLINE PAYMENTS	LONGTAIL	LINK	-	AQUISICAO	account_money	-	202602	PLANO V5		 476.397,00 
ONLINE PAYMENTS	LONGTAIL	LINK	-	AQUISICAO	account_money	-	202603	PLANO V5		 587.260,00 
ONLINE PAYMENTS	LONGTAIL	LINK	-	AQUISICAO	account_money	-	202604	PLANO V5		 687.009,00 
ONLINE PAYMENTS	LONGTAIL	LINK	-	AQUISICAO	account_money	-	202605	PLANO V5		 791.701,00 
ONLINE PAYMENTS	LONGTAIL	LINK	-	AQUISICAO	account_money	-	202606	PLANO V5		 836.939,00 
ONLINE PAYMENTS	LONGTAIL	LINK	-	AQUISICAO	account_money	-	202607	PLANO V5		 958.178,00 
ONLINE PAYMENTS	LONGTAIL	LINK	-	AQUISICAO	account_money	-	202608	PLANO V5		 1.041.217,00 
ONLINE PAYMENTS	LONGTAIL	LINK	-	AQUISICAO	account_money	-	202609	PLANO V5		 1.111.544,00 
ONLINE PAYMENTS	LONGTAIL	LINK	-	AQUISICAO	account_money	-	202610	PLANO V5		 1.233.542,00 
ONLINE PAYMENTS	LONGTAIL	LINK	-	AQUISICAO	account_money	-	202611	PLANO V5		 1.278.247,00 
ONLINE PAYMENTS	LONGTAIL	LINK	-	AQUISICAO	account_money	-	202612	PLANO V5		 1.283.366,00 
ONLINE PAYMENTS	LONGTAIL	LINK	-	AQUISICAO	bank_transfer	-	202601	PLANO V5		 1.394.115,00 
ONLINE PAYMENTS	LONGTAIL	LINK	-	AQUISICAO	bank_transfer	-	202602	PLANO V5		 1.742.263,00 
ONLINE PAYMENTS	LONGTAIL	LINK	-	AQUISICAO	bank_transfer	-	202603	PLANO V5		 2.159.565,00 
ONLINE PAYMENTS	LONGTAIL	LINK	-	AQUISICAO	bank_transfer	-	202604	PLANO V5		 2.541.995,00 
ONLINE PAYMENTS	LONGTAIL	LINK	-	AQUISICAO	bank_transfer	-	202605	PLANO V5		 2.911.731,00 
ONLINE PAYMENTS	LONGTAIL	LINK	-	AQUISICAO	bank_transfer	-	202606	PLANO V5		 3.084.137,00 
ONLINE PAYMENTS	LONGTAIL	LINK	-	AQUISICAO	bank_transfer	-	202607	PLANO V5		 3.533.445,00 
ONLINE PAYMENTS	LONGTAIL	LINK	-	AQUISICAO	bank_transfer	-	202608	PLANO V5		 3.835.263,00 
ONLINE PAYMENTS	LONGTAIL	LINK	-	AQUISICAO	bank_transfer	-	202609	PLANO V5		 4.096.467,00 
ONLINE PAYMENTS	LONGTAIL	LINK	-	AQUISICAO	bank_transfer	-	202610	PLANO V5		 4.546.231,00 
ONLINE PAYMENTS	LONGTAIL	LINK	-	AQUISICAO	bank_transfer	-	202611	PLANO V5		 4.710.043,00 
ONLINE PAYMENTS	LONGTAIL	LINK	-	AQUISICAO	bank_transfer	-	202612	PLANO V5		 4.729.490,00 
ONLINE PAYMENTS	LONGTAIL	LINK	-	AQUISICAO	consumer_credits	-	202601	PLANO V5		 -   
ONLINE PAYMENTS	LONGTAIL	LINK	-	AQUISICAO	consumer_credits	-	202602	PLANO V5		 -   
ONLINE PAYMENTS	LONGTAIL	LINK	-	AQUISICAO	consumer_credits	-	202603	PLANO V5		 -   
ONLINE PAYMENTS	LONGTAIL	LINK	-	AQUISICAO	consumer_credits	-	202604	PLANO V5		 -   
ONLINE PAYMENTS	LONGTAIL	LINK	-	AQUISICAO	consumer_credits	-	202605	PLANO V5		 -   
ONLINE PAYMENTS	LONGTAIL	LINK	-	AQUISICAO	consumer_credits	-	202606	PLANO V5		 -   
ONLINE PAYMENTS	LONGTAIL	LINK	-	AQUISICAO	consumer_credits	-	202607	PLANO V5		 -   
ONLINE PAYMENTS	LONGTAIL	LINK	-	AQUISICAO	consumer_credits	-	202608	PLANO V5		 -   
ONLINE PAYMENTS	LONGTAIL	LINK	-	AQUISICAO	consumer_credits	-	202609	PLANO V5		 -   
ONLINE PAYMENTS	LONGTAIL	LINK	-	AQUISICAO	consumer_credits	-	202610	PLANO V5		 -   
ONLINE PAYMENTS	LONGTAIL	LINK	-	AQUISICAO	consumer_credits	-	202611	PLANO V5		 -   
ONLINE PAYMENTS	LONGTAIL	LINK	-	AQUISICAO	consumer_credits	-	202612	PLANO V5		 -   
ONLINE PAYMENTS	LONGTAIL	LINK	-	AQUISICAO	credit_card	-	202601	PLANO V5		 -   
ONLINE PAYMENTS	LONGTAIL	LINK	-	AQUISICAO	credit_card	-	202602	PLANO V5		 -   
ONLINE PAYMENTS	LONGTAIL	LINK	-	AQUISICAO	credit_card	-	202603	PLANO V5		 -   
ONLINE PAYMENTS	LONGTAIL	LINK	-	AQUISICAO	credit_card	-	202604	PLANO V5		 -   
ONLINE PAYMENTS	LONGTAIL	LINK	-	AQUISICAO	credit_card	-	202605	PLANO V5		 -   
ONLINE PAYMENTS	LONGTAIL	LINK	-	AQUISICAO	credit_card	-	202606	PLANO V5		 -   
ONLINE PAYMENTS	LONGTAIL	LINK	-	AQUISICAO	credit_card	-	202607	PLANO V5		 -   
ONLINE PAYMENTS	LONGTAIL	LINK	-	AQUISICAO	credit_card	-	202608	PLANO V5		 -   
ONLINE PAYMENTS	LONGTAIL	LINK	-	AQUISICAO	credit_card	-	202609	PLANO V5		 -   
ONLINE PAYMENTS	LONGTAIL	LINK	-	AQUISICAO	credit_card	-	202610	PLANO V5		 -   
ONLINE PAYMENTS	LONGTAIL	LINK	-	AQUISICAO	credit_card	-	202611	PLANO V5		 -   
ONLINE PAYMENTS	LONGTAIL	LINK	-	AQUISICAO	credit_card	-	202612	PLANO V5		 -   
ONLINE PAYMENTS	LONGTAIL	LINK	-	AQUISICAO	credit_card	1x	202601	PLANO V5		 33.378.900,00 
ONLINE PAYMENTS	LONGTAIL	LINK	-	AQUISICAO	credit_card	1x	202602	PLANO V5		 41.003.630,00 
ONLINE PAYMENTS	LONGTAIL	LINK	-	AQUISICAO	credit_card	1x	202603	PLANO V5		 51.927.379,00 
ONLINE PAYMENTS	LONGTAIL	LINK	-	AQUISICAO	credit_card	1x	202604	PLANO V5		 62.472.539,00 
ONLINE PAYMENTS	LONGTAIL	LINK	-	AQUISICAO	credit_card	1x	202605	PLANO V5		 72.176.716,00 
ONLINE PAYMENTS	LONGTAIL	LINK	-	AQUISICAO	credit_card	1x	202606	PLANO V5		 77.789.806,00 
ONLINE PAYMENTS	LONGTAIL	LINK	-	AQUISICAO	credit_card	1x	202607	PLANO V5		 90.556.122,00 
ONLINE PAYMENTS	LONGTAIL	LINK	-	AQUISICAO	credit_card	1x	202608	PLANO V5		 99.670.843,00 
ONLINE PAYMENTS	LONGTAIL	LINK	-	AQUISICAO	credit_card	1x	202609	PLANO V5		 108.151.474,00 
ONLINE PAYMENTS	LONGTAIL	LINK	-	AQUISICAO	credit_card	1x	202610	PLANO V5		 121.867.049,00 
ONLINE PAYMENTS	LONGTAIL	LINK	-	AQUISICAO	credit_card	1x	202611	PLANO V5		 128.162.780,00 
ONLINE PAYMENTS	LONGTAIL	LINK	-	AQUISICAO	credit_card	1x	202612	PLANO V5		 130.679.594,00 
ONLINE PAYMENTS	LONGTAIL	LINK	-	AQUISICAO	credit_card	2 a 6x	202601	PLANO V5		 55.119.103,00 
ONLINE PAYMENTS	LONGTAIL	LINK	-	AQUISICAO	credit_card	2 a 6x	202602	PLANO V5		 67.759.722,00 
ONLINE PAYMENTS	LONGTAIL	LINK	-	AQUISICAO	credit_card	2 a 6x	202603	PLANO V5		 86.194.948,00 
ONLINE PAYMENTS	LONGTAIL	LINK	-	AQUISICAO	credit_card	2 a 6x	202604	PLANO V5		 103.990.547,00 
ONLINE PAYMENTS	LONGTAIL	LINK	-	AQUISICAO	credit_card	2 a 6x	202605	PLANO V5		 120.598.981,00 
ONLINE PAYMENTS	LONGTAIL	LINK	-	AQUISICAO	credit_card	2 a 6x	202606	PLANO V5		 130.122.071,00 
ONLINE PAYMENTS	LONGTAIL	LINK	-	AQUISICAO	credit_card	2 a 6x	202607	PLANO V5		 151.781.445,00 
ONLINE PAYMENTS	LONGTAIL	LINK	-	AQUISICAO	credit_card	2 a 6x	202608	PLANO V5		 167.382.116,00 
ONLINE PAYMENTS	LONGTAIL	LINK	-	AQUISICAO	credit_card	2 a 6x	202609	PLANO V5		 182.506.646,00 
ONLINE PAYMENTS	LONGTAIL	LINK	-	AQUISICAO	credit_card	2 a 6x	202610	PLANO V5		 205.992.276,00 
ONLINE PAYMENTS	LONGTAIL	LINK	-	AQUISICAO	credit_card	2 a 6x	202611	PLANO V5		 217.231.459,00 
ONLINE PAYMENTS	LONGTAIL	LINK	-	AQUISICAO	credit_card	2 a 6x	202612	PLANO V5		 221.669.707,00 
ONLINE PAYMENTS	LONGTAIL	LINK	-	AQUISICAO	credit_card	7 a 12x	202601	PLANO V5		 25.756.701,00 
ONLINE PAYMENTS	LONGTAIL	LINK	-	AQUISICAO	credit_card	7 a 12x	202602	PLANO V5		 31.610.687,00 
ONLINE PAYMENTS	LONGTAIL	LINK	-	AQUISICAO	credit_card	7 a 12x	202603	PLANO V5		 39.692.383,00 
ONLINE PAYMENTS	LONGTAIL	LINK	-	AQUISICAO	credit_card	7 a 12x	202604	PLANO V5		 47.544.961,00 
ONLINE PAYMENTS	LONGTAIL	LINK	-	AQUISICAO	credit_card	7 a 12x	202605	PLANO V5		 54.538.694,00 
ONLINE PAYMENTS	LONGTAIL	LINK	-	AQUISICAO	credit_card	7 a 12x	202606	PLANO V5		 58.712.486,00 
ONLINE PAYMENTS	LONGTAIL	LINK	-	AQUISICAO	credit_card	7 a 12x	202607	PLANO V5		 68.137.246,00 
ONLINE PAYMENTS	LONGTAIL	LINK	-	AQUISICAO	credit_card	7 a 12x	202608	PLANO V5		 74.765.906,00 
ONLINE PAYMENTS	LONGTAIL	LINK	-	AQUISICAO	credit_card	7 a 12x	202609	PLANO V5		 80.348.661,00 
ONLINE PAYMENTS	LONGTAIL	LINK	-	AQUISICAO	credit_card	7 a 12x	202610	PLANO V5		 90.313.976,00 
ONLINE PAYMENTS	LONGTAIL	LINK	-	AQUISICAO	credit_card	7 a 12x	202611	PLANO V5		 94.500.779,00 
ONLINE PAYMENTS	LONGTAIL	LINK	-	AQUISICAO	credit_card	7 a 12x	202612	PLANO V5		 96.304.379,00 
ONLINE PAYMENTS	LONGTAIL	LINK	-	AQUISICAO	credit_card	Maior que 12x	202601	PLANO V5		 -   
ONLINE PAYMENTS	LONGTAIL	LINK	-	AQUISICAO	credit_card	Maior que 12x	202602	PLANO V5		 -   
ONLINE PAYMENTS	LONGTAIL	LINK	-	AQUISICAO	credit_card	Maior que 12x	202603	PLANO V5		 -   
ONLINE PAYMENTS	LONGTAIL	LINK	-	AQUISICAO	credit_card	Maior que 12x	202604	PLANO V5		 -   
ONLINE PAYMENTS	LONGTAIL	LINK	-	AQUISICAO	credit_card	Maior que 12x	202605	PLANO V5		 -   
ONLINE PAYMENTS	LONGTAIL	LINK	-	AQUISICAO	credit_card	Maior que 12x	202606	PLANO V5		 -   
ONLINE PAYMENTS	LONGTAIL	LINK	-	AQUISICAO	credit_card	Maior que 12x	202607	PLANO V5		 -   
ONLINE PAYMENTS	LONGTAIL	LINK	-	AQUISICAO	credit_card	Maior que 12x	202608	PLANO V5		 -   
ONLINE PAYMENTS	LONGTAIL	LINK	-	AQUISICAO	credit_card	Maior que 12x	202609	PLANO V5		 -   
ONLINE PAYMENTS	LONGTAIL	LINK	-	AQUISICAO	credit_card	Maior que 12x	202610	PLANO V5		 -   
ONLINE PAYMENTS	LONGTAIL	LINK	-	AQUISICAO	credit_card	Maior que 12x	202611	PLANO V5		 -   
ONLINE PAYMENTS	LONGTAIL	LINK	-	AQUISICAO	credit_card	Maior que 12x	202612	PLANO V5		 -   
ONLINE PAYMENTS	LONGTAIL	LINK	-	AQUISICAO	debit_card	-	202601	PLANO V5		 25.328,00 
ONLINE PAYMENTS	LONGTAIL	LINK	-	AQUISICAO	debit_card	-	202602	PLANO V5		 40.195,00 
ONLINE PAYMENTS	LONGTAIL	LINK	-	AQUISICAO	debit_card	-	202603	PLANO V5		 34.331,00 
ONLINE PAYMENTS	LONGTAIL	LINK	-	AQUISICAO	debit_card	-	202604	PLANO V5		 49.981,00 
ONLINE PAYMENTS	LONGTAIL	LINK	-	AQUISICAO	debit_card	-	202605	PLANO V5		 58.737,00 
ONLINE PAYMENTS	LONGTAIL	LINK	-	AQUISICAO	debit_card	-	202606	PLANO V5		 58.990,00 
ONLINE PAYMENTS	LONGTAIL	LINK	-	AQUISICAO	debit_card	-	202607	PLANO V5		 71.605,00 
ONLINE PAYMENTS	LONGTAIL	LINK	-	AQUISICAO	debit_card	-	202608	PLANO V5		 78.502,00 
ONLINE PAYMENTS	LONGTAIL	LINK	-	AQUISICAO	debit_card	-	202609	PLANO V5		 84.238,00 
ONLINE PAYMENTS	LONGTAIL	LINK	-	AQUISICAO	debit_card	-	202610	PLANO V5		 95.756,00 
ONLINE PAYMENTS	LONGTAIL	LINK	-	AQUISICAO	debit_card	-	202611	PLANO V5		 100.490,00 
ONLINE PAYMENTS	LONGTAIL	LINK	-	AQUISICAO	debit_card	-	202612	PLANO V5		 102.309,00 
ONLINE PAYMENTS	LONGTAIL	LINK	-	AQUISICAO	digital_currency	-	202601	PLANO V5		 3.394.094,00 
ONLINE PAYMENTS	LONGTAIL	LINK	-	AQUISICAO	digital_currency	-	202602	PLANO V5		 4.154.003,00 
ONLINE PAYMENTS	LONGTAIL	LINK	-	AQUISICAO	digital_currency	-	202603	PLANO V5		 5.238.190,00 
ONLINE PAYMENTS	LONGTAIL	LINK	-	AQUISICAO	digital_currency	-	202604	PLANO V5		 6.327.789,00 
ONLINE PAYMENTS	LONGTAIL	LINK	-	AQUISICAO	digital_currency	-	202605	PLANO V5		 7.301.217,00 
ONLINE PAYMENTS	LONGTAIL	LINK	-	AQUISICAO	digital_currency	-	202606	PLANO V5		 7.865.118,00 
ONLINE PAYMENTS	LONGTAIL	LINK	-	AQUISICAO	digital_currency	-	202607	PLANO V5		 9.162.889,00 
ONLINE PAYMENTS	LONGTAIL	LINK	-	AQUISICAO	digital_currency	-	202608	PLANO V5		 10.081.688,00 
ONLINE PAYMENTS	LONGTAIL	LINK	-	AQUISICAO	digital_currency	-	202609	PLANO V5		 10.939.225,00 
ONLINE PAYMENTS	LONGTAIL	LINK	-	AQUISICAO	digital_currency	-	202610	PLANO V5		 12.328.141,00 
ONLINE PAYMENTS	LONGTAIL	LINK	-	AQUISICAO	digital_currency	-	202611	PLANO V5		 12.963.992,00 
ONLINE PAYMENTS	LONGTAIL	LINK	-	AQUISICAO	digital_currency	-	202612	PLANO V5		 13.218.693,00 
ONLINE PAYMENTS	LONGTAIL	LINK	-	AQUISICAO	ticket	-	202601	PLANO V5		 764.890,00 
ONLINE PAYMENTS	LONGTAIL	LINK	-	AQUISICAO	ticket	-	202602	PLANO V5		 967.914,00 
ONLINE PAYMENTS	LONGTAIL	LINK	-	AQUISICAO	ticket	-	202603	PLANO V5		 1.204.356,00 
ONLINE PAYMENTS	LONGTAIL	LINK	-	AQUISICAO	ticket	-	202604	PLANO V5		 1.422.698,00 
ONLINE PAYMENTS	LONGTAIL	LINK	-	AQUISICAO	ticket	-	202605	PLANO V5		 1.640.342,00 
ONLINE PAYMENTS	LONGTAIL	LINK	-	AQUISICAO	ticket	-	202606	PLANO V5		 1.745.582,00 
ONLINE PAYMENTS	LONGTAIL	LINK	-	AQUISICAO	ticket	-	202607	PLANO V5		 2.009.768,00 
ONLINE PAYMENTS	LONGTAIL	LINK	-	AQUISICAO	ticket	-	202608	PLANO V5		 2.193.186,00 
ONLINE PAYMENTS	LONGTAIL	LINK	-	AQUISICAO	ticket	-	202609	PLANO V5		 2.354.273,00 
ONLINE PAYMENTS	LONGTAIL	LINK	-	AQUISICAO	ticket	-	202610	PLANO V5		 2.626.108,00 
ONLINE PAYMENTS	LONGTAIL	LINK	-	AQUISICAO	ticket	-	202611	PLANO V5		 2.734.785,00 
ONLINE PAYMENTS	LONGTAIL	LINK	-	AQUISICAO	ticket	-	202612	PLANO V5		 2.760.063,00 
ONLINE PAYMENTS	LONGTAIL	LINK	-	LEGADO	account_money	-	202601	PLANO V5		 1.596.422,00 
ONLINE PAYMENTS	LONGTAIL	LINK	-	LEGADO	account_money	-	202602	PLANO V5		 1.455.122,00 
ONLINE PAYMENTS	LONGTAIL	LINK	-	LEGADO	account_money	-	202603	PLANO V5		 1.610.054,00 
ONLINE PAYMENTS	LONGTAIL	LINK	-	LEGADO	account_money	-	202604	PLANO V5		 1.704.981,00 
ONLINE PAYMENTS	LONGTAIL	LINK	-	LEGADO	account_money	-	202605	PLANO V5		 1.656.589,00 
ONLINE PAYMENTS	LONGTAIL	LINK	-	LEGADO	account_money	-	202606	PLANO V5		 1.312.186,00 
ONLINE PAYMENTS	LONGTAIL	LINK	-	LEGADO	account_money	-	202607	PLANO V5		 1.396.570,00 
ONLINE PAYMENTS	LONGTAIL	LINK	-	LEGADO	account_money	-	202608	PLANO V5		 1.316.357,00 
ONLINE PAYMENTS	LONGTAIL	LINK	-	LEGADO	account_money	-	202609	PLANO V5		 1.204.436,00 
ONLINE PAYMENTS	LONGTAIL	LINK	-	LEGADO	account_money	-	202610	PLANO V5		 1.246.292,00 
ONLINE PAYMENTS	LONGTAIL	LINK	-	LEGADO	account_money	-	202611	PLANO V5		 1.191.019,00 
ONLINE PAYMENTS	LONGTAIL	LINK	-	LEGADO	account_money	-	202612	PLANO V5		 1.075.847,00 
ONLINE PAYMENTS	LONGTAIL	LINK	-	LEGADO	bank_transfer	-	202601	PLANO V5		 7.524.689,00 
ONLINE PAYMENTS	LONGTAIL	LINK	-	LEGADO	bank_transfer	-	202602	PLANO V5		 6.983.433,00 
ONLINE PAYMENTS	LONGTAIL	LINK	-	LEGADO	bank_transfer	-	202603	PLANO V5		 8.019.879,00 
ONLINE PAYMENTS	LONGTAIL	LINK	-	LEGADO	bank_transfer	-	202604	PLANO V5		 6.850.994,00 
ONLINE PAYMENTS	LONGTAIL	LINK	-	LEGADO	bank_transfer	-	202605	PLANO V5		 7.064.588,00 
ONLINE PAYMENTS	LONGTAIL	LINK	-	LEGADO	bank_transfer	-	202606	PLANO V5		 6.203.950,00 
ONLINE PAYMENTS	LONGTAIL	LINK	-	LEGADO	bank_transfer	-	202607	PLANO V5		 5.888.629,00 
ONLINE PAYMENTS	LONGTAIL	LINK	-	LEGADO	bank_transfer	-	202608	PLANO V5		 5.606.100,00 
ONLINE PAYMENTS	LONGTAIL	LINK	-	LEGADO	bank_transfer	-	202609	PLANO V5		 5.132.003,00 
ONLINE PAYMENTS	LONGTAIL	LINK	-	LEGADO	bank_transfer	-	202610	PLANO V5		 5.130.497,00 
ONLINE PAYMENTS	LONGTAIL	LINK	-	LEGADO	bank_transfer	-	202611	PLANO V5		 4.864.858,00 
ONLINE PAYMENTS	LONGTAIL	LINK	-	LEGADO	bank_transfer	-	202612	PLANO V5		 4.333.447,00 
ONLINE PAYMENTS	LONGTAIL	LINK	-	LEGADO	consumer_credits	-	202601	PLANO V5		 -   
ONLINE PAYMENTS	LONGTAIL	LINK	-	LEGADO	consumer_credits	-	202602	PLANO V5		 -   
ONLINE PAYMENTS	LONGTAIL	LINK	-	LEGADO	consumer_credits	-	202603	PLANO V5		 -   
ONLINE PAYMENTS	LONGTAIL	LINK	-	LEGADO	consumer_credits	-	202604	PLANO V5		 -   
ONLINE PAYMENTS	LONGTAIL	LINK	-	LEGADO	consumer_credits	-	202605	PLANO V5		 -   
ONLINE PAYMENTS	LONGTAIL	LINK	-	LEGADO	consumer_credits	-	202606	PLANO V5		 -   
ONLINE PAYMENTS	LONGTAIL	LINK	-	LEGADO	consumer_credits	-	202607	PLANO V5		 -   
ONLINE PAYMENTS	LONGTAIL	LINK	-	LEGADO	consumer_credits	-	202608	PLANO V5		 -   
ONLINE PAYMENTS	LONGTAIL	LINK	-	LEGADO	consumer_credits	-	202609	PLANO V5		 -   
ONLINE PAYMENTS	LONGTAIL	LINK	-	LEGADO	consumer_credits	-	202610	PLANO V5		 -   
ONLINE PAYMENTS	LONGTAIL	LINK	-	LEGADO	consumer_credits	-	202611	PLANO V5		 -   
ONLINE PAYMENTS	LONGTAIL	LINK	-	LEGADO	consumer_credits	-	202612	PLANO V5		 -   
ONLINE PAYMENTS	LONGTAIL	LINK	-	LEGADO	credit_card	-	202601	PLANO V5		 -   
ONLINE PAYMENTS	LONGTAIL	LINK	-	LEGADO	credit_card	-	202602	PLANO V5		 -   
ONLINE PAYMENTS	LONGTAIL	LINK	-	LEGADO	credit_card	-	202603	PLANO V5		 -   
ONLINE PAYMENTS	LONGTAIL	LINK	-	LEGADO	credit_card	-	202604	PLANO V5		 -   
ONLINE PAYMENTS	LONGTAIL	LINK	-	LEGADO	credit_card	-	202605	PLANO V5		 -   
ONLINE PAYMENTS	LONGTAIL	LINK	-	LEGADO	credit_card	-	202606	PLANO V5		 -   
ONLINE PAYMENTS	LONGTAIL	LINK	-	LEGADO	credit_card	-	202607	PLANO V5		 -   
ONLINE PAYMENTS	LONGTAIL	LINK	-	LEGADO	credit_card	-	202608	PLANO V5		 -   
ONLINE PAYMENTS	LONGTAIL	LINK	-	LEGADO	credit_card	-	202609	PLANO V5		 -   
ONLINE PAYMENTS	LONGTAIL	LINK	-	LEGADO	credit_card	-	202610	PLANO V5		 -   
ONLINE PAYMENTS	LONGTAIL	LINK	-	LEGADO	credit_card	-	202611	PLANO V5		 -   
ONLINE PAYMENTS	LONGTAIL	LINK	-	LEGADO	credit_card	-	202612	PLANO V5		 -   
ONLINE PAYMENTS	LONGTAIL	LINK	-	LEGADO	credit_card	1x	202601	PLANO V5		 193.527.287,00 
ONLINE PAYMENTS	LONGTAIL	LINK	-	LEGADO	credit_card	1x	202602	PLANO V5		 187.563.769,00 
ONLINE PAYMENTS	LONGTAIL	LINK	-	LEGADO	credit_card	1x	202603	PLANO V5		 207.478.438,00 
ONLINE PAYMENTS	LONGTAIL	LINK	-	LEGADO	credit_card	1x	202604	PLANO V5		 195.880.740,00 
ONLINE PAYMENTS	LONGTAIL	LINK	-	LEGADO	credit_card	1x	202605	PLANO V5		 194.261.386,00 
ONLINE PAYMENTS	LONGTAIL	LINK	-	LEGADO	credit_card	1x	202606	PLANO V5		 182.046.302,00 
ONLINE PAYMENTS	LONGTAIL	LINK	-	LEGADO	credit_card	1x	202607	PLANO V5		 183.636.127,00 
ONLINE PAYMENTS	LONGTAIL	LINK	-	LEGADO	credit_card	1x	202608	PLANO V5		 170.976.442,00 
ONLINE PAYMENTS	LONGTAIL	LINK	-	LEGADO	credit_card	1x	202609	PLANO V5		 162.118.457,00 
ONLINE PAYMENTS	LONGTAIL	LINK	-	LEGADO	credit_card	1x	202610	PLANO V5		 166.128.534,00 
ONLINE PAYMENTS	LONGTAIL	LINK	-	LEGADO	credit_card	1x	202611	PLANO V5		 159.486.809,00 
ONLINE PAYMENTS	LONGTAIL	LINK	-	LEGADO	credit_card	1x	202612	PLANO V5		 145.547.351,00 
ONLINE PAYMENTS	LONGTAIL	LINK	-	LEGADO	credit_card	2 a 6x	202601	PLANO V5		 326.631.207,00 
ONLINE PAYMENTS	LONGTAIL	LINK	-	LEGADO	credit_card	2 a 6x	202602	PLANO V5		 312.910.115,00 
ONLINE PAYMENTS	LONGTAIL	LINK	-	LEGADO	credit_card	2 a 6x	202603	PLANO V5		 341.580.626,00 
ONLINE PAYMENTS	LONGTAIL	LINK	-	LEGADO	credit_card	2 a 6x	202604	PLANO V5		 323.859.518,00 
ONLINE PAYMENTS	LONGTAIL	LINK	-	LEGADO	credit_card	2 a 6x	202605	PLANO V5		 314.417.746,00 
ONLINE PAYMENTS	LONGTAIL	LINK	-	LEGADO	credit_card	2 a 6x	202606	PLANO V5		 293.391.812,00 
ONLINE PAYMENTS	LONGTAIL	LINK	-	LEGADO	credit_card	2 a 6x	202607	PLANO V5		 290.829.783,00 
ONLINE PAYMENTS	LONGTAIL	LINK	-	LEGADO	credit_card	2 a 6x	202608	PLANO V5		 275.694.034,00 
ONLINE PAYMENTS	LONGTAIL	LINK	-	LEGADO	credit_card	2 a 6x	202609	PLANO V5		 259.700.175,00 
ONLINE PAYMENTS	LONGTAIL	LINK	-	LEGADO	credit_card	2 a 6x	202610	PLANO V5		 265.825.264,00 
ONLINE PAYMENTS	LONGTAIL	LINK	-	LEGADO	credit_card	2 a 6x	202611	PLANO V5		 256.060.158,00 
ONLINE PAYMENTS	LONGTAIL	LINK	-	LEGADO	credit_card	2 a 6x	202612	PLANO V5		 233.903.757,00 
ONLINE PAYMENTS	LONGTAIL	LINK	-	LEGADO	credit_card	7 a 12x	202601	PLANO V5		 152.554.648,00 
ONLINE PAYMENTS	LONGTAIL	LINK	-	LEGADO	credit_card	7 a 12x	202602	PLANO V5		 143.141.774,00 
ONLINE PAYMENTS	LONGTAIL	LINK	-	LEGADO	credit_card	7 a 12x	202603	PLANO V5		 148.961.753,00 
ONLINE PAYMENTS	LONGTAIL	LINK	-	LEGADO	credit_card	7 a 12x	202604	PLANO V5		 140.900.623,00 
ONLINE PAYMENTS	LONGTAIL	LINK	-	LEGADO	credit_card	7 a 12x	202605	PLANO V5		 139.960.102,00 
ONLINE PAYMENTS	LONGTAIL	LINK	-	LEGADO	credit_card	7 a 12x	202606	PLANO V5		 128.735.093,00 
ONLINE PAYMENTS	LONGTAIL	LINK	-	LEGADO	credit_card	7 a 12x	202607	PLANO V5		 131.062.417,00 
ONLINE PAYMENTS	LONGTAIL	LINK	-	LEGADO	credit_card	7 a 12x	202608	PLANO V5		 121.106.792,00 
ONLINE PAYMENTS	LONGTAIL	LINK	-	LEGADO	credit_card	7 a 12x	202609	PLANO V5		 115.557.499,00 
ONLINE PAYMENTS	LONGTAIL	LINK	-	LEGADO	credit_card	7 a 12x	202610	PLANO V5		 118.345.499,00 
ONLINE PAYMENTS	LONGTAIL	LINK	-	LEGADO	credit_card	7 a 12x	202611	PLANO V5		 113.555.079,00 
ONLINE PAYMENTS	LONGTAIL	LINK	-	LEGADO	credit_card	7 a 12x	202612	PLANO V5		 103.243.839,00 
ONLINE PAYMENTS	LONGTAIL	LINK	-	LEGADO	credit_card	Maior que 12x	202601	PLANO V5		 -   
ONLINE PAYMENTS	LONGTAIL	LINK	-	LEGADO	credit_card	Maior que 12x	202602	PLANO V5		 -   
ONLINE PAYMENTS	LONGTAIL	LINK	-	LEGADO	credit_card	Maior que 12x	202603	PLANO V5		 -   
ONLINE PAYMENTS	LONGTAIL	LINK	-	LEGADO	credit_card	Maior que 12x	202604	PLANO V5		 -   
ONLINE PAYMENTS	LONGTAIL	LINK	-	LEGADO	credit_card	Maior que 12x	202605	PLANO V5		 -   
ONLINE PAYMENTS	LONGTAIL	LINK	-	LEGADO	credit_card	Maior que 12x	202606	PLANO V5		 -   
ONLINE PAYMENTS	LONGTAIL	LINK	-	LEGADO	credit_card	Maior que 12x	202607	PLANO V5		 -   
ONLINE PAYMENTS	LONGTAIL	LINK	-	LEGADO	credit_card	Maior que 12x	202608	PLANO V5		 -   
ONLINE PAYMENTS	LONGTAIL	LINK	-	LEGADO	credit_card	Maior que 12x	202609	PLANO V5		 -   
ONLINE PAYMENTS	LONGTAIL	LINK	-	LEGADO	credit_card	Maior que 12x	202610	PLANO V5		 -   
ONLINE PAYMENTS	LONGTAIL	LINK	-	LEGADO	credit_card	Maior que 12x	202611	PLANO V5		 -   
ONLINE PAYMENTS	LONGTAIL	LINK	-	LEGADO	credit_card	Maior que 12x	202612	PLANO V5		 -   
ONLINE PAYMENTS	LONGTAIL	LINK	-	LEGADO	debit_card	-	202601	PLANO V5		 189.556,00 
ONLINE PAYMENTS	LONGTAIL	LINK	-	LEGADO	debit_card	-	202602	PLANO V5		 200.793,00 
ONLINE PAYMENTS	LONGTAIL	LINK	-	LEGADO	debit_card	-	202603	PLANO V5		 223.784,00 
ONLINE PAYMENTS	LONGTAIL	LINK	-	LEGADO	debit_card	-	202604	PLANO V5		 180.282,00 
ONLINE PAYMENTS	LONGTAIL	LINK	-	LEGADO	debit_card	-	202605	PLANO V5		 239.210,00 
ONLINE PAYMENTS	LONGTAIL	LINK	-	LEGADO	debit_card	-	202606	PLANO V5		 320.752,00 
ONLINE PAYMENTS	LONGTAIL	LINK	-	LEGADO	debit_card	-	202607	PLANO V5		 274.229,00 
ONLINE PAYMENTS	LONGTAIL	LINK	-	LEGADO	debit_card	-	202608	PLANO V5		 255.870,00 
ONLINE PAYMENTS	LONGTAIL	LINK	-	LEGADO	debit_card	-	202609	PLANO V5		 256.731,00 
ONLINE PAYMENTS	LONGTAIL	LINK	-	LEGADO	debit_card	-	202610	PLANO V5		 253.253,00 
ONLINE PAYMENTS	LONGTAIL	LINK	-	LEGADO	debit_card	-	202611	PLANO V5		 244.796,00 
ONLINE PAYMENTS	LONGTAIL	LINK	-	LEGADO	debit_card	-	202612	PLANO V5		 225.255,00 
ONLINE PAYMENTS	LONGTAIL	LINK	-	LEGADO	digital_currency	-	202601	PLANO V5		 15.018.050,00 
ONLINE PAYMENTS	LONGTAIL	LINK	-	LEGADO	digital_currency	-	202602	PLANO V5		 12.743.199,00 
ONLINE PAYMENTS	LONGTAIL	LINK	-	LEGADO	digital_currency	-	202603	PLANO V5		 16.244.383,00 
ONLINE PAYMENTS	LONGTAIL	LINK	-	LEGADO	digital_currency	-	202604	PLANO V5		 14.570.452,00 
ONLINE PAYMENTS	LONGTAIL	LINK	-	LEGADO	digital_currency	-	202605	PLANO V5		 14.230.868,00 
ONLINE PAYMENTS	LONGTAIL	LINK	-	LEGADO	digital_currency	-	202606	PLANO V5		 10.579.360,00 
ONLINE PAYMENTS	LONGTAIL	LINK	-	LEGADO	digital_currency	-	202607	PLANO V5		 8.418.247,00 
ONLINE PAYMENTS	LONGTAIL	LINK	-	LEGADO	digital_currency	-	202608	PLANO V5		 10.082.446,00 
ONLINE PAYMENTS	LONGTAIL	LINK	-	LEGADO	digital_currency	-	202609	PLANO V5		 8.799.407,00 
ONLINE PAYMENTS	LONGTAIL	LINK	-	LEGADO	digital_currency	-	202610	PLANO V5		 8.805.664,00 
ONLINE PAYMENTS	LONGTAIL	LINK	-	LEGADO	digital_currency	-	202611	PLANO V5		 8.837.515,00 
ONLINE PAYMENTS	LONGTAIL	LINK	-	LEGADO	digital_currency	-	202612	PLANO V5		 7.893.155,00 
ONLINE PAYMENTS	LONGTAIL	LINK	-	LEGADO	ticket	-	202601	PLANO V5		 3.437.374,00 
ONLINE PAYMENTS	LONGTAIL	LINK	-	LEGADO	ticket	-	202602	PLANO V5		 3.058.825,00 
ONLINE PAYMENTS	LONGTAIL	LINK	-	LEGADO	ticket	-	202603	PLANO V5		 3.117.078,00 
ONLINE PAYMENTS	LONGTAIL	LINK	-	LEGADO	ticket	-	202604	PLANO V5		 2.429.339,00 
ONLINE PAYMENTS	LONGTAIL	LINK	-	LEGADO	ticket	-	202605	PLANO V5		 2.251.559,00 
ONLINE PAYMENTS	LONGTAIL	LINK	-	LEGADO	ticket	-	202606	PLANO V5		 2.070.852,00 
ONLINE PAYMENTS	LONGTAIL	LINK	-	LEGADO	ticket	-	202607	PLANO V5		 1.803.804,00 
ONLINE PAYMENTS	LONGTAIL	LINK	-	LEGADO	ticket	-	202608	PLANO V5		 1.680.820,00 
ONLINE PAYMENTS	LONGTAIL	LINK	-	LEGADO	ticket	-	202609	PLANO V5		 1.508.830,00 
ONLINE PAYMENTS	LONGTAIL	LINK	-	LEGADO	ticket	-	202610	PLANO V5		 1.571.672,00 
ONLINE PAYMENTS	LONGTAIL	LINK	-	LEGADO	ticket	-	202611	PLANO V5		 1.489.879,00 
ONLINE PAYMENTS	LONGTAIL	LINK	-	LEGADO	ticket	-	202612	PLANO V5		 1.336.474,00 
ONLINE PAYMENTS	LONGTAIL	OTHERS	-	LEGADO	account_money	-	202601	PLANO V5		 -   
ONLINE PAYMENTS	LONGTAIL	OTHERS	-	LEGADO	account_money	-	202602	PLANO V5		 -   
ONLINE PAYMENTS	LONGTAIL	OTHERS	-	LEGADO	account_money	-	202603	PLANO V5		 -   
ONLINE PAYMENTS	LONGTAIL	OTHERS	-	LEGADO	account_money	-	202604	PLANO V5		 -   
ONLINE PAYMENTS	LONGTAIL	OTHERS	-	LEGADO	account_money	-	202605	PLANO V5		 -   
ONLINE PAYMENTS	LONGTAIL	OTHERS	-	LEGADO	account_money	-	202606	PLANO V5		 -   
ONLINE PAYMENTS	LONGTAIL	OTHERS	-	LEGADO	account_money	-	202607	PLANO V5		 -   
ONLINE PAYMENTS	LONGTAIL	OTHERS	-	LEGADO	account_money	-	202608	PLANO V5		 -   
ONLINE PAYMENTS	LONGTAIL	OTHERS	-	LEGADO	account_money	-	202609	PLANO V5		 -   
ONLINE PAYMENTS	LONGTAIL	OTHERS	-	LEGADO	account_money	-	202610	PLANO V5		 -   
ONLINE PAYMENTS	LONGTAIL	OTHERS	-	LEGADO	account_money	-	202611	PLANO V5		 -   
ONLINE PAYMENTS	LONGTAIL	OTHERS	-	LEGADO	account_money	-	202612	PLANO V5		 -   
ONLINE PAYMENTS	LONGTAIL	OTHERS	-	LEGADO	bank_transfer	-	202601	PLANO V5		 -   
ONLINE PAYMENTS	LONGTAIL	OTHERS	-	LEGADO	bank_transfer	-	202602	PLANO V5		 -   
ONLINE PAYMENTS	LONGTAIL	OTHERS	-	LEGADO	bank_transfer	-	202603	PLANO V5		 -   
ONLINE PAYMENTS	LONGTAIL	OTHERS	-	LEGADO	bank_transfer	-	202604	PLANO V5		 -   
ONLINE PAYMENTS	LONGTAIL	OTHERS	-	LEGADO	bank_transfer	-	202605	PLANO V5		 -   
ONLINE PAYMENTS	LONGTAIL	OTHERS	-	LEGADO	bank_transfer	-	202606	PLANO V5		 -   
ONLINE PAYMENTS	LONGTAIL	OTHERS	-	LEGADO	bank_transfer	-	202607	PLANO V5		 -   
ONLINE PAYMENTS	LONGTAIL	OTHERS	-	LEGADO	bank_transfer	-	202608	PLANO V5		 -   
ONLINE PAYMENTS	LONGTAIL	OTHERS	-	LEGADO	bank_transfer	-	202609	PLANO V5		 -   
ONLINE PAYMENTS	LONGTAIL	OTHERS	-	LEGADO	bank_transfer	-	202610	PLANO V5		 -   
ONLINE PAYMENTS	LONGTAIL	OTHERS	-	LEGADO	bank_transfer	-	202611	PLANO V5		 -   
ONLINE PAYMENTS	LONGTAIL	OTHERS	-	LEGADO	bank_transfer	-	202612	PLANO V5		 -   
ONLINE PAYMENTS	LONGTAIL	OTHERS	-	LEGADO	consumer_credits	-	202601	PLANO V5		 -   
ONLINE PAYMENTS	LONGTAIL	OTHERS	-	LEGADO	consumer_credits	-	202602	PLANO V5		 -   
ONLINE PAYMENTS	LONGTAIL	OTHERS	-	LEGADO	consumer_credits	-	202603	PLANO V5		 -   
ONLINE PAYMENTS	LONGTAIL	OTHERS	-	LEGADO	consumer_credits	-	202604	PLANO V5		 -   
ONLINE PAYMENTS	LONGTAIL	OTHERS	-	LEGADO	consumer_credits	-	202605	PLANO V5		 -   
ONLINE PAYMENTS	LONGTAIL	OTHERS	-	LEGADO	consumer_credits	-	202606	PLANO V5		 -   
ONLINE PAYMENTS	LONGTAIL	OTHERS	-	LEGADO	consumer_credits	-	202607	PLANO V5		 -   
ONLINE PAYMENTS	LONGTAIL	OTHERS	-	LEGADO	consumer_credits	-	202608	PLANO V5		 -   
ONLINE PAYMENTS	LONGTAIL	OTHERS	-	LEGADO	consumer_credits	-	202609	PLANO V5		 -   
ONLINE PAYMENTS	LONGTAIL	OTHERS	-	LEGADO	consumer_credits	-	202610	PLANO V5		 -   
ONLINE PAYMENTS	LONGTAIL	OTHERS	-	LEGADO	consumer_credits	-	202611	PLANO V5		 -   
ONLINE PAYMENTS	LONGTAIL	OTHERS	-	LEGADO	consumer_credits	-	202612	PLANO V5		 -   
ONLINE PAYMENTS	LONGTAIL	OTHERS	-	LEGADO	credit_card	-	202601	PLANO V5		 -   
ONLINE PAYMENTS	LONGTAIL	OTHERS	-	LEGADO	credit_card	-	202602	PLANO V5		 -   
ONLINE PAYMENTS	LONGTAIL	OTHERS	-	LEGADO	credit_card	-	202603	PLANO V5		 -   
ONLINE PAYMENTS	LONGTAIL	OTHERS	-	LEGADO	credit_card	-	202604	PLANO V5		 -   
ONLINE PAYMENTS	LONGTAIL	OTHERS	-	LEGADO	credit_card	-	202605	PLANO V5		 -   
ONLINE PAYMENTS	LONGTAIL	OTHERS	-	LEGADO	credit_card	-	202606	PLANO V5		 -   
ONLINE PAYMENTS	LONGTAIL	OTHERS	-	LEGADO	credit_card	-	202607	PLANO V5		 -   
ONLINE PAYMENTS	LONGTAIL	OTHERS	-	LEGADO	credit_card	-	202608	PLANO V5		 -   
ONLINE PAYMENTS	LONGTAIL	OTHERS	-	LEGADO	credit_card	-	202609	PLANO V5		 -   
ONLINE PAYMENTS	LONGTAIL	OTHERS	-	LEGADO	credit_card	-	202610	PLANO V5		 -   
ONLINE PAYMENTS	LONGTAIL	OTHERS	-	LEGADO	credit_card	-	202611	PLANO V5		 -   
ONLINE PAYMENTS	LONGTAIL	OTHERS	-	LEGADO	credit_card	-	202612	PLANO V5		 -   
ONLINE PAYMENTS	LONGTAIL	OTHERS	-	LEGADO	credit_card	1x	202601	PLANO V5		 -   
ONLINE PAYMENTS	LONGTAIL	OTHERS	-	LEGADO	credit_card	1x	202602	PLANO V5		 -   
ONLINE PAYMENTS	LONGTAIL	OTHERS	-	LEGADO	credit_card	1x	202603	PLANO V5		 -   
ONLINE PAYMENTS	LONGTAIL	OTHERS	-	LEGADO	credit_card	1x	202604	PLANO V5		 -   
ONLINE PAYMENTS	LONGTAIL	OTHERS	-	LEGADO	credit_card	1x	202605	PLANO V5		 -   
ONLINE PAYMENTS	LONGTAIL	OTHERS	-	LEGADO	credit_card	1x	202606	PLANO V5		 -   
ONLINE PAYMENTS	LONGTAIL	OTHERS	-	LEGADO	credit_card	1x	202607	PLANO V5		 -   
ONLINE PAYMENTS	LONGTAIL	OTHERS	-	LEGADO	credit_card	1x	202608	PLANO V5		 -   
ONLINE PAYMENTS	LONGTAIL	OTHERS	-	LEGADO	credit_card	1x	202609	PLANO V5		 -   
ONLINE PAYMENTS	LONGTAIL	OTHERS	-	LEGADO	credit_card	1x	202610	PLANO V5		 -   
ONLINE PAYMENTS	LONGTAIL	OTHERS	-	LEGADO	credit_card	1x	202611	PLANO V5		 -   
ONLINE PAYMENTS	LONGTAIL	OTHERS	-	LEGADO	credit_card	1x	202612	PLANO V5		 -   
ONLINE PAYMENTS	LONGTAIL	OTHERS	-	LEGADO	credit_card	2 a 6x	202601	PLANO V5		 -   
ONLINE PAYMENTS	LONGTAIL	OTHERS	-	LEGADO	credit_card	2 a 6x	202602	PLANO V5		 -   
ONLINE PAYMENTS	LONGTAIL	OTHERS	-	LEGADO	credit_card	2 a 6x	202603	PLANO V5		 -   
ONLINE PAYMENTS	LONGTAIL	OTHERS	-	LEGADO	credit_card	2 a 6x	202604	PLANO V5		 -   
ONLINE PAYMENTS	LONGTAIL	OTHERS	-	LEGADO	credit_card	2 a 6x	202605	PLANO V5		 -   
ONLINE PAYMENTS	LONGTAIL	OTHERS	-	LEGADO	credit_card	2 a 6x	202606	PLANO V5		 -   
ONLINE PAYMENTS	LONGTAIL	OTHERS	-	LEGADO	credit_card	2 a 6x	202607	PLANO V5		 -   
ONLINE PAYMENTS	LONGTAIL	OTHERS	-	LEGADO	credit_card	2 a 6x	202608	PLANO V5		 -   
ONLINE PAYMENTS	LONGTAIL	OTHERS	-	LEGADO	credit_card	2 a 6x	202609	PLANO V5		 -   
ONLINE PAYMENTS	LONGTAIL	OTHERS	-	LEGADO	credit_card	2 a 6x	202610	PLANO V5		 -   
ONLINE PAYMENTS	LONGTAIL	OTHERS	-	LEGADO	credit_card	2 a 6x	202611	PLANO V5		 -   
ONLINE PAYMENTS	LONGTAIL	OTHERS	-	LEGADO	credit_card	2 a 6x	202612	PLANO V5		 -   
ONLINE PAYMENTS	LONGTAIL	OTHERS	-	LEGADO	credit_card	7 a 12x	202601	PLANO V5		 -   
ONLINE PAYMENTS	LONGTAIL	OTHERS	-	LEGADO	credit_card	7 a 12x	202602	PLANO V5		 -   
ONLINE PAYMENTS	LONGTAIL	OTHERS	-	LEGADO	credit_card	7 a 12x	202603	PLANO V5		 -   
ONLINE PAYMENTS	LONGTAIL	OTHERS	-	LEGADO	credit_card	7 a 12x	202604	PLANO V5		 -   
ONLINE PAYMENTS	LONGTAIL	OTHERS	-	LEGADO	credit_card	7 a 12x	202605	PLANO V5		 -   
ONLINE PAYMENTS	LONGTAIL	OTHERS	-	LEGADO	credit_card	7 a 12x	202606	PLANO V5		 -   
ONLINE PAYMENTS	LONGTAIL	OTHERS	-	LEGADO	credit_card	7 a 12x	202607	PLANO V5		 -   
ONLINE PAYMENTS	LONGTAIL	OTHERS	-	LEGADO	credit_card	7 a 12x	202608	PLANO V5		 -   
ONLINE PAYMENTS	LONGTAIL	OTHERS	-	LEGADO	credit_card	7 a 12x	202609	PLANO V5		 -   
ONLINE PAYMENTS	LONGTAIL	OTHERS	-	LEGADO	credit_card	7 a 12x	202610	PLANO V5		 -   
ONLINE PAYMENTS	LONGTAIL	OTHERS	-	LEGADO	credit_card	7 a 12x	202611	PLANO V5		 -   
ONLINE PAYMENTS	LONGTAIL	OTHERS	-	LEGADO	credit_card	7 a 12x	202612	PLANO V5		 -   
ONLINE PAYMENTS	LONGTAIL	OTHERS	-	LEGADO	credit_card	Maior que 12x	202601	PLANO V5		 -   
ONLINE PAYMENTS	LONGTAIL	OTHERS	-	LEGADO	credit_card	Maior que 12x	202602	PLANO V5		 -   
ONLINE PAYMENTS	LONGTAIL	OTHERS	-	LEGADO	credit_card	Maior que 12x	202603	PLANO V5		 -   
ONLINE PAYMENTS	LONGTAIL	OTHERS	-	LEGADO	credit_card	Maior que 12x	202604	PLANO V5		 -   
ONLINE PAYMENTS	LONGTAIL	OTHERS	-	LEGADO	credit_card	Maior que 12x	202605	PLANO V5		 -   
ONLINE PAYMENTS	LONGTAIL	OTHERS	-	LEGADO	credit_card	Maior que 12x	202606	PLANO V5		 -   
ONLINE PAYMENTS	LONGTAIL	OTHERS	-	LEGADO	credit_card	Maior que 12x	202607	PLANO V5		 -   
ONLINE PAYMENTS	LONGTAIL	OTHERS	-	LEGADO	credit_card	Maior que 12x	202608	PLANO V5		 -   
ONLINE PAYMENTS	LONGTAIL	OTHERS	-	LEGADO	credit_card	Maior que 12x	202609	PLANO V5		 -   
ONLINE PAYMENTS	LONGTAIL	OTHERS	-	LEGADO	credit_card	Maior que 12x	202610	PLANO V5		 -   
ONLINE PAYMENTS	LONGTAIL	OTHERS	-	LEGADO	credit_card	Maior que 12x	202611	PLANO V5		 -   
ONLINE PAYMENTS	LONGTAIL	OTHERS	-	LEGADO	credit_card	Maior que 12x	202612	PLANO V5		 -   
ONLINE PAYMENTS	LONGTAIL	OTHERS	-	LEGADO	debit_card	-	202601	PLANO V5		 -   
ONLINE PAYMENTS	LONGTAIL	OTHERS	-	LEGADO	debit_card	-	202602	PLANO V5		 -   
ONLINE PAYMENTS	LONGTAIL	OTHERS	-	LEGADO	debit_card	-	202603	PLANO V5		 -   
ONLINE PAYMENTS	LONGTAIL	OTHERS	-	LEGADO	debit_card	-	202604	PLANO V5		 -   
ONLINE PAYMENTS	LONGTAIL	OTHERS	-	LEGADO	debit_card	-	202605	PLANO V5		 -   
ONLINE PAYMENTS	LONGTAIL	OTHERS	-	LEGADO	debit_card	-	202606	PLANO V5		 -   
ONLINE PAYMENTS	LONGTAIL	OTHERS	-	LEGADO	debit_card	-	202607	PLANO V5		 -   
ONLINE PAYMENTS	LONGTAIL	OTHERS	-	LEGADO	debit_card	-	202608	PLANO V5		 -   
ONLINE PAYMENTS	LONGTAIL	OTHERS	-	LEGADO	debit_card	-	202609	PLANO V5		 -   
ONLINE PAYMENTS	LONGTAIL	OTHERS	-	LEGADO	debit_card	-	202610	PLANO V5		 -   
ONLINE PAYMENTS	LONGTAIL	OTHERS	-	LEGADO	debit_card	-	202611	PLANO V5		 -   
ONLINE PAYMENTS	LONGTAIL	OTHERS	-	LEGADO	debit_card	-	202612	PLANO V5		 -   
ONLINE PAYMENTS	LONGTAIL	OTHERS	-	LEGADO	digital_currency	-	202601	PLANO V5		 -   
ONLINE PAYMENTS	LONGTAIL	OTHERS	-	LEGADO	digital_currency	-	202602	PLANO V5		 -   
ONLINE PAYMENTS	LONGTAIL	OTHERS	-	LEGADO	digital_currency	-	202603	PLANO V5		 -   
ONLINE PAYMENTS	LONGTAIL	OTHERS	-	LEGADO	digital_currency	-	202604	PLANO V5		 -   
ONLINE PAYMENTS	LONGTAIL	OTHERS	-	LEGADO	digital_currency	-	202605	PLANO V5		 -   
ONLINE PAYMENTS	LONGTAIL	OTHERS	-	LEGADO	digital_currency	-	202606	PLANO V5		 -   
ONLINE PAYMENTS	LONGTAIL	OTHERS	-	LEGADO	digital_currency	-	202607	PLANO V5		 -   
ONLINE PAYMENTS	LONGTAIL	OTHERS	-	LEGADO	digital_currency	-	202608	PLANO V5		 -   
ONLINE PAYMENTS	LONGTAIL	OTHERS	-	LEGADO	digital_currency	-	202609	PLANO V5		 -   
ONLINE PAYMENTS	LONGTAIL	OTHERS	-	LEGADO	digital_currency	-	202610	PLANO V5		 -   
ONLINE PAYMENTS	LONGTAIL	OTHERS	-	LEGADO	digital_currency	-	202611	PLANO V5		 -   
ONLINE PAYMENTS	LONGTAIL	OTHERS	-	LEGADO	digital_currency	-	202612	PLANO V5		 -   
ONLINE PAYMENTS	LONGTAIL	OTHERS	-	LEGADO	ticket	-	202601	PLANO V5		 -   
ONLINE PAYMENTS	LONGTAIL	OTHERS	-	LEGADO	ticket	-	202602	PLANO V5		 -   
ONLINE PAYMENTS	LONGTAIL	OTHERS	-	LEGADO	ticket	-	202603	PLANO V5		 -   
ONLINE PAYMENTS	LONGTAIL	OTHERS	-	LEGADO	ticket	-	202604	PLANO V5		 -   
ONLINE PAYMENTS	LONGTAIL	OTHERS	-	LEGADO	ticket	-	202605	PLANO V5		 -   
ONLINE PAYMENTS	LONGTAIL	OTHERS	-	LEGADO	ticket	-	202606	PLANO V5		 -   
ONLINE PAYMENTS	LONGTAIL	OTHERS	-	LEGADO	ticket	-	202607	PLANO V5		 -   
ONLINE PAYMENTS	LONGTAIL	OTHERS	-	LEGADO	ticket	-	202608	PLANO V5		 -   
ONLINE PAYMENTS	LONGTAIL	OTHERS	-	LEGADO	ticket	-	202609	PLANO V5		 -   
ONLINE PAYMENTS	LONGTAIL	OTHERS	-	LEGADO	ticket	-	202610	PLANO V5		 -   
ONLINE PAYMENTS	LONGTAIL	OTHERS	-	LEGADO	ticket	-	202611	PLANO V5		 -   
ONLINE PAYMENTS	LONGTAIL	OTHERS	-	LEGADO	ticket	-	202612	PLANO V5		 -   
ONLINE PAYMENTS	SMB	CHECKOUT	-	AQUISICAO	account_money	-	202601	PLANO V5		 38.143,00 
ONLINE PAYMENTS	SMB	CHECKOUT	-	AQUISICAO	account_money	-	202602	PLANO V5		 115.072,00 
ONLINE PAYMENTS	SMB	CHECKOUT	-	AQUISICAO	account_money	-	202603	PLANO V5		 159.544,00 
ONLINE PAYMENTS	SMB	CHECKOUT	-	AQUISICAO	account_money	-	202604	PLANO V5		 197.617,00 
ONLINE PAYMENTS	SMB	CHECKOUT	-	AQUISICAO	account_money	-	202605	PLANO V5		 266.011,00 
ONLINE PAYMENTS	SMB	CHECKOUT	-	AQUISICAO	account_money	-	202606	PLANO V5		 319.492,00 
ONLINE PAYMENTS	SMB	CHECKOUT	-	AQUISICAO	account_money	-	202607	PLANO V5		 371.265,00 
ONLINE PAYMENTS	SMB	CHECKOUT	-	AQUISICAO	account_money	-	202608	PLANO V5		 406.087,00 
ONLINE PAYMENTS	SMB	CHECKOUT	-	AQUISICAO	account_money	-	202609	PLANO V5		 442.838,00 
ONLINE PAYMENTS	SMB	CHECKOUT	-	AQUISICAO	account_money	-	202610	PLANO V5		 480.041,00 
ONLINE PAYMENTS	SMB	CHECKOUT	-	AQUISICAO	account_money	-	202611	PLANO V5		 494.323,00 
ONLINE PAYMENTS	SMB	CHECKOUT	-	AQUISICAO	account_money	-	202612	PLANO V5		 505.476,00 
ONLINE PAYMENTS	SMB	CHECKOUT	-	AQUISICAO	bank_transfer	-	202601	PLANO V5		 4.314.845,00 
ONLINE PAYMENTS	SMB	CHECKOUT	-	AQUISICAO	bank_transfer	-	202602	PLANO V5		 13.287.739,00 
ONLINE PAYMENTS	SMB	CHECKOUT	-	AQUISICAO	bank_transfer	-	202603	PLANO V5		 19.019.833,00 
ONLINE PAYMENTS	SMB	CHECKOUT	-	AQUISICAO	bank_transfer	-	202604	PLANO V5		 23.602.337,00 
ONLINE PAYMENTS	SMB	CHECKOUT	-	AQUISICAO	bank_transfer	-	202605	PLANO V5		 32.361.858,00 
ONLINE PAYMENTS	SMB	CHECKOUT	-	AQUISICAO	bank_transfer	-	202606	PLANO V5		 38.368.787,00 
ONLINE PAYMENTS	SMB	CHECKOUT	-	AQUISICAO	bank_transfer	-	202607	PLANO V5		 46.078.486,00 
ONLINE PAYMENTS	SMB	CHECKOUT	-	AQUISICAO	bank_transfer	-	202608	PLANO V5		 49.520.267,00 
ONLINE PAYMENTS	SMB	CHECKOUT	-	AQUISICAO	bank_transfer	-	202609	PLANO V5		 55.717.350,00 
ONLINE PAYMENTS	SMB	CHECKOUT	-	AQUISICAO	bank_transfer	-	202610	PLANO V5		 61.341.265,00 
ONLINE PAYMENTS	SMB	CHECKOUT	-	AQUISICAO	bank_transfer	-	202611	PLANO V5		 61.866.177,00 
ONLINE PAYMENTS	SMB	CHECKOUT	-	AQUISICAO	bank_transfer	-	202612	PLANO V5		 63.819.192,00 
ONLINE PAYMENTS	SMB	CHECKOUT	-	AQUISICAO	consumer_credits	-	202601	PLANO V5		 -   
ONLINE PAYMENTS	SMB	CHECKOUT	-	AQUISICAO	consumer_credits	-	202602	PLANO V5		 -   
ONLINE PAYMENTS	SMB	CHECKOUT	-	AQUISICAO	consumer_credits	-	202603	PLANO V5		 -   
ONLINE PAYMENTS	SMB	CHECKOUT	-	AQUISICAO	consumer_credits	-	202604	PLANO V5		 -   
ONLINE PAYMENTS	SMB	CHECKOUT	-	AQUISICAO	consumer_credits	-	202605	PLANO V5		 -   
ONLINE PAYMENTS	SMB	CHECKOUT	-	AQUISICAO	consumer_credits	-	202606	PLANO V5		 -   
ONLINE PAYMENTS	SMB	CHECKOUT	-	AQUISICAO	consumer_credits	-	202607	PLANO V5		 -   
ONLINE PAYMENTS	SMB	CHECKOUT	-	AQUISICAO	consumer_credits	-	202608	PLANO V5		 -   
ONLINE PAYMENTS	SMB	CHECKOUT	-	AQUISICAO	consumer_credits	-	202609	PLANO V5		 -   
ONLINE PAYMENTS	SMB	CHECKOUT	-	AQUISICAO	consumer_credits	-	202610	PLANO V5		 -   
ONLINE PAYMENTS	SMB	CHECKOUT	-	AQUISICAO	consumer_credits	-	202611	PLANO V5		 -   
ONLINE PAYMENTS	SMB	CHECKOUT	-	AQUISICAO	consumer_credits	-	202612	PLANO V5		 -   
ONLINE PAYMENTS	SMB	CHECKOUT	-	AQUISICAO	credit_card	-	202601	PLANO V5		 -   
ONLINE PAYMENTS	SMB	CHECKOUT	-	AQUISICAO	credit_card	-	202602	PLANO V5		 -   
ONLINE PAYMENTS	SMB	CHECKOUT	-	AQUISICAO	credit_card	-	202603	PLANO V5		 -   
ONLINE PAYMENTS	SMB	CHECKOUT	-	AQUISICAO	credit_card	-	202604	PLANO V5		 -   
ONLINE PAYMENTS	SMB	CHECKOUT	-	AQUISICAO	credit_card	-	202605	PLANO V5		 -   
ONLINE PAYMENTS	SMB	CHECKOUT	-	AQUISICAO	credit_card	-	202606	PLANO V5		 -   
ONLINE PAYMENTS	SMB	CHECKOUT	-	AQUISICAO	credit_card	-	202607	PLANO V5		 -   
ONLINE PAYMENTS	SMB	CHECKOUT	-	AQUISICAO	credit_card	-	202608	PLANO V5		 -   
ONLINE PAYMENTS	SMB	CHECKOUT	-	AQUISICAO	credit_card	-	202609	PLANO V5		 -   
ONLINE PAYMENTS	SMB	CHECKOUT	-	AQUISICAO	credit_card	-	202610	PLANO V5		 -   
ONLINE PAYMENTS	SMB	CHECKOUT	-	AQUISICAO	credit_card	-	202611	PLANO V5		 -   
ONLINE PAYMENTS	SMB	CHECKOUT	-	AQUISICAO	credit_card	-	202612	PLANO V5		 -   
ONLINE PAYMENTS	SMB	CHECKOUT	-	AQUISICAO	credit_card	1x	202601	PLANO V5		 1.091.519,00 
ONLINE PAYMENTS	SMB	CHECKOUT	-	AQUISICAO	credit_card	1x	202602	PLANO V5		 3.607.804,00 
ONLINE PAYMENTS	SMB	CHECKOUT	-	AQUISICAO	credit_card	1x	202603	PLANO V5		 5.238.591,00 
ONLINE PAYMENTS	SMB	CHECKOUT	-	AQUISICAO	credit_card	1x	202604	PLANO V5		 6.478.531,00 
ONLINE PAYMENTS	SMB	CHECKOUT	-	AQUISICAO	credit_card	1x	202605	PLANO V5		 9.125.568,00 
ONLINE PAYMENTS	SMB	CHECKOUT	-	AQUISICAO	credit_card	1x	202606	PLANO V5		 11.296.644,00 
ONLINE PAYMENTS	SMB	CHECKOUT	-	AQUISICAO	credit_card	1x	202607	PLANO V5		 13.453.796,00 
ONLINE PAYMENTS	SMB	CHECKOUT	-	AQUISICAO	credit_card	1x	202608	PLANO V5		 15.216.106,00 
ONLINE PAYMENTS	SMB	CHECKOUT	-	AQUISICAO	credit_card	1x	202609	PLANO V5		 17.089.039,00 
ONLINE PAYMENTS	SMB	CHECKOUT	-	AQUISICAO	credit_card	1x	202610	PLANO V5		 19.072.105,00 
ONLINE PAYMENTS	SMB	CHECKOUT	-	AQUISICAO	credit_card	1x	202611	PLANO V5		 20.251.520,00 
ONLINE PAYMENTS	SMB	CHECKOUT	-	AQUISICAO	credit_card	1x	202612	PLANO V5		 20.714.552,00 
ONLINE PAYMENTS	SMB	CHECKOUT	-	AQUISICAO	credit_card	2 a 6x	202601	PLANO V5		 1.616.796,00 
ONLINE PAYMENTS	SMB	CHECKOUT	-	AQUISICAO	credit_card	2 a 6x	202602	PLANO V5		 5.094.353,00 
ONLINE PAYMENTS	SMB	CHECKOUT	-	AQUISICAO	credit_card	2 a 6x	202603	PLANO V5		 7.641.962,00 
ONLINE PAYMENTS	SMB	CHECKOUT	-	AQUISICAO	credit_card	2 a 6x	202604	PLANO V5		 9.005.809,00 
ONLINE PAYMENTS	SMB	CHECKOUT	-	AQUISICAO	credit_card	2 a 6x	202605	PLANO V5		 12.418.405,00 
ONLINE PAYMENTS	SMB	CHECKOUT	-	AQUISICAO	credit_card	2 a 6x	202606	PLANO V5		 16.092.203,00 
ONLINE PAYMENTS	SMB	CHECKOUT	-	AQUISICAO	credit_card	2 a 6x	202607	PLANO V5		 17.936.521,00 
ONLINE PAYMENTS	SMB	CHECKOUT	-	AQUISICAO	credit_card	2 a 6x	202608	PLANO V5		 21.180.011,00 
ONLINE PAYMENTS	SMB	CHECKOUT	-	AQUISICAO	credit_card	2 a 6x	202609	PLANO V5		 22.632.278,00 
ONLINE PAYMENTS	SMB	CHECKOUT	-	AQUISICAO	credit_card	2 a 6x	202610	PLANO V5		 24.639.793,00 
ONLINE PAYMENTS	SMB	CHECKOUT	-	AQUISICAO	credit_card	2 a 6x	202611	PLANO V5		 27.362.082,00 
ONLINE PAYMENTS	SMB	CHECKOUT	-	AQUISICAO	credit_card	2 a 6x	202612	PLANO V5		 29.002.157,00 
ONLINE PAYMENTS	SMB	CHECKOUT	-	AQUISICAO	credit_card	7 a 12x	202601	PLANO V5		 549.922,00 
ONLINE PAYMENTS	SMB	CHECKOUT	-	AQUISICAO	credit_card	7 a 12x	202602	PLANO V5		 1.717.496,00 
ONLINE PAYMENTS	SMB	CHECKOUT	-	AQUISICAO	credit_card	7 a 12x	202603	PLANO V5		 2.567.203,00 
ONLINE PAYMENTS	SMB	CHECKOUT	-	AQUISICAO	credit_card	7 a 12x	202604	PLANO V5		 3.024.317,00 
ONLINE PAYMENTS	SMB	CHECKOUT	-	AQUISICAO	credit_card	7 a 12x	202605	PLANO V5		 4.153.345,00 
ONLINE PAYMENTS	SMB	CHECKOUT	-	AQUISICAO	credit_card	7 a 12x	202606	PLANO V5		 5.338.339,00 
ONLINE PAYMENTS	SMB	CHECKOUT	-	AQUISICAO	credit_card	7 a 12x	202607	PLANO V5		 5.958.240,00 
ONLINE PAYMENTS	SMB	CHECKOUT	-	AQUISICAO	credit_card	7 a 12x	202608	PLANO V5		 6.971.569,00 
ONLINE PAYMENTS	SMB	CHECKOUT	-	AQUISICAO	credit_card	7 a 12x	202609	PLANO V5		 7.452.073,00 
ONLINE PAYMENTS	SMB	CHECKOUT	-	AQUISICAO	credit_card	7 a 12x	202610	PLANO V5		 8.094.267,00 
ONLINE PAYMENTS	SMB	CHECKOUT	-	AQUISICAO	credit_card	7 a 12x	202611	PLANO V5		 8.905.553,00 
ONLINE PAYMENTS	SMB	CHECKOUT	-	AQUISICAO	credit_card	7 a 12x	202612	PLANO V5		 9.387.521,00 
ONLINE PAYMENTS	SMB	CHECKOUT	-	AQUISICAO	credit_card	Maior que 12x	202601	PLANO V5		 -   
ONLINE PAYMENTS	SMB	CHECKOUT	-	AQUISICAO	credit_card	Maior que 12x	202602	PLANO V5		 -   
ONLINE PAYMENTS	SMB	CHECKOUT	-	AQUISICAO	credit_card	Maior que 12x	202603	PLANO V5		 -   
ONLINE PAYMENTS	SMB	CHECKOUT	-	AQUISICAO	credit_card	Maior que 12x	202604	PLANO V5		 -   
ONLINE PAYMENTS	SMB	CHECKOUT	-	AQUISICAO	credit_card	Maior que 12x	202605	PLANO V5		 -   
ONLINE PAYMENTS	SMB	CHECKOUT	-	AQUISICAO	credit_card	Maior que 12x	202606	PLANO V5		 -   
ONLINE PAYMENTS	SMB	CHECKOUT	-	AQUISICAO	credit_card	Maior que 12x	202607	PLANO V5		 -   
ONLINE PAYMENTS	SMB	CHECKOUT	-	AQUISICAO	credit_card	Maior que 12x	202608	PLANO V5		 -   
ONLINE PAYMENTS	SMB	CHECKOUT	-	AQUISICAO	credit_card	Maior que 12x	202609	PLANO V5		 -   
ONLINE PAYMENTS	SMB	CHECKOUT	-	AQUISICAO	credit_card	Maior que 12x	202610	PLANO V5		 -   
ONLINE PAYMENTS	SMB	CHECKOUT	-	AQUISICAO	credit_card	Maior que 12x	202611	PLANO V5		 -   
ONLINE PAYMENTS	SMB	CHECKOUT	-	AQUISICAO	credit_card	Maior que 12x	202612	PLANO V5		 -   
ONLINE PAYMENTS	SMB	CHECKOUT	-	AQUISICAO	debit_card	-	202601	PLANO V5		 60,00 
ONLINE PAYMENTS	SMB	CHECKOUT	-	AQUISICAO	debit_card	-	202602	PLANO V5		 240,00 
ONLINE PAYMENTS	SMB	CHECKOUT	-	AQUISICAO	debit_card	-	202603	PLANO V5		 233,00 
ONLINE PAYMENTS	SMB	CHECKOUT	-	AQUISICAO	debit_card	-	202604	PLANO V5		 348,00 
ONLINE PAYMENTS	SMB	CHECKOUT	-	AQUISICAO	debit_card	-	202605	PLANO V5		 486,00 
ONLINE PAYMENTS	SMB	CHECKOUT	-	AQUISICAO	debit_card	-	202606	PLANO V5		 554,00 
ONLINE PAYMENTS	SMB	CHECKOUT	-	AQUISICAO	debit_card	-	202607	PLANO V5		 679,00 
ONLINE PAYMENTS	SMB	CHECKOUT	-	AQUISICAO	debit_card	-	202608	PLANO V5		 752,00 
ONLINE PAYMENTS	SMB	CHECKOUT	-	AQUISICAO	debit_card	-	202609	PLANO V5		 824,00 
ONLINE PAYMENTS	SMB	CHECKOUT	-	AQUISICAO	debit_card	-	202610	PLANO V5		 914,00 
ONLINE PAYMENTS	SMB	CHECKOUT	-	AQUISICAO	debit_card	-	202611	PLANO V5		 954,00 
ONLINE PAYMENTS	SMB	CHECKOUT	-	AQUISICAO	debit_card	-	202612	PLANO V5		 989,00 
ONLINE PAYMENTS	SMB	CHECKOUT	-	AQUISICAO	digital_currency	-	202601	PLANO V5		 14.688,00 
ONLINE PAYMENTS	SMB	CHECKOUT	-	AQUISICAO	digital_currency	-	202602	PLANO V5		 45.722,00 
ONLINE PAYMENTS	SMB	CHECKOUT	-	AQUISICAO	digital_currency	-	202603	PLANO V5		 66.440,00 
ONLINE PAYMENTS	SMB	CHECKOUT	-	AQUISICAO	digital_currency	-	202604	PLANO V5		 81.324,00 
ONLINE PAYMENTS	SMB	CHECKOUT	-	AQUISICAO	digital_currency	-	202605	PLANO V5		 111.964,00 
ONLINE PAYMENTS	SMB	CHECKOUT	-	AQUISICAO	digital_currency	-	202606	PLANO V5		 137.102,00 
ONLINE PAYMENTS	SMB	CHECKOUT	-	AQUISICAO	digital_currency	-	202607	PLANO V5		 160.903,00 
ONLINE PAYMENTS	SMB	CHECKOUT	-	AQUISICAO	digital_currency	-	202608	PLANO V5		 179.073,00 
ONLINE PAYMENTS	SMB	CHECKOUT	-	AQUISICAO	digital_currency	-	202609	PLANO V5		 198.337,00 
ONLINE PAYMENTS	SMB	CHECKOUT	-	AQUISICAO	digital_currency	-	202610	PLANO V5		 218.080,00 
ONLINE PAYMENTS	SMB	CHECKOUT	-	AQUISICAO	digital_currency	-	202611	PLANO V5		 228.127,00 
ONLINE PAYMENTS	SMB	CHECKOUT	-	AQUISICAO	digital_currency	-	202612	PLANO V5		 236.838,00 
ONLINE PAYMENTS	SMB	CHECKOUT	-	AQUISICAO	ticket	-	202601	PLANO V5		 87.986,00 
ONLINE PAYMENTS	SMB	CHECKOUT	-	AQUISICAO	ticket	-	202602	PLANO V5		 263.325,00 
ONLINE PAYMENTS	SMB	CHECKOUT	-	AQUISICAO	ticket	-	202603	PLANO V5		 364.751,00 
ONLINE PAYMENTS	SMB	CHECKOUT	-	AQUISICAO	ticket	-	202604	PLANO V5		 458.015,00 
ONLINE PAYMENTS	SMB	CHECKOUT	-	AQUISICAO	ticket	-	202605	PLANO V5		 617.423,00 
ONLINE PAYMENTS	SMB	CHECKOUT	-	AQUISICAO	ticket	-	202606	PLANO V5		 745.090,00 
ONLINE PAYMENTS	SMB	CHECKOUT	-	AQUISICAO	ticket	-	202607	PLANO V5		 871.531,00 
ONLINE PAYMENTS	SMB	CHECKOUT	-	AQUISICAO	ticket	-	202608	PLANO V5		 957.338,00 
ONLINE PAYMENTS	SMB	CHECKOUT	-	AQUISICAO	ticket	-	202609	PLANO V5		 1.049.414,00 
ONLINE PAYMENTS	SMB	CHECKOUT	-	AQUISICAO	ticket	-	202610	PLANO V5		 1.143.655,00 
ONLINE PAYMENTS	SMB	CHECKOUT	-	AQUISICAO	ticket	-	202611	PLANO V5		 1.183.500,00 
ONLINE PAYMENTS	SMB	CHECKOUT	-	AQUISICAO	ticket	-	202612	PLANO V5		 1.216.454,00 
ONLINE PAYMENTS	SMB	CHECKOUT	-	LEGADO	account_money	-	202601	PLANO V5		 2.499.935,00 
ONLINE PAYMENTS	SMB	CHECKOUT	-	LEGADO	account_money	-	202602	PLANO V5		 2.225.799,00 
ONLINE PAYMENTS	SMB	CHECKOUT	-	LEGADO	account_money	-	202603	PLANO V5		 2.302.740,00 
ONLINE PAYMENTS	SMB	CHECKOUT	-	LEGADO	account_money	-	202604	PLANO V5		 2.289.825,00 
ONLINE PAYMENTS	SMB	CHECKOUT	-	LEGADO	account_money	-	202605	PLANO V5		 2.454.061,00 
ONLINE PAYMENTS	SMB	CHECKOUT	-	LEGADO	account_money	-	202606	PLANO V5		 2.299.180,00 
ONLINE PAYMENTS	SMB	CHECKOUT	-	LEGADO	account_money	-	202607	PLANO V5		 2.931.479,00 
ONLINE PAYMENTS	SMB	CHECKOUT	-	LEGADO	account_money	-	202608	PLANO V5		 2.522.901,00 
ONLINE PAYMENTS	SMB	CHECKOUT	-	LEGADO	account_money	-	202609	PLANO V5		 2.477.640,00 
ONLINE PAYMENTS	SMB	CHECKOUT	-	LEGADO	account_money	-	202610	PLANO V5		 2.564.888,00 
ONLINE PAYMENTS	SMB	CHECKOUT	-	LEGADO	account_money	-	202611	PLANO V5		 2.904.077,00 
ONLINE PAYMENTS	SMB	CHECKOUT	-	LEGADO	account_money	-	202612	PLANO V5		 2.525.269,00 
ONLINE PAYMENTS	SMB	CHECKOUT	-	LEGADO	bank_transfer	-	202601	PLANO V5		 173.057.031,00 
ONLINE PAYMENTS	SMB	CHECKOUT	-	LEGADO	bank_transfer	-	202602	PLANO V5		 156.924.913,00 
ONLINE PAYMENTS	SMB	CHECKOUT	-	LEGADO	bank_transfer	-	202603	PLANO V5		 163.833.196,00 
ONLINE PAYMENTS	SMB	CHECKOUT	-	LEGADO	bank_transfer	-	202604	PLANO V5		 158.414.456,00 
ONLINE PAYMENTS	SMB	CHECKOUT	-	LEGADO	bank_transfer	-	202605	PLANO V5		 166.807.188,00 
ONLINE PAYMENTS	SMB	CHECKOUT	-	LEGADO	bank_transfer	-	202606	PLANO V5		 165.370.978,00 
ONLINE PAYMENTS	SMB	CHECKOUT	-	LEGADO	bank_transfer	-	202607	PLANO V5		 180.715.326,00 
ONLINE PAYMENTS	SMB	CHECKOUT	-	LEGADO	bank_transfer	-	202608	PLANO V5		 170.432.714,00 
ONLINE PAYMENTS	SMB	CHECKOUT	-	LEGADO	bank_transfer	-	202609	PLANO V5		 160.366.970,00 
ONLINE PAYMENTS	SMB	CHECKOUT	-	LEGADO	bank_transfer	-	202610	PLANO V5		 167.200.195,00 
ONLINE PAYMENTS	SMB	CHECKOUT	-	LEGADO	bank_transfer	-	202611	PLANO V5		 193.061.065,00 
ONLINE PAYMENTS	SMB	CHECKOUT	-	LEGADO	bank_transfer	-	202612	PLANO V5		 166.975.788,00 
ONLINE PAYMENTS	SMB	CHECKOUT	-	LEGADO	consumer_credits	-	202601	PLANO V5		 -   
ONLINE PAYMENTS	SMB	CHECKOUT	-	LEGADO	consumer_credits	-	202602	PLANO V5		 -   
ONLINE PAYMENTS	SMB	CHECKOUT	-	LEGADO	consumer_credits	-	202603	PLANO V5		 -   
ONLINE PAYMENTS	SMB	CHECKOUT	-	LEGADO	consumer_credits	-	202604	PLANO V5		 -   
ONLINE PAYMENTS	SMB	CHECKOUT	-	LEGADO	consumer_credits	-	202605	PLANO V5		 -   
ONLINE PAYMENTS	SMB	CHECKOUT	-	LEGADO	consumer_credits	-	202606	PLANO V5		 -   
ONLINE PAYMENTS	SMB	CHECKOUT	-	LEGADO	consumer_credits	-	202607	PLANO V5		 -   
ONLINE PAYMENTS	SMB	CHECKOUT	-	LEGADO	consumer_credits	-	202608	PLANO V5		 -   
ONLINE PAYMENTS	SMB	CHECKOUT	-	LEGADO	consumer_credits	-	202609	PLANO V5		 -   
ONLINE PAYMENTS	SMB	CHECKOUT	-	LEGADO	consumer_credits	-	202610	PLANO V5		 -   
ONLINE PAYMENTS	SMB	CHECKOUT	-	LEGADO	consumer_credits	-	202611	PLANO V5		 -   
ONLINE PAYMENTS	SMB	CHECKOUT	-	LEGADO	consumer_credits	-	202612	PLANO V5		 -   
ONLINE PAYMENTS	SMB	CHECKOUT	-	LEGADO	credit_card	-	202601	PLANO V5		 -   
ONLINE PAYMENTS	SMB	CHECKOUT	-	LEGADO	credit_card	-	202602	PLANO V5		 -   
ONLINE PAYMENTS	SMB	CHECKOUT	-	LEGADO	credit_card	-	202603	PLANO V5		 -   
ONLINE PAYMENTS	SMB	CHECKOUT	-	LEGADO	credit_card	-	202604	PLANO V5		 -   
ONLINE PAYMENTS	SMB	CHECKOUT	-	LEGADO	credit_card	-	202605	PLANO V5		 -   
ONLINE PAYMENTS	SMB	CHECKOUT	-	LEGADO	credit_card	-	202606	PLANO V5		 -   
ONLINE PAYMENTS	SMB	CHECKOUT	-	LEGADO	credit_card	-	202607	PLANO V5		 -   
ONLINE PAYMENTS	SMB	CHECKOUT	-	LEGADO	credit_card	-	202608	PLANO V5		 -   
ONLINE PAYMENTS	SMB	CHECKOUT	-	LEGADO	credit_card	-	202609	PLANO V5		 -   
ONLINE PAYMENTS	SMB	CHECKOUT	-	LEGADO	credit_card	-	202610	PLANO V5		 -   
ONLINE PAYMENTS	SMB	CHECKOUT	-	LEGADO	credit_card	-	202611	PLANO V5		 -   
ONLINE PAYMENTS	SMB	CHECKOUT	-	LEGADO	credit_card	-	202612	PLANO V5		 -   
ONLINE PAYMENTS	SMB	CHECKOUT	-	LEGADO	credit_card	1x	202601	PLANO V5		 52.178.493,00 
ONLINE PAYMENTS	SMB	CHECKOUT	-	LEGADO	credit_card	1x	202602	PLANO V5		 48.979.148,00 
ONLINE PAYMENTS	SMB	CHECKOUT	-	LEGADO	credit_card	1x	202603	PLANO V5		 51.774.888,00 
ONLINE PAYMENTS	SMB	CHECKOUT	-	LEGADO	credit_card	1x	202604	PLANO V5		 49.186.858,00 
ONLINE PAYMENTS	SMB	CHECKOUT	-	LEGADO	credit_card	1x	202605	PLANO V5		 53.328.852,00 
ONLINE PAYMENTS	SMB	CHECKOUT	-	LEGADO	credit_card	1x	202606	PLANO V5		 53.917.501,00 
ONLINE PAYMENTS	SMB	CHECKOUT	-	LEGADO	credit_card	1x	202607	PLANO V5		 56.621.896,00 
ONLINE PAYMENTS	SMB	CHECKOUT	-	LEGADO	credit_card	1x	202608	PLANO V5		 55.545.826,00 
ONLINE PAYMENTS	SMB	CHECKOUT	-	LEGADO	credit_card	1x	202609	PLANO V5		 54.794.222,00 
ONLINE PAYMENTS	SMB	CHECKOUT	-	LEGADO	credit_card	1x	202610	PLANO V5		 55.698.512,00 
ONLINE PAYMENTS	SMB	CHECKOUT	-	LEGADO	credit_card	1x	202611	PLANO V5		 65.640.932,00 
ONLINE PAYMENTS	SMB	CHECKOUT	-	LEGADO	credit_card	1x	202612	PLANO V5		 57.582.043,00 
ONLINE PAYMENTS	SMB	CHECKOUT	-	LEGADO	credit_card	2 a 6x	202601	PLANO V5		 84.358.117,00 
ONLINE PAYMENTS	SMB	CHECKOUT	-	LEGADO	credit_card	2 a 6x	202602	PLANO V5		 79.677.587,00 
ONLINE PAYMENTS	SMB	CHECKOUT	-	LEGADO	credit_card	2 a 6x	202603	PLANO V5		 87.629.155,00 
ONLINE PAYMENTS	SMB	CHECKOUT	-	LEGADO	credit_card	2 a 6x	202604	PLANO V5		 83.330.713,00 
ONLINE PAYMENTS	SMB	CHECKOUT	-	LEGADO	credit_card	2 a 6x	202605	PLANO V5		 89.152.127,00 
ONLINE PAYMENTS	SMB	CHECKOUT	-	LEGADO	credit_card	2 a 6x	202606	PLANO V5		 84.283.632,00 
ONLINE PAYMENTS	SMB	CHECKOUT	-	LEGADO	credit_card	2 a 6x	202607	PLANO V5		 87.513.211,00 
ONLINE PAYMENTS	SMB	CHECKOUT	-	LEGADO	credit_card	2 a 6x	202608	PLANO V5		 86.650.873,00 
ONLINE PAYMENTS	SMB	CHECKOUT	-	LEGADO	credit_card	2 a 6x	202609	PLANO V5		 88.630.361,00 
ONLINE PAYMENTS	SMB	CHECKOUT	-	LEGADO	credit_card	2 a 6x	202610	PLANO V5		 85.459.662,00 
ONLINE PAYMENTS	SMB	CHECKOUT	-	LEGADO	credit_card	2 a 6x	202611	PLANO V5		 102.710.705,00 
ONLINE PAYMENTS	SMB	CHECKOUT	-	LEGADO	credit_card	2 a 6x	202612	PLANO V5		 89.554.776,00 
ONLINE PAYMENTS	SMB	CHECKOUT	-	LEGADO	credit_card	7 a 12x	202601	PLANO V5		 32.037.133,00 
ONLINE PAYMENTS	SMB	CHECKOUT	-	LEGADO	credit_card	7 a 12x	202602	PLANO V5		 28.900.729,00 
ONLINE PAYMENTS	SMB	CHECKOUT	-	LEGADO	credit_card	7 a 12x	202603	PLANO V5		 29.059.778,00 
ONLINE PAYMENTS	SMB	CHECKOUT	-	LEGADO	credit_card	7 a 12x	202604	PLANO V5		 25.655.013,00 
ONLINE PAYMENTS	SMB	CHECKOUT	-	LEGADO	credit_card	7 a 12x	202605	PLANO V5		 27.332.949,00 
ONLINE PAYMENTS	SMB	CHECKOUT	-	LEGADO	credit_card	7 a 12x	202606	PLANO V5		 26.799.719,00 
ONLINE PAYMENTS	SMB	CHECKOUT	-	LEGADO	credit_card	7 a 12x	202607	PLANO V5		 29.575.728,00 
ONLINE PAYMENTS	SMB	CHECKOUT	-	LEGADO	credit_card	7 a 12x	202608	PLANO V5		 27.620.753,00 
ONLINE PAYMENTS	SMB	CHECKOUT	-	LEGADO	credit_card	7 a 12x	202609	PLANO V5		 28.498.980,00 
ONLINE PAYMENTS	SMB	CHECKOUT	-	LEGADO	credit_card	7 a 12x	202610	PLANO V5		 27.698.270,00 
ONLINE PAYMENTS	SMB	CHECKOUT	-	LEGADO	credit_card	7 a 12x	202611	PLANO V5		 29.833.138,00 
ONLINE PAYMENTS	SMB	CHECKOUT	-	LEGADO	credit_card	7 a 12x	202612	PLANO V5		 25.980.855,00 
ONLINE PAYMENTS	SMB	CHECKOUT	-	LEGADO	credit_card	Maior que 12x	202601	PLANO V5		 -   
ONLINE PAYMENTS	SMB	CHECKOUT	-	LEGADO	credit_card	Maior que 12x	202602	PLANO V5		 -   
ONLINE PAYMENTS	SMB	CHECKOUT	-	LEGADO	credit_card	Maior que 12x	202603	PLANO V5		 -   
ONLINE PAYMENTS	SMB	CHECKOUT	-	LEGADO	credit_card	Maior que 12x	202604	PLANO V5		 -   
ONLINE PAYMENTS	SMB	CHECKOUT	-	LEGADO	credit_card	Maior que 12x	202605	PLANO V5		 -   
ONLINE PAYMENTS	SMB	CHECKOUT	-	LEGADO	credit_card	Maior que 12x	202606	PLANO V5		 -   
ONLINE PAYMENTS	SMB	CHECKOUT	-	LEGADO	credit_card	Maior que 12x	202607	PLANO V5		 -   
ONLINE PAYMENTS	SMB	CHECKOUT	-	LEGADO	credit_card	Maior que 12x	202608	PLANO V5		 -   
ONLINE PAYMENTS	SMB	CHECKOUT	-	LEGADO	credit_card	Maior que 12x	202609	PLANO V5		 -   
ONLINE PAYMENTS	SMB	CHECKOUT	-	LEGADO	credit_card	Maior que 12x	202610	PLANO V5		 -   
ONLINE PAYMENTS	SMB	CHECKOUT	-	LEGADO	credit_card	Maior que 12x	202611	PLANO V5		 -   
ONLINE PAYMENTS	SMB	CHECKOUT	-	LEGADO	credit_card	Maior que 12x	202612	PLANO V5		 -   
ONLINE PAYMENTS	SMB	CHECKOUT	-	LEGADO	debit_card	-	202601	PLANO V5		 9.055,00 
ONLINE PAYMENTS	SMB	CHECKOUT	-	LEGADO	debit_card	-	202602	PLANO V5		 9.514,00 
ONLINE PAYMENTS	SMB	CHECKOUT	-	LEGADO	debit_card	-	202603	PLANO V5		 9.895,00 
ONLINE PAYMENTS	SMB	CHECKOUT	-	LEGADO	debit_card	-	202604	PLANO V5		 9.778,00 
ONLINE PAYMENTS	SMB	CHECKOUT	-	LEGADO	debit_card	-	202605	PLANO V5		 11.482,00 
ONLINE PAYMENTS	SMB	CHECKOUT	-	LEGADO	debit_card	-	202606	PLANO V5		 14.649,00 
ONLINE PAYMENTS	SMB	CHECKOUT	-	LEGADO	debit_card	-	202607	PLANO V5		 8.170,00 
ONLINE PAYMENTS	SMB	CHECKOUT	-	LEGADO	debit_card	-	202608	PLANO V5		 11.493,00 
ONLINE PAYMENTS	SMB	CHECKOUT	-	LEGADO	debit_card	-	202609	PLANO V5		 11.188,00 
ONLINE PAYMENTS	SMB	CHECKOUT	-	LEGADO	debit_card	-	202610	PLANO V5		 10.136,00 
ONLINE PAYMENTS	SMB	CHECKOUT	-	LEGADO	debit_card	-	202611	PLANO V5		 12.724,00 
ONLINE PAYMENTS	SMB	CHECKOUT	-	LEGADO	debit_card	-	202612	PLANO V5		 10.918,00 
ONLINE PAYMENTS	SMB	CHECKOUT	-	LEGADO	digital_currency	-	202601	PLANO V5		 648.106,00 
ONLINE PAYMENTS	SMB	CHECKOUT	-	LEGADO	digital_currency	-	202602	PLANO V5		 551.861,00 
ONLINE PAYMENTS	SMB	CHECKOUT	-	LEGADO	digital_currency	-	202603	PLANO V5		 552.158,00 
ONLINE PAYMENTS	SMB	CHECKOUT	-	LEGADO	digital_currency	-	202604	PLANO V5		 566.599,00 
ONLINE PAYMENTS	SMB	CHECKOUT	-	LEGADO	digital_currency	-	202605	PLANO V5		 602.211,00 
ONLINE PAYMENTS	SMB	CHECKOUT	-	LEGADO	digital_currency	-	202606	PLANO V5		 504.769,00 
ONLINE PAYMENTS	SMB	CHECKOUT	-	LEGADO	digital_currency	-	202607	PLANO V5		 591.741,00 
ONLINE PAYMENTS	SMB	CHECKOUT	-	LEGADO	digital_currency	-	202608	PLANO V5		 558.659,00 
ONLINE PAYMENTS	SMB	CHECKOUT	-	LEGADO	digital_currency	-	202609	PLANO V5		 529.528,00 
ONLINE PAYMENTS	SMB	CHECKOUT	-	LEGADO	digital_currency	-	202610	PLANO V5		 543.679,00 
ONLINE PAYMENTS	SMB	CHECKOUT	-	LEGADO	digital_currency	-	202611	PLANO V5		 626.323,00 
ONLINE PAYMENTS	SMB	CHECKOUT	-	LEGADO	digital_currency	-	202612	PLANO V5		 539.830,00 
ONLINE PAYMENTS	SMB	CHECKOUT	-	LEGADO	ticket	-	202601	PLANO V5		 8.246.866,00 
ONLINE PAYMENTS	SMB	CHECKOUT	-	LEGADO	ticket	-	202602	PLANO V5		 8.499.860,00 
ONLINE PAYMENTS	SMB	CHECKOUT	-	LEGADO	ticket	-	202603	PLANO V5		 6.807.295,00 
ONLINE PAYMENTS	SMB	CHECKOUT	-	LEGADO	ticket	-	202604	PLANO V5		 6.545.602,00 
ONLINE PAYMENTS	SMB	CHECKOUT	-	LEGADO	ticket	-	202605	PLANO V5		 6.843.081,00 
ONLINE PAYMENTS	SMB	CHECKOUT	-	LEGADO	ticket	-	202606	PLANO V5		 6.343.252,00 
ONLINE PAYMENTS	SMB	CHECKOUT	-	LEGADO	ticket	-	202607	PLANO V5		 7.932.974,00 
ONLINE PAYMENTS	SMB	CHECKOUT	-	LEGADO	ticket	-	202608	PLANO V5		 6.305.301,00 
ONLINE PAYMENTS	SMB	CHECKOUT	-	LEGADO	ticket	-	202609	PLANO V5		 5.979.035,00 
ONLINE PAYMENTS	SMB	CHECKOUT	-	LEGADO	ticket	-	202610	PLANO V5		 6.462.142,00 
ONLINE PAYMENTS	SMB	CHECKOUT	-	LEGADO	ticket	-	202611	PLANO V5		 7.122.353,00 
ONLINE PAYMENTS	SMB	CHECKOUT	-	LEGADO	ticket	-	202612	PLANO V5		 6.154.839,00 
ONLINE PAYMENTS	SMB	LINK	-	AQUISICAO	account_money	-	202601	PLANO V5		 64.753,00 
ONLINE PAYMENTS	SMB	LINK	-	AQUISICAO	account_money	-	202602	PLANO V5		 96.962,00 
ONLINE PAYMENTS	SMB	LINK	-	AQUISICAO	account_money	-	202603	PLANO V5		 142.218,00 
ONLINE PAYMENTS	SMB	LINK	-	AQUISICAO	account_money	-	202604	PLANO V5		 174.835,00 
ONLINE PAYMENTS	SMB	LINK	-	AQUISICAO	account_money	-	202605	PLANO V5		 219.428,00 
ONLINE PAYMENTS	SMB	LINK	-	AQUISICAO	account_money	-	202606	PLANO V5		 241.599,00 
ONLINE PAYMENTS	SMB	LINK	-	AQUISICAO	account_money	-	202607	PLANO V5		 295.180,00 
ONLINE PAYMENTS	SMB	LINK	-	AQUISICAO	account_money	-	202608	PLANO V5		 328.470,00 
ONLINE PAYMENTS	SMB	LINK	-	AQUISICAO	account_money	-	202609	PLANO V5		 361.876,00 
ONLINE PAYMENTS	SMB	LINK	-	AQUISICAO	account_money	-	202610	PLANO V5		 410.004,00 
ONLINE PAYMENTS	SMB	LINK	-	AQUISICAO	account_money	-	202611	PLANO V5		 437.686,00 
ONLINE PAYMENTS	SMB	LINK	-	AQUISICAO	account_money	-	202612	PLANO V5		 380.075,00 
ONLINE PAYMENTS	SMB	LINK	-	AQUISICAO	bank_transfer	-	202601	PLANO V5		 448.430,00 
ONLINE PAYMENTS	SMB	LINK	-	AQUISICAO	bank_transfer	-	202602	PLANO V5		 690.380,00 
ONLINE PAYMENTS	SMB	LINK	-	AQUISICAO	bank_transfer	-	202603	PLANO V5		 1.037.453,00 
ONLINE PAYMENTS	SMB	LINK	-	AQUISICAO	bank_transfer	-	202604	PLANO V5		 1.311.826,00 
ONLINE PAYMENTS	SMB	LINK	-	AQUISICAO	bank_transfer	-	202605	PLANO V5		 1.690.576,00 
ONLINE PAYMENTS	SMB	LINK	-	AQUISICAO	bank_transfer	-	202606	PLANO V5		 1.910.996,00 
ONLINE PAYMENTS	SMB	LINK	-	AQUISICAO	bank_transfer	-	202607	PLANO V5		 2.398.858,00 
ONLINE PAYMENTS	SMB	LINK	-	AQUISICAO	bank_transfer	-	202608	PLANO V5		 2.741.221,00 
ONLINE PAYMENTS	SMB	LINK	-	AQUISICAO	bank_transfer	-	202609	PLANO V5		 3.101.570,00 
ONLINE PAYMENTS	SMB	LINK	-	AQUISICAO	bank_transfer	-	202610	PLANO V5		 3.609.400,00 
ONLINE PAYMENTS	SMB	LINK	-	AQUISICAO	bank_transfer	-	202611	PLANO V5		 3.957.130,00 
ONLINE PAYMENTS	SMB	LINK	-	AQUISICAO	bank_transfer	-	202612	PLANO V5		 3.529.219,00 
ONLINE PAYMENTS	SMB	LINK	-	AQUISICAO	consumer_credits	-	202601	PLANO V5		 -   
ONLINE PAYMENTS	SMB	LINK	-	AQUISICAO	consumer_credits	-	202602	PLANO V5		 -   
ONLINE PAYMENTS	SMB	LINK	-	AQUISICAO	consumer_credits	-	202603	PLANO V5		 -   
ONLINE PAYMENTS	SMB	LINK	-	AQUISICAO	consumer_credits	-	202604	PLANO V5		 -   
ONLINE PAYMENTS	SMB	LINK	-	AQUISICAO	consumer_credits	-	202605	PLANO V5		 -   
ONLINE PAYMENTS	SMB	LINK	-	AQUISICAO	consumer_credits	-	202606	PLANO V5		 -   
ONLINE PAYMENTS	SMB	LINK	-	AQUISICAO	consumer_credits	-	202607	PLANO V5		 -   
ONLINE PAYMENTS	SMB	LINK	-	AQUISICAO	consumer_credits	-	202608	PLANO V5		 -   
ONLINE PAYMENTS	SMB	LINK	-	AQUISICAO	consumer_credits	-	202609	PLANO V5		 -   
ONLINE PAYMENTS	SMB	LINK	-	AQUISICAO	consumer_credits	-	202610	PLANO V5		 -   
ONLINE PAYMENTS	SMB	LINK	-	AQUISICAO	consumer_credits	-	202611	PLANO V5		 -   
ONLINE PAYMENTS	SMB	LINK	-	AQUISICAO	consumer_credits	-	202612	PLANO V5		 -   
ONLINE PAYMENTS	SMB	LINK	-	AQUISICAO	credit_card	-	202601	PLANO V5		 -   
ONLINE PAYMENTS	SMB	LINK	-	AQUISICAO	credit_card	-	202602	PLANO V5		 -   
ONLINE PAYMENTS	SMB	LINK	-	AQUISICAO	credit_card	-	202603	PLANO V5		 -   
ONLINE PAYMENTS	SMB	LINK	-	AQUISICAO	credit_card	-	202604	PLANO V5		 -   
ONLINE PAYMENTS	SMB	LINK	-	AQUISICAO	credit_card	-	202605	PLANO V5		 -   
ONLINE PAYMENTS	SMB	LINK	-	AQUISICAO	credit_card	-	202606	PLANO V5		 -   
ONLINE PAYMENTS	SMB	LINK	-	AQUISICAO	credit_card	-	202607	PLANO V5		 -   
ONLINE PAYMENTS	SMB	LINK	-	AQUISICAO	credit_card	-	202608	PLANO V5		 -   
ONLINE PAYMENTS	SMB	LINK	-	AQUISICAO	credit_card	-	202609	PLANO V5		 -   
ONLINE PAYMENTS	SMB	LINK	-	AQUISICAO	credit_card	-	202610	PLANO V5		 -   
ONLINE PAYMENTS	SMB	LINK	-	AQUISICAO	credit_card	-	202611	PLANO V5		 -   
ONLINE PAYMENTS	SMB	LINK	-	AQUISICAO	credit_card	-	202612	PLANO V5		 -   
ONLINE PAYMENTS	SMB	LINK	-	AQUISICAO	credit_card	1x	202601	PLANO V5		 9.121.140,00 
ONLINE PAYMENTS	SMB	LINK	-	AQUISICAO	credit_card	1x	202602	PLANO V5		 14.201.003,00 
ONLINE PAYMENTS	SMB	LINK	-	AQUISICAO	credit_card	1x	202603	PLANO V5		 22.009.866,00 
ONLINE PAYMENTS	SMB	LINK	-	AQUISICAO	credit_card	1x	202604	PLANO V5		 28.874.436,00 
ONLINE PAYMENTS	SMB	LINK	-	AQUISICAO	credit_card	1x	202605	PLANO V5		 38.195.775,00 
ONLINE PAYMENTS	SMB	LINK	-	AQUISICAO	credit_card	1x	202606	PLANO V5		 44.549.804,00 
ONLINE PAYMENTS	SMB	LINK	-	AQUISICAO	credit_card	1x	202607	PLANO V5		 57.710.805,00 
ONLINE PAYMENTS	SMB	LINK	-	AQUISICAO	credit_card	1x	202608	PLANO V5		 67.927.889,00 
ONLINE PAYMENTS	SMB	LINK	-	AQUISICAO	credit_card	1x	202609	PLANO V5		 79.262.449,00 
ONLINE PAYMENTS	SMB	LINK	-	AQUISICAO	credit_card	1x	202610	PLANO V5		 95.109.355,00 
ONLINE PAYMENTS	SMB	LINK	-	AQUISICAO	credit_card	1x	202611	PLANO V5		 107.483.815,00 
ONLINE PAYMENTS	SMB	LINK	-	AQUISICAO	credit_card	1x	202612	PLANO V5		 98.839.269,00 
ONLINE PAYMENTS	SMB	LINK	-	AQUISICAO	credit_card	2 a 6x	202601	PLANO V5		 19.980.404,00 
ONLINE PAYMENTS	SMB	LINK	-	AQUISICAO	credit_card	2 a 6x	202602	PLANO V5		 30.922.660,00 
ONLINE PAYMENTS	SMB	LINK	-	AQUISICAO	credit_card	2 a 6x	202603	PLANO V5		 47.862.645,00 
ONLINE PAYMENTS	SMB	LINK	-	AQUISICAO	credit_card	2 a 6x	202604	PLANO V5		 62.658.277,00 
ONLINE PAYMENTS	SMB	LINK	-	AQUISICAO	credit_card	2 a 6x	202605	PLANO V5		 82.632.117,00 
ONLINE PAYMENTS	SMB	LINK	-	AQUISICAO	credit_card	2 a 6x	202606	PLANO V5		 96.053.455,00 
ONLINE PAYMENTS	SMB	LINK	-	AQUISICAO	credit_card	2 a 6x	202607	PLANO V5		 124.014.963,00 
ONLINE PAYMENTS	SMB	LINK	-	AQUISICAO	credit_card	2 a 6x	202608	PLANO V5		 145.410.141,00 
ONLINE PAYMENTS	SMB	LINK	-	AQUISICAO	credit_card	2 a 6x	202609	PLANO V5		 169.213.103,00 
ONLINE PAYMENTS	SMB	LINK	-	AQUISICAO	credit_card	2 a 6x	202610	PLANO V5		 202.328.282,00 
ONLINE PAYMENTS	SMB	LINK	-	AQUISICAO	credit_card	2 a 6x	202611	PLANO V5		 227.896.909,00 
ONLINE PAYMENTS	SMB	LINK	-	AQUISICAO	credit_card	2 a 6x	202612	PLANO V5		 208.649.734,00 
ONLINE PAYMENTS	SMB	LINK	-	AQUISICAO	credit_card	7 a 12x	202601	PLANO V5		 11.624.104,00 
ONLINE PAYMENTS	SMB	LINK	-	AQUISICAO	credit_card	7 a 12x	202602	PLANO V5		 17.841.976,00 
ONLINE PAYMENTS	SMB	LINK	-	AQUISICAO	credit_card	7 a 12x	202603	PLANO V5		 27.376.054,00 
ONLINE PAYMENTS	SMB	LINK	-	AQUISICAO	credit_card	7 a 12x	202604	PLANO V5		 35.522.936,00 
ONLINE PAYMENTS	SMB	LINK	-	AQUISICAO	credit_card	7 a 12x	202605	PLANO V5		 46.425.371,00 
ONLINE PAYMENTS	SMB	LINK	-	AQUISICAO	credit_card	7 a 12x	202606	PLANO V5		 53.656.457,00 
ONLINE PAYMENTS	SMB	LINK	-	AQUISICAO	credit_card	7 a 12x	202607	PLANO V5		 68.811.397,00 
ONLINE PAYMENTS	SMB	LINK	-	AQUISICAO	credit_card	7 a 12x	202608	PLANO V5		 80.222.161,00 
ONLINE PAYMENTS	SMB	LINK	-	AQUISICAO	credit_card	7 a 12x	202609	PLANO V5		 92.561.461,00 
ONLINE PAYMENTS	SMB	LINK	-	AQUISICAO	credit_card	7 a 12x	202610	PLANO V5		 109.953.967,00 
ONLINE PAYMENTS	SMB	LINK	-	AQUISICAO	credit_card	7 a 12x	202611	PLANO V5		 122.950.466,00 
ONLINE PAYMENTS	SMB	LINK	-	AQUISICAO	credit_card	7 a 12x	202612	PLANO V5		 112.094.088,00 
ONLINE PAYMENTS	SMB	LINK	-	AQUISICAO	credit_card	Maior que 12x	202601	PLANO V5		 -   
ONLINE PAYMENTS	SMB	LINK	-	AQUISICAO	credit_card	Maior que 12x	202602	PLANO V5		 -   
ONLINE PAYMENTS	SMB	LINK	-	AQUISICAO	credit_card	Maior que 12x	202603	PLANO V5		 -   
ONLINE PAYMENTS	SMB	LINK	-	AQUISICAO	credit_card	Maior que 12x	202604	PLANO V5		 -   
ONLINE PAYMENTS	SMB	LINK	-	AQUISICAO	credit_card	Maior que 12x	202605	PLANO V5		 -   
ONLINE PAYMENTS	SMB	LINK	-	AQUISICAO	credit_card	Maior que 12x	202606	PLANO V5		 -   
ONLINE PAYMENTS	SMB	LINK	-	AQUISICAO	credit_card	Maior que 12x	202607	PLANO V5		 -   
ONLINE PAYMENTS	SMB	LINK	-	AQUISICAO	credit_card	Maior que 12x	202608	PLANO V5		 -   
ONLINE PAYMENTS	SMB	LINK	-	AQUISICAO	credit_card	Maior que 12x	202609	PLANO V5		 -   
ONLINE PAYMENTS	SMB	LINK	-	AQUISICAO	credit_card	Maior que 12x	202610	PLANO V5		 -   
ONLINE PAYMENTS	SMB	LINK	-	AQUISICAO	credit_card	Maior que 12x	202611	PLANO V5		 -   
ONLINE PAYMENTS	SMB	LINK	-	AQUISICAO	credit_card	Maior que 12x	202612	PLANO V5		 -   
ONLINE PAYMENTS	SMB	LINK	-	AQUISICAO	debit_card	-	202601	PLANO V5		 1.218,00 
ONLINE PAYMENTS	SMB	LINK	-	AQUISICAO	debit_card	-	202602	PLANO V5		 2.424,00 
ONLINE PAYMENTS	SMB	LINK	-	AQUISICAO	debit_card	-	202603	PLANO V5		 2.520,00 
ONLINE PAYMENTS	SMB	LINK	-	AQUISICAO	debit_card	-	202604	PLANO V5		 3.989,00 
ONLINE PAYMENTS	SMB	LINK	-	AQUISICAO	debit_card	-	202605	PLANO V5		 5.335,00 
ONLINE PAYMENTS	SMB	LINK	-	AQUISICAO	debit_card	-	202606	PLANO V5		 5.771,00 
ONLINE PAYMENTS	SMB	LINK	-	AQUISICAO	debit_card	-	202607	PLANO V5		 7.758,00 
ONLINE PAYMENTS	SMB	LINK	-	AQUISICAO	debit_card	-	202608	PLANO V5		 9.049,00 
ONLINE PAYMENTS	SMB	LINK	-	AQUISICAO	debit_card	-	202609	PLANO V5		 10.390,00 
ONLINE PAYMENTS	SMB	LINK	-	AQUISICAO	debit_card	-	202610	PLANO V5		 12.515,00 
ONLINE PAYMENTS	SMB	LINK	-	AQUISICAO	debit_card	-	202611	PLANO V5		 14.043,00 
ONLINE PAYMENTS	SMB	LINK	-	AQUISICAO	debit_card	-	202612	PLANO V5		 12.830,00 
ONLINE PAYMENTS	SMB	LINK	-	AQUISICAO	digital_currency	-	202601	PLANO V5		 114.321,00 
ONLINE PAYMENTS	SMB	LINK	-	AQUISICAO	digital_currency	-	202602	PLANO V5		 177.791,00 
ONLINE PAYMENTS	SMB	LINK	-	AQUISICAO	digital_currency	-	202603	PLANO V5		 266.385,00 
ONLINE PAYMENTS	SMB	LINK	-	AQUISICAO	digital_currency	-	202604	PLANO V5		 336.358,00 
ONLINE PAYMENTS	SMB	LINK	-	AQUISICAO	digital_currency	-	202605	PLANO V5		 434.327,00 
ONLINE PAYMENTS	SMB	LINK	-	AQUISICAO	digital_currency	-	202606	PLANO V5		 490.541,00 
ONLINE PAYMENTS	SMB	LINK	-	AQUISICAO	digital_currency	-	202607	PLANO V5		 615.709,00 
ONLINE PAYMENTS	SMB	LINK	-	AQUISICAO	digital_currency	-	202608	PLANO V5		 703.835,00 
ONLINE PAYMENTS	SMB	LINK	-	AQUISICAO	digital_currency	-	202609	PLANO V5		 796.193,00 
ONLINE PAYMENTS	SMB	LINK	-	AQUISICAO	digital_currency	-	202610	PLANO V5		 926.572,00 
ONLINE PAYMENTS	SMB	LINK	-	AQUISICAO	digital_currency	-	202611	PLANO V5		 1.015.898,00 
ONLINE PAYMENTS	SMB	LINK	-	AQUISICAO	digital_currency	-	202612	PLANO V5		 906.001,00 
ONLINE PAYMENTS	SMB	LINK	-	AQUISICAO	ticket	-	202601	PLANO V5		 702.291,00 
ONLINE PAYMENTS	SMB	LINK	-	AQUISICAO	ticket	-	202602	PLANO V5		 1.115.018,00 
ONLINE PAYMENTS	SMB	LINK	-	AQUISICAO	ticket	-	202603	PLANO V5		 1.685.785,00 
ONLINE PAYMENTS	SMB	LINK	-	AQUISICAO	ticket	-	202604	PLANO V5		 2.167.614,00 
ONLINE PAYMENTS	SMB	LINK	-	AQUISICAO	ticket	-	202605	PLANO V5		 2.843.397,00 
ONLINE PAYMENTS	SMB	LINK	-	AQUISICAO	ticket	-	202606	PLANO V5		 3.257.776,00 
ONLINE PAYMENTS	SMB	LINK	-	AQUISICAO	ticket	-	202607	PLANO V5		 4.155.527,00 
ONLINE PAYMENTS	SMB	LINK	-	AQUISICAO	ticket	-	202608	PLANO V5		 4.823.847,00 
ONLINE PAYMENTS	SMB	LINK	-	AQUISICAO	ticket	-	202609	PLANO V5		 5.540.904,00 
ONLINE PAYMENTS	SMB	LINK	-	AQUISICAO	ticket	-	202610	PLANO V5		 6.549.620,00 
ONLINE PAYMENTS	SMB	LINK	-	AQUISICAO	ticket	-	202611	PLANO V5		 7.292.543,00 
ONLINE PAYMENTS	SMB	LINK	-	AQUISICAO	ticket	-	202612	PLANO V5		 6.604.818,00 
ONLINE PAYMENTS	SMB	LINK	-	LEGADO	account_money	-	202601	PLANO V5		 1.007.069,00 
ONLINE PAYMENTS	SMB	LINK	-	LEGADO	account_money	-	202602	PLANO V5		 949.585,00 
ONLINE PAYMENTS	SMB	LINK	-	LEGADO	account_money	-	202603	PLANO V5		 1.046.732,00 
ONLINE PAYMENTS	SMB	LINK	-	LEGADO	account_money	-	202604	PLANO V5		 1.101.760,00 
ONLINE PAYMENTS	SMB	LINK	-	LEGADO	account_money	-	202605	PLANO V5		 1.541.092,00 
ONLINE PAYMENTS	SMB	LINK	-	LEGADO	account_money	-	202606	PLANO V5		 1.445.212,00 
ONLINE PAYMENTS	SMB	LINK	-	LEGADO	account_money	-	202607	PLANO V5		 1.659.747,00 
ONLINE PAYMENTS	SMB	LINK	-	LEGADO	account_money	-	202608	PLANO V5		 1.524.674,00 
ONLINE PAYMENTS	SMB	LINK	-	LEGADO	account_money	-	202609	PLANO V5		 1.510.369,00 
ONLINE PAYMENTS	SMB	LINK	-	LEGADO	account_money	-	202610	PLANO V5		 1.609.272,00 
ONLINE PAYMENTS	SMB	LINK	-	LEGADO	account_money	-	202611	PLANO V5		 1.532.109,00 
ONLINE PAYMENTS	SMB	LINK	-	LEGADO	account_money	-	202612	PLANO V5		 1.300.837,00 
ONLINE PAYMENTS	SMB	LINK	-	LEGADO	bank_transfer	-	202601	PLANO V5		 7.026.929,00 
ONLINE PAYMENTS	SMB	LINK	-	LEGADO	bank_transfer	-	202602	PLANO V5		 6.686.397,00 
ONLINE PAYMENTS	SMB	LINK	-	LEGADO	bank_transfer	-	202603	PLANO V5		 7.706.027,00 
ONLINE PAYMENTS	SMB	LINK	-	LEGADO	bank_transfer	-	202604	PLANO V5		 6.259.420,00 
ONLINE PAYMENTS	SMB	LINK	-	LEGADO	bank_transfer	-	202605	PLANO V5		 8.289.087,00 
ONLINE PAYMENTS	SMB	LINK	-	LEGADO	bank_transfer	-	202606	PLANO V5		 8.416.633,00 
ONLINE PAYMENTS	SMB	LINK	-	LEGADO	bank_transfer	-	202607	PLANO V5		 8.678.530,00 
ONLINE PAYMENTS	SMB	LINK	-	LEGADO	bank_transfer	-	202608	PLANO V5		 8.084.238,00 
ONLINE PAYMENTS	SMB	LINK	-	LEGADO	bank_transfer	-	202609	PLANO V5		 7.971.382,00 
ONLINE PAYMENTS	SMB	LINK	-	LEGADO	bank_transfer	-	202610	PLANO V5		 8.221.917,00 
ONLINE PAYMENTS	SMB	LINK	-	LEGADO	bank_transfer	-	202611	PLANO V5		 7.768.993,00 
ONLINE PAYMENTS	SMB	LINK	-	LEGADO	bank_transfer	-	202612	PLANO V5		 6.499.534,00 
ONLINE PAYMENTS	SMB	LINK	-	LEGADO	consumer_credits	-	202601	PLANO V5		 -   
ONLINE PAYMENTS	SMB	LINK	-	LEGADO	consumer_credits	-	202602	PLANO V5		 -   
ONLINE PAYMENTS	SMB	LINK	-	LEGADO	consumer_credits	-	202603	PLANO V5		 -   
ONLINE PAYMENTS	SMB	LINK	-	LEGADO	consumer_credits	-	202604	PLANO V5		 -   
ONLINE PAYMENTS	SMB	LINK	-	LEGADO	consumer_credits	-	202605	PLANO V5		 -   
ONLINE PAYMENTS	SMB	LINK	-	LEGADO	consumer_credits	-	202606	PLANO V5		 -   
ONLINE PAYMENTS	SMB	LINK	-	LEGADO	consumer_credits	-	202607	PLANO V5		 -   
ONLINE PAYMENTS	SMB	LINK	-	LEGADO	consumer_credits	-	202608	PLANO V5		 -   
ONLINE PAYMENTS	SMB	LINK	-	LEGADO	consumer_credits	-	202609	PLANO V5		 -   
ONLINE PAYMENTS	SMB	LINK	-	LEGADO	consumer_credits	-	202610	PLANO V5		 -   
ONLINE PAYMENTS	SMB	LINK	-	LEGADO	consumer_credits	-	202611	PLANO V5		 -   
ONLINE PAYMENTS	SMB	LINK	-	LEGADO	consumer_credits	-	202612	PLANO V5		 -   
ONLINE PAYMENTS	SMB	LINK	-	LEGADO	credit_card	-	202601	PLANO V5		 -   
ONLINE PAYMENTS	SMB	LINK	-	LEGADO	credit_card	-	202602	PLANO V5		 -   
ONLINE PAYMENTS	SMB	LINK	-	LEGADO	credit_card	-	202603	PLANO V5		 -   
ONLINE PAYMENTS	SMB	LINK	-	LEGADO	credit_card	-	202604	PLANO V5		 -   
ONLINE PAYMENTS	SMB	LINK	-	LEGADO	credit_card	-	202605	PLANO V5		 -   
ONLINE PAYMENTS	SMB	LINK	-	LEGADO	credit_card	-	202606	PLANO V5		 -   
ONLINE PAYMENTS	SMB	LINK	-	LEGADO	credit_card	-	202607	PLANO V5		 -   
ONLINE PAYMENTS	SMB	LINK	-	LEGADO	credit_card	-	202608	PLANO V5		 -   
ONLINE PAYMENTS	SMB	LINK	-	LEGADO	credit_card	-	202609	PLANO V5		 -   
ONLINE PAYMENTS	SMB	LINK	-	LEGADO	credit_card	-	202610	PLANO V5		 -   
ONLINE PAYMENTS	SMB	LINK	-	LEGADO	credit_card	-	202611	PLANO V5		 -   
ONLINE PAYMENTS	SMB	LINK	-	LEGADO	credit_card	-	202612	PLANO V5		 -   
ONLINE PAYMENTS	SMB	LINK	-	LEGADO	credit_card	1x	202601	PLANO V5		 125.753.750,00 
ONLINE PAYMENTS	SMB	LINK	-	LEGADO	credit_card	1x	202602	PLANO V5		 118.799.428,00 
ONLINE PAYMENTS	SMB	LINK	-	LEGADO	credit_card	1x	202603	PLANO V5		 132.867.792,00 
ONLINE PAYMENTS	SMB	LINK	-	LEGADO	credit_card	1x	202604	PLANO V5		 125.828.905,00 
ONLINE PAYMENTS	SMB	LINK	-	LEGADO	credit_card	1x	202605	PLANO V5		 135.841.958,00 
ONLINE PAYMENTS	SMB	LINK	-	LEGADO	credit_card	1x	202606	PLANO V5		 135.959.856,00 
ONLINE PAYMENTS	SMB	LINK	-	LEGADO	credit_card	1x	202607	PLANO V5		 135.810.106,00 
ONLINE PAYMENTS	SMB	LINK	-	LEGADO	credit_card	1x	202608	PLANO V5		 136.586.000,00 
ONLINE PAYMENTS	SMB	LINK	-	LEGADO	credit_card	1x	202609	PLANO V5		 136.035.090,00 
ONLINE PAYMENTS	SMB	LINK	-	LEGADO	credit_card	1x	202610	PLANO V5		 142.901.071,00 
ONLINE PAYMENTS	SMB	LINK	-	LEGADO	credit_card	1x	202611	PLANO V5		 139.855.526,00 
ONLINE PAYMENTS	SMB	LINK	-	LEGADO	credit_card	1x	202612	PLANO V5		 119.489.700,00 
ONLINE PAYMENTS	SMB	LINK	-	LEGADO	credit_card	2 a 6x	202601	PLANO V5		 293.963.964,00 
ONLINE PAYMENTS	SMB	LINK	-	LEGADO	credit_card	2 a 6x	202602	PLANO V5		 277.197.745,00 
ONLINE PAYMENTS	SMB	LINK	-	LEGADO	credit_card	2 a 6x	202603	PLANO V5		 300.801.732,00 
ONLINE PAYMENTS	SMB	LINK	-	LEGADO	credit_card	2 a 6x	202604	PLANO V5		 292.243.314,00 
ONLINE PAYMENTS	SMB	LINK	-	LEGADO	credit_card	2 a 6x	202605	PLANO V5		 314.600.272,00 
ONLINE PAYMENTS	SMB	LINK	-	LEGADO	credit_card	2 a 6x	202606	PLANO V5		 302.148.856,00 
ONLINE PAYMENTS	SMB	LINK	-	LEGADO	credit_card	2 a 6x	202607	PLANO V5		 318.600.267,00 
ONLINE PAYMENTS	SMB	LINK	-	LEGADO	credit_card	2 a 6x	202608	PLANO V5		 311.429.394,00 
ONLINE PAYMENTS	SMB	LINK	-	LEGADO	credit_card	2 a 6x	202609	PLANO V5		 307.813.004,00 
ONLINE PAYMENTS	SMB	LINK	-	LEGADO	credit_card	2 a 6x	202610	PLANO V5		 325.237.128,00 
ONLINE PAYMENTS	SMB	LINK	-	LEGADO	credit_card	2 a 6x	202611	PLANO V5		 315.537.565,00 
ONLINE PAYMENTS	SMB	LINK	-	LEGADO	credit_card	2 a 6x	202612	PLANO V5		 268.514.958,00 
ONLINE PAYMENTS	SMB	LINK	-	LEGADO	credit_card	7 a 12x	202601	PLANO V5		 169.142.088,00 
ONLINE PAYMENTS	SMB	LINK	-	LEGADO	credit_card	7 a 12x	202602	PLANO V5		 159.642.222,00 
ONLINE PAYMENTS	SMB	LINK	-	LEGADO	credit_card	7 a 12x	202603	PLANO V5		 172.550.167,00 
ONLINE PAYMENTS	SMB	LINK	-	LEGADO	credit_card	7 a 12x	202604	PLANO V5		 174.051.485,00 
ONLINE PAYMENTS	SMB	LINK	-	LEGADO	credit_card	7 a 12x	202605	PLANO V5		 182.270.478,00 
ONLINE PAYMENTS	SMB	LINK	-	LEGADO	credit_card	7 a 12x	202606	PLANO V5		 175.538.152,00 
ONLINE PAYMENTS	SMB	LINK	-	LEGADO	credit_card	7 a 12x	202607	PLANO V5		 184.489.645,00 
ONLINE PAYMENTS	SMB	LINK	-	LEGADO	credit_card	7 a 12x	202608	PLANO V5		 178.018.045,00 
ONLINE PAYMENTS	SMB	LINK	-	LEGADO	credit_card	7 a 12x	202609	PLANO V5		 176.302.884,00 
ONLINE PAYMENTS	SMB	LINK	-	LEGADO	credit_card	7 a 12x	202610	PLANO V5		 185.243.941,00 
ONLINE PAYMENTS	SMB	LINK	-	LEGADO	credit_card	7 a 12x	202611	PLANO V5		 178.074.027,00 
ONLINE PAYMENTS	SMB	LINK	-	LEGADO	credit_card	7 a 12x	202612	PLANO V5		 151.073.764,00 
ONLINE PAYMENTS	SMB	LINK	-	LEGADO	credit_card	Maior que 12x	202601	PLANO V5		 -   
ONLINE PAYMENTS	SMB	LINK	-	LEGADO	credit_card	Maior que 12x	202602	PLANO V5		 -   
ONLINE PAYMENTS	SMB	LINK	-	LEGADO	credit_card	Maior que 12x	202603	PLANO V5		 -   
ONLINE PAYMENTS	SMB	LINK	-	LEGADO	credit_card	Maior que 12x	202604	PLANO V5		 -   
ONLINE PAYMENTS	SMB	LINK	-	LEGADO	credit_card	Maior que 12x	202605	PLANO V5		 -   
ONLINE PAYMENTS	SMB	LINK	-	LEGADO	credit_card	Maior que 12x	202606	PLANO V5		 -   
ONLINE PAYMENTS	SMB	LINK	-	LEGADO	credit_card	Maior que 12x	202607	PLANO V5		 -   
ONLINE PAYMENTS	SMB	LINK	-	LEGADO	credit_card	Maior que 12x	202608	PLANO V5		 -   
ONLINE PAYMENTS	SMB	LINK	-	LEGADO	credit_card	Maior que 12x	202609	PLANO V5		 -   
ONLINE PAYMENTS	SMB	LINK	-	LEGADO	credit_card	Maior que 12x	202610	PLANO V5		 -   
ONLINE PAYMENTS	SMB	LINK	-	LEGADO	credit_card	Maior que 12x	202611	PLANO V5		 -   
ONLINE PAYMENTS	SMB	LINK	-	LEGADO	credit_card	Maior que 12x	202612	PLANO V5		 -   
ONLINE PAYMENTS	SMB	LINK	-	LEGADO	debit_card	-	202601	PLANO V5		 40.476,00 
ONLINE PAYMENTS	SMB	LINK	-	LEGADO	debit_card	-	202602	PLANO V5		 31.915,00 
ONLINE PAYMENTS	SMB	LINK	-	LEGADO	debit_card	-	202603	PLANO V5		 37.394,00 
ONLINE PAYMENTS	SMB	LINK	-	LEGADO	debit_card	-	202604	PLANO V5		 38.345,00 
ONLINE PAYMENTS	SMB	LINK	-	LEGADO	debit_card	-	202605	PLANO V5		 38.056,00 
ONLINE PAYMENTS	SMB	LINK	-	LEGADO	debit_card	-	202606	PLANO V5		 51.765,00 
ONLINE PAYMENTS	SMB	LINK	-	LEGADO	debit_card	-	202607	PLANO V5		 46.395,00 
ONLINE PAYMENTS	SMB	LINK	-	LEGADO	debit_card	-	202608	PLANO V5		 45.260,00 
ONLINE PAYMENTS	SMB	LINK	-	LEGADO	debit_card	-	202609	PLANO V5		 47.342,00 
ONLINE PAYMENTS	SMB	LINK	-	LEGADO	debit_card	-	202610	PLANO V5		 48.156,00 
ONLINE PAYMENTS	SMB	LINK	-	LEGADO	debit_card	-	202611	PLANO V5		 46.918,00 
ONLINE PAYMENTS	SMB	LINK	-	LEGADO	debit_card	-	202612	PLANO V5		 40.245,00 
ONLINE PAYMENTS	SMB	LINK	-	LEGADO	digital_currency	-	202601	PLANO V5		 1.936.825,00 
ONLINE PAYMENTS	SMB	LINK	-	LEGADO	digital_currency	-	202602	PLANO V5		 1.662.557,00 
ONLINE PAYMENTS	SMB	LINK	-	LEGADO	digital_currency	-	202603	PLANO V5		 1.806.688,00 
ONLINE PAYMENTS	SMB	LINK	-	LEGADO	digital_currency	-	202604	PLANO V5		 1.852.873,00 
ONLINE PAYMENTS	SMB	LINK	-	LEGADO	digital_currency	-	202605	PLANO V5		 1.891.772,00 
ONLINE PAYMENTS	SMB	LINK	-	LEGADO	digital_currency	-	202606	PLANO V5		 1.517.737,00 
ONLINE PAYMENTS	SMB	LINK	-	LEGADO	digital_currency	-	202607	PLANO V5		 1.520.834,00 
ONLINE PAYMENTS	SMB	LINK	-	LEGADO	digital_currency	-	202608	PLANO V5		 1.618.474,00 
ONLINE PAYMENTS	SMB	LINK	-	LEGADO	digital_currency	-	202609	PLANO V5		 1.520.746,00 
ONLINE PAYMENTS	SMB	LINK	-	LEGADO	digital_currency	-	202610	PLANO V5		 1.598.357,00 
ONLINE PAYMENTS	SMB	LINK	-	LEGADO	digital_currency	-	202611	PLANO V5		 1.563.403,00 
ONLINE PAYMENTS	SMB	LINK	-	LEGADO	digital_currency	-	202612	PLANO V5		 1.309.627,00 
ONLINE PAYMENTS	SMB	LINK	-	LEGADO	ticket	-	202601	PLANO V5		 6.706.477,00 
ONLINE PAYMENTS	SMB	LINK	-	LEGADO	ticket	-	202602	PLANO V5		 4.381.528,00 
ONLINE PAYMENTS	SMB	LINK	-	LEGADO	ticket	-	202603	PLANO V5		 4.411.437,00 
ONLINE PAYMENTS	SMB	LINK	-	LEGADO	ticket	-	202604	PLANO V5		 5.730.103,00 
ONLINE PAYMENTS	SMB	LINK	-	LEGADO	ticket	-	202605	PLANO V5		 4.104.889,00 
ONLINE PAYMENTS	SMB	LINK	-	LEGADO	ticket	-	202606	PLANO V5		 2.988.529,00 
ONLINE PAYMENTS	SMB	LINK	-	LEGADO	ticket	-	202607	PLANO V5		 3.401.472,00 
ONLINE PAYMENTS	SMB	LINK	-	LEGADO	ticket	-	202608	PLANO V5		 3.129.182,00 
ONLINE PAYMENTS	SMB	LINK	-	LEGADO	ticket	-	202609	PLANO V5		 2.823.380,00 
ONLINE PAYMENTS	SMB	LINK	-	LEGADO	ticket	-	202610	PLANO V5		 3.172.653,00 
ONLINE PAYMENTS	SMB	LINK	-	LEGADO	ticket	-	202611	PLANO V5		 2.979.274,00 
ONLINE PAYMENTS	SMB	LINK	-	LEGADO	ticket	-	202612	PLANO V5		 2.483.431,00 
ONLINE PAYMENTS	SMB	OTHERS	-	LEGADO	account_money	-	202601	PLANO V5		 -   
ONLINE PAYMENTS	SMB	OTHERS	-	LEGADO	account_money	-	202602	PLANO V5		 -   
ONLINE PAYMENTS	SMB	OTHERS	-	LEGADO	account_money	-	202603	PLANO V5		 -   
ONLINE PAYMENTS	SMB	OTHERS	-	LEGADO	account_money	-	202604	PLANO V5		 -   
ONLINE PAYMENTS	SMB	OTHERS	-	LEGADO	account_money	-	202605	PLANO V5		 -   
ONLINE PAYMENTS	SMB	OTHERS	-	LEGADO	account_money	-	202606	PLANO V5		 -   
ONLINE PAYMENTS	SMB	OTHERS	-	LEGADO	account_money	-	202607	PLANO V5		 -   
ONLINE PAYMENTS	SMB	OTHERS	-	LEGADO	account_money	-	202608	PLANO V5		 -   
ONLINE PAYMENTS	SMB	OTHERS	-	LEGADO	account_money	-	202609	PLANO V5		 -   
ONLINE PAYMENTS	SMB	OTHERS	-	LEGADO	account_money	-	202610	PLANO V5		 -   
ONLINE PAYMENTS	SMB	OTHERS	-	LEGADO	account_money	-	202611	PLANO V5		 -   
ONLINE PAYMENTS	SMB	OTHERS	-	LEGADO	account_money	-	202612	PLANO V5		 -   
ONLINE PAYMENTS	SMB	OTHERS	-	LEGADO	bank_transfer	-	202601	PLANO V5		 -   
ONLINE PAYMENTS	SMB	OTHERS	-	LEGADO	bank_transfer	-	202602	PLANO V5		 -   
ONLINE PAYMENTS	SMB	OTHERS	-	LEGADO	bank_transfer	-	202603	PLANO V5		 -   
ONLINE PAYMENTS	SMB	OTHERS	-	LEGADO	bank_transfer	-	202604	PLANO V5		 -   
ONLINE PAYMENTS	SMB	OTHERS	-	LEGADO	bank_transfer	-	202605	PLANO V5		 -   
ONLINE PAYMENTS	SMB	OTHERS	-	LEGADO	bank_transfer	-	202606	PLANO V5		 -   
ONLINE PAYMENTS	SMB	OTHERS	-	LEGADO	bank_transfer	-	202607	PLANO V5		 -   
ONLINE PAYMENTS	SMB	OTHERS	-	LEGADO	bank_transfer	-	202608	PLANO V5		 -   
ONLINE PAYMENTS	SMB	OTHERS	-	LEGADO	bank_transfer	-	202609	PLANO V5		 -   
ONLINE PAYMENTS	SMB	OTHERS	-	LEGADO	bank_transfer	-	202610	PLANO V5		 -   
ONLINE PAYMENTS	SMB	OTHERS	-	LEGADO	bank_transfer	-	202611	PLANO V5		 -   
ONLINE PAYMENTS	SMB	OTHERS	-	LEGADO	bank_transfer	-	202612	PLANO V5		 -   
ONLINE PAYMENTS	SMB	OTHERS	-	LEGADO	consumer_credits	-	202601	PLANO V5		 -   
ONLINE PAYMENTS	SMB	OTHERS	-	LEGADO	consumer_credits	-	202602	PLANO V5		 -   
ONLINE PAYMENTS	SMB	OTHERS	-	LEGADO	consumer_credits	-	202603	PLANO V5		 -   
ONLINE PAYMENTS	SMB	OTHERS	-	LEGADO	consumer_credits	-	202604	PLANO V5		 -   
ONLINE PAYMENTS	SMB	OTHERS	-	LEGADO	consumer_credits	-	202605	PLANO V5		 -   
ONLINE PAYMENTS	SMB	OTHERS	-	LEGADO	consumer_credits	-	202606	PLANO V5		 -   
ONLINE PAYMENTS	SMB	OTHERS	-	LEGADO	consumer_credits	-	202607	PLANO V5		 -   
ONLINE PAYMENTS	SMB	OTHERS	-	LEGADO	consumer_credits	-	202608	PLANO V5		 -   
ONLINE PAYMENTS	SMB	OTHERS	-	LEGADO	consumer_credits	-	202609	PLANO V5		 -   
ONLINE PAYMENTS	SMB	OTHERS	-	LEGADO	consumer_credits	-	202610	PLANO V5		 -   
ONLINE PAYMENTS	SMB	OTHERS	-	LEGADO	consumer_credits	-	202611	PLANO V5		 -   
ONLINE PAYMENTS	SMB	OTHERS	-	LEGADO	consumer_credits	-	202612	PLANO V5		 -   
ONLINE PAYMENTS	SMB	OTHERS	-	LEGADO	credit_card	-	202601	PLANO V5		 -   
ONLINE PAYMENTS	SMB	OTHERS	-	LEGADO	credit_card	-	202602	PLANO V5		 -   
ONLINE PAYMENTS	SMB	OTHERS	-	LEGADO	credit_card	-	202603	PLANO V5		 -   
ONLINE PAYMENTS	SMB	OTHERS	-	LEGADO	credit_card	-	202604	PLANO V5		 -   
ONLINE PAYMENTS	SMB	OTHERS	-	LEGADO	credit_card	-	202605	PLANO V5		 -   
ONLINE PAYMENTS	SMB	OTHERS	-	LEGADO	credit_card	-	202606	PLANO V5		 -   
ONLINE PAYMENTS	SMB	OTHERS	-	LEGADO	credit_card	-	202607	PLANO V5		 -   
ONLINE PAYMENTS	SMB	OTHERS	-	LEGADO	credit_card	-	202608	PLANO V5		 -   
ONLINE PAYMENTS	SMB	OTHERS	-	LEGADO	credit_card	-	202609	PLANO V5		 -   
ONLINE PAYMENTS	SMB	OTHERS	-	LEGADO	credit_card	-	202610	PLANO V5		 -   
ONLINE PAYMENTS	SMB	OTHERS	-	LEGADO	credit_card	-	202611	PLANO V5		 -   
ONLINE PAYMENTS	SMB	OTHERS	-	LEGADO	credit_card	-	202612	PLANO V5		 -   
ONLINE PAYMENTS	SMB	OTHERS	-	LEGADO	credit_card	1x	202601	PLANO V5		 -   
ONLINE PAYMENTS	SMB	OTHERS	-	LEGADO	credit_card	1x	202602	PLANO V5		 -   
ONLINE PAYMENTS	SMB	OTHERS	-	LEGADO	credit_card	1x	202603	PLANO V5		 -   
ONLINE PAYMENTS	SMB	OTHERS	-	LEGADO	credit_card	1x	202604	PLANO V5		 -   
ONLINE PAYMENTS	SMB	OTHERS	-	LEGADO	credit_card	1x	202605	PLANO V5		 -   
ONLINE PAYMENTS	SMB	OTHERS	-	LEGADO	credit_card	1x	202606	PLANO V5		 -   
ONLINE PAYMENTS	SMB	OTHERS	-	LEGADO	credit_card	1x	202607	PLANO V5		 -   
ONLINE PAYMENTS	SMB	OTHERS	-	LEGADO	credit_card	1x	202608	PLANO V5		 -   
ONLINE PAYMENTS	SMB	OTHERS	-	LEGADO	credit_card	1x	202609	PLANO V5		 -   
ONLINE PAYMENTS	SMB	OTHERS	-	LEGADO	credit_card	1x	202610	PLANO V5		 -   
ONLINE PAYMENTS	SMB	OTHERS	-	LEGADO	credit_card	1x	202611	PLANO V5		 -   
ONLINE PAYMENTS	SMB	OTHERS	-	LEGADO	credit_card	1x	202612	PLANO V5		 -   
ONLINE PAYMENTS	SMB	OTHERS	-	LEGADO	credit_card	2 a 6x	202601	PLANO V5		 -   
ONLINE PAYMENTS	SMB	OTHERS	-	LEGADO	credit_card	2 a 6x	202602	PLANO V5		 -   
ONLINE PAYMENTS	SMB	OTHERS	-	LEGADO	credit_card	2 a 6x	202603	PLANO V5		 -   
ONLINE PAYMENTS	SMB	OTHERS	-	LEGADO	credit_card	2 a 6x	202604	PLANO V5		 -   
ONLINE PAYMENTS	SMB	OTHERS	-	LEGADO	credit_card	2 a 6x	202605	PLANO V5		 -   
ONLINE PAYMENTS	SMB	OTHERS	-	LEGADO	credit_card	2 a 6x	202606	PLANO V5		 -   
ONLINE PAYMENTS	SMB	OTHERS	-	LEGADO	credit_card	2 a 6x	202607	PLANO V5		 -   
ONLINE PAYMENTS	SMB	OTHERS	-	LEGADO	credit_card	2 a 6x	202608	PLANO V5		 -   
ONLINE PAYMENTS	SMB	OTHERS	-	LEGADO	credit_card	2 a 6x	202609	PLANO V5		 -   
ONLINE PAYMENTS	SMB	OTHERS	-	LEGADO	credit_card	2 a 6x	202610	PLANO V5		 -   
ONLINE PAYMENTS	SMB	OTHERS	-	LEGADO	credit_card	2 a 6x	202611	PLANO V5		 -   
ONLINE PAYMENTS	SMB	OTHERS	-	LEGADO	credit_card	2 a 6x	202612	PLANO V5		 -   
ONLINE PAYMENTS	SMB	OTHERS	-	LEGADO	credit_card	7 a 12x	202601	PLANO V5		 -   
ONLINE PAYMENTS	SMB	OTHERS	-	LEGADO	credit_card	7 a 12x	202602	PLANO V5		 -   
ONLINE PAYMENTS	SMB	OTHERS	-	LEGADO	credit_card	7 a 12x	202603	PLANO V5		 -   
ONLINE PAYMENTS	SMB	OTHERS	-	LEGADO	credit_card	7 a 12x	202604	PLANO V5		 -   
ONLINE PAYMENTS	SMB	OTHERS	-	LEGADO	credit_card	7 a 12x	202605	PLANO V5		 -   
ONLINE PAYMENTS	SMB	OTHERS	-	LEGADO	credit_card	7 a 12x	202606	PLANO V5		 -   
ONLINE PAYMENTS	SMB	OTHERS	-	LEGADO	credit_card	7 a 12x	202607	PLANO V5		 -   
ONLINE PAYMENTS	SMB	OTHERS	-	LEGADO	credit_card	7 a 12x	202608	PLANO V5		 -   
ONLINE PAYMENTS	SMB	OTHERS	-	LEGADO	credit_card	7 a 12x	202609	PLANO V5		 -   
ONLINE PAYMENTS	SMB	OTHERS	-	LEGADO	credit_card	7 a 12x	202610	PLANO V5		 -   
ONLINE PAYMENTS	SMB	OTHERS	-	LEGADO	credit_card	7 a 12x	202611	PLANO V5		 -   
ONLINE PAYMENTS	SMB	OTHERS	-	LEGADO	credit_card	7 a 12x	202612	PLANO V5		 -   
ONLINE PAYMENTS	SMB	OTHERS	-	LEGADO	credit_card	Maior que 12x	202601	PLANO V5		 -   
ONLINE PAYMENTS	SMB	OTHERS	-	LEGADO	credit_card	Maior que 12x	202602	PLANO V5		 -   
ONLINE PAYMENTS	SMB	OTHERS	-	LEGADO	credit_card	Maior que 12x	202603	PLANO V5		 -   
ONLINE PAYMENTS	SMB	OTHERS	-	LEGADO	credit_card	Maior que 12x	202604	PLANO V5		 -   
ONLINE PAYMENTS	SMB	OTHERS	-	LEGADO	credit_card	Maior que 12x	202605	PLANO V5		 -   
ONLINE PAYMENTS	SMB	OTHERS	-	LEGADO	credit_card	Maior que 12x	202606	PLANO V5		 -   
ONLINE PAYMENTS	SMB	OTHERS	-	LEGADO	credit_card	Maior que 12x	202607	PLANO V5		 -   
ONLINE PAYMENTS	SMB	OTHERS	-	LEGADO	credit_card	Maior que 12x	202608	PLANO V5		 -   
ONLINE PAYMENTS	SMB	OTHERS	-	LEGADO	credit_card	Maior que 12x	202609	PLANO V5		 -   
ONLINE PAYMENTS	SMB	OTHERS	-	LEGADO	credit_card	Maior que 12x	202610	PLANO V5		 -   
ONLINE PAYMENTS	SMB	OTHERS	-	LEGADO	credit_card	Maior que 12x	202611	PLANO V5		 -   
ONLINE PAYMENTS	SMB	OTHERS	-	LEGADO	credit_card	Maior que 12x	202612	PLANO V5		 -   
ONLINE PAYMENTS	SMB	OTHERS	-	LEGADO	debit_card	-	202601	PLANO V5		 -   
ONLINE PAYMENTS	SMB	OTHERS	-	LEGADO	debit_card	-	202602	PLANO V5		 -   
ONLINE PAYMENTS	SMB	OTHERS	-	LEGADO	debit_card	-	202603	PLANO V5		 -   
ONLINE PAYMENTS	SMB	OTHERS	-	LEGADO	debit_card	-	202604	PLANO V5		 -   
ONLINE PAYMENTS	SMB	OTHERS	-	LEGADO	debit_card	-	202605	PLANO V5		 -   
ONLINE PAYMENTS	SMB	OTHERS	-	LEGADO	debit_card	-	202606	PLANO V5		 -   
ONLINE PAYMENTS	SMB	OTHERS	-	LEGADO	debit_card	-	202607	PLANO V5		 -   
ONLINE PAYMENTS	SMB	OTHERS	-	LEGADO	debit_card	-	202608	PLANO V5		 -   
ONLINE PAYMENTS	SMB	OTHERS	-	LEGADO	debit_card	-	202609	PLANO V5		 -   
ONLINE PAYMENTS	SMB	OTHERS	-	LEGADO	debit_card	-	202610	PLANO V5		 -   
ONLINE PAYMENTS	SMB	OTHERS	-	LEGADO	debit_card	-	202611	PLANO V5		 -   
ONLINE PAYMENTS	SMB	OTHERS	-	LEGADO	debit_card	-	202612	PLANO V5		 -   
ONLINE PAYMENTS	SMB	OTHERS	-	LEGADO	digital_currency	-	202601	PLANO V5		 -   
ONLINE PAYMENTS	SMB	OTHERS	-	LEGADO	digital_currency	-	202602	PLANO V5		 -   
ONLINE PAYMENTS	SMB	OTHERS	-	LEGADO	digital_currency	-	202603	PLANO V5		 -   
ONLINE PAYMENTS	SMB	OTHERS	-	LEGADO	digital_currency	-	202604	PLANO V5		 -   
ONLINE PAYMENTS	SMB	OTHERS	-	LEGADO	digital_currency	-	202605	PLANO V5		 -   
ONLINE PAYMENTS	SMB	OTHERS	-	LEGADO	digital_currency	-	202606	PLANO V5		 -   
ONLINE PAYMENTS	SMB	OTHERS	-	LEGADO	digital_currency	-	202607	PLANO V5		 -   
ONLINE PAYMENTS	SMB	OTHERS	-	LEGADO	digital_currency	-	202608	PLANO V5		 -   
ONLINE PAYMENTS	SMB	OTHERS	-	LEGADO	digital_currency	-	202609	PLANO V5		 -   
ONLINE PAYMENTS	SMB	OTHERS	-	LEGADO	digital_currency	-	202610	PLANO V5		 -   
ONLINE PAYMENTS	SMB	OTHERS	-	LEGADO	digital_currency	-	202611	PLANO V5		 -   
ONLINE PAYMENTS	SMB	OTHERS	-	LEGADO	digital_currency	-	202612	PLANO V5		 -   
ONLINE PAYMENTS	SMB	OTHERS	-	LEGADO	ticket	-	202601	PLANO V5		 -   
ONLINE PAYMENTS	SMB	OTHERS	-	LEGADO	ticket	-	202602	PLANO V5		 -   
ONLINE PAYMENTS	SMB	OTHERS	-	LEGADO	ticket	-	202603	PLANO V5		 -   
ONLINE PAYMENTS	SMB	OTHERS	-	LEGADO	ticket	-	202604	PLANO V5		 -   
ONLINE PAYMENTS	SMB	OTHERS	-	LEGADO	ticket	-	202605	PLANO V5		 -   
ONLINE PAYMENTS	SMB	OTHERS	-	LEGADO	ticket	-	202606	PLANO V5		 -   
ONLINE PAYMENTS	SMB	OTHERS	-	LEGADO	ticket	-	202607	PLANO V5		 -   
ONLINE PAYMENTS	SMB	OTHERS	-	LEGADO	ticket	-	202608	PLANO V5		 -   
ONLINE PAYMENTS	SMB	OTHERS	-	LEGADO	ticket	-	202609	PLANO V5		 -   
ONLINE PAYMENTS	SMB	OTHERS	-	LEGADO	ticket	-	202610	PLANO V5		 -   
ONLINE PAYMENTS	SMB	OTHERS	-	LEGADO	ticket	-	202611	PLANO V5		 -   
ONLINE PAYMENTS	SMB	OTHERS	-	LEGADO	ticket	-	202612	PLANO V5		 -   
POINT	BIG SELLERS	POINT	BS FARMING	-	account_money	-	202601	PLANO V5	Device	 -   
POINT	BIG SELLERS	POINT	BS FARMING	-	account_money	-	202602	PLANO V5	Device	 -   
POINT	BIG SELLERS	POINT	BS FARMING	-	account_money	-	202603	PLANO V5	Device	 -   
POINT	BIG SELLERS	POINT	BS FARMING	-	account_money	-	202604	PLANO V5	Device	 -   
POINT	BIG SELLERS	POINT	BS FARMING	-	account_money	-	202605	PLANO V5	Device	 -   
POINT	BIG SELLERS	POINT	BS FARMING	-	account_money	-	202606	PLANO V5	Device	 -   
POINT	BIG SELLERS	POINT	BS FARMING	-	account_money	-	202607	PLANO V5	Device	 -   
POINT	BIG SELLERS	POINT	BS FARMING	-	account_money	-	202608	PLANO V5	Device	 -   
POINT	BIG SELLERS	POINT	BS FARMING	-	account_money	-	202609	PLANO V5	Device	 -   
POINT	BIG SELLERS	POINT	BS FARMING	-	account_money	-	202610	PLANO V5	Device	 -   
POINT	BIG SELLERS	POINT	BS FARMING	-	account_money	-	202611	PLANO V5	Device	 -   
POINT	BIG SELLERS	POINT	BS FARMING	-	account_money	-	202612	PLANO V5	Device	 -   
POINT	BIG SELLERS	POINT	BS FARMING	-	bank_transfer	-	202601	PLANO V5	Device	 -   
POINT	BIG SELLERS	POINT	BS FARMING	-	bank_transfer	-	202602	PLANO V5	Device	 -   
POINT	BIG SELLERS	POINT	BS FARMING	-	bank_transfer	-	202603	PLANO V5	Device	 -   
POINT	BIG SELLERS	POINT	BS FARMING	-	bank_transfer	-	202604	PLANO V5	Device	 -   
POINT	BIG SELLERS	POINT	BS FARMING	-	bank_transfer	-	202605	PLANO V5	Device	 -   
POINT	BIG SELLERS	POINT	BS FARMING	-	bank_transfer	-	202606	PLANO V5	Device	 -   
POINT	BIG SELLERS	POINT	BS FARMING	-	bank_transfer	-	202607	PLANO V5	Device	 -   
POINT	BIG SELLERS	POINT	BS FARMING	-	bank_transfer	-	202608	PLANO V5	Device	 -   
POINT	BIG SELLERS	POINT	BS FARMING	-	bank_transfer	-	202609	PLANO V5	Device	 -   
POINT	BIG SELLERS	POINT	BS FARMING	-	bank_transfer	-	202610	PLANO V5	Device	 -   
POINT	BIG SELLERS	POINT	BS FARMING	-	bank_transfer	-	202611	PLANO V5	Device	 -   
POINT	BIG SELLERS	POINT	BS FARMING	-	bank_transfer	-	202612	PLANO V5	Device	 -   
POINT	BIG SELLERS	POINT	BS FARMING	-	consumer_credits	-	202601	PLANO V5	Device	 -   
POINT	BIG SELLERS	POINT	BS FARMING	-	consumer_credits	-	202602	PLANO V5	Device	 -   
POINT	BIG SELLERS	POINT	BS FARMING	-	consumer_credits	-	202603	PLANO V5	Device	 -   
POINT	BIG SELLERS	POINT	BS FARMING	-	consumer_credits	-	202604	PLANO V5	Device	 -   
POINT	BIG SELLERS	POINT	BS FARMING	-	consumer_credits	-	202605	PLANO V5	Device	 -   
POINT	BIG SELLERS	POINT	BS FARMING	-	consumer_credits	-	202606	PLANO V5	Device	 -   
POINT	BIG SELLERS	POINT	BS FARMING	-	consumer_credits	-	202607	PLANO V5	Device	 -   
POINT	BIG SELLERS	POINT	BS FARMING	-	consumer_credits	-	202608	PLANO V5	Device	 -   
POINT	BIG SELLERS	POINT	BS FARMING	-	consumer_credits	-	202609	PLANO V5	Device	 -   
POINT	BIG SELLERS	POINT	BS FARMING	-	consumer_credits	-	202610	PLANO V5	Device	 -   
POINT	BIG SELLERS	POINT	BS FARMING	-	consumer_credits	-	202611	PLANO V5	Device	 -   
POINT	BIG SELLERS	POINT	BS FARMING	-	consumer_credits	-	202612	PLANO V5	Device	 -   
POINT	BIG SELLERS	POINT	BS FARMING	-	credit_card	-	202601	PLANO V5	Device	 -   
POINT	BIG SELLERS	POINT	BS FARMING	-	credit_card	-	202602	PLANO V5	Device	 -   
POINT	BIG SELLERS	POINT	BS FARMING	-	credit_card	-	202603	PLANO V5	Device	 -   
POINT	BIG SELLERS	POINT	BS FARMING	-	credit_card	-	202604	PLANO V5	Device	 -   
POINT	BIG SELLERS	POINT	BS FARMING	-	credit_card	-	202605	PLANO V5	Device	 -   
POINT	BIG SELLERS	POINT	BS FARMING	-	credit_card	-	202606	PLANO V5	Device	 -   
POINT	BIG SELLERS	POINT	BS FARMING	-	credit_card	-	202607	PLANO V5	Device	 -   
POINT	BIG SELLERS	POINT	BS FARMING	-	credit_card	-	202608	PLANO V5	Device	 -   
POINT	BIG SELLERS	POINT	BS FARMING	-	credit_card	-	202609	PLANO V5	Device	 -   
POINT	BIG SELLERS	POINT	BS FARMING	-	credit_card	-	202610	PLANO V5	Device	 -   
POINT	BIG SELLERS	POINT	BS FARMING	-	credit_card	-	202611	PLANO V5	Device	 -   
POINT	BIG SELLERS	POINT	BS FARMING	-	credit_card	-	202612	PLANO V5	Device	 -   
POINT	BIG SELLERS	POINT	BS FARMING	-	credit_card	1x	202601	PLANO V5	Device	 94.671.785,00 
POINT	BIG SELLERS	POINT	BS FARMING	-	credit_card	1x	202602	PLANO V5	Device	 81.659.782,00 
POINT	BIG SELLERS	POINT	BS FARMING	-	credit_card	1x	202603	PLANO V5	Device	 89.608.642,00 
POINT	BIG SELLERS	POINT	BS FARMING	-	credit_card	1x	202604	PLANO V5	Device	 93.518.018,00 
POINT	BIG SELLERS	POINT	BS FARMING	-	credit_card	1x	202605	PLANO V5	Device	 93.842.718,00 
POINT	BIG SELLERS	POINT	BS FARMING	-	credit_card	1x	202606	PLANO V5	Device	 88.634.255,00 
POINT	BIG SELLERS	POINT	BS FARMING	-	credit_card	1x	202607	PLANO V5	Device	 92.772.567,00 
POINT	BIG SELLERS	POINT	BS FARMING	-	credit_card	1x	202608	PLANO V5	Device	 89.601.536,00 
POINT	BIG SELLERS	POINT	BS FARMING	-	credit_card	1x	202609	PLANO V5	Device	 82.900.667,00 
POINT	BIG SELLERS	POINT	BS FARMING	-	credit_card	1x	202610	PLANO V5	Device	 94.847.980,00 
POINT	BIG SELLERS	POINT	BS FARMING	-	credit_card	1x	202611	PLANO V5	Device	 104.048.028,00 
POINT	BIG SELLERS	POINT	BS FARMING	-	credit_card	1x	202612	PLANO V5	Device	 105.005.477,00 
POINT	BIG SELLERS	POINT	BS FARMING	-	credit_card	2 a 6x	202601	PLANO V5	Device	 79.872.130,00 
POINT	BIG SELLERS	POINT	BS FARMING	-	credit_card	2 a 6x	202602	PLANO V5	Device	 68.894.877,00 
POINT	BIG SELLERS	POINT	BS FARMING	-	credit_card	2 a 6x	202603	PLANO V5	Device	 75.601.186,00 
POINT	BIG SELLERS	POINT	BS FARMING	-	credit_card	2 a 6x	202604	PLANO V5	Device	 78.899.455,00 
POINT	BIG SELLERS	POINT	BS FARMING	-	credit_card	2 a 6x	202605	PLANO V5	Device	 77.897.476,00 
POINT	BIG SELLERS	POINT	BS FARMING	-	credit_card	2 a 6x	202606	PLANO V5	Device	 73.691.534,00 
POINT	BIG SELLERS	POINT	BS FARMING	-	credit_card	2 a 6x	202607	PLANO V5	Device	 77.132.173,00 
POINT	BIG SELLERS	POINT	BS FARMING	-	credit_card	2 a 6x	202608	PLANO V5	Device	 74.495.742,00 
POINT	BIG SELLERS	POINT	BS FARMING	-	credit_card	2 a 6x	202609	PLANO V5	Device	 68.924.563,00 
POINT	BIG SELLERS	POINT	BS FARMING	-	credit_card	2 a 6x	202610	PLANO V5	Device	 78.857.696,00 
POINT	BIG SELLERS	POINT	BS FARMING	-	credit_card	2 a 6x	202611	PLANO V5	Device	 85.190.481,00 
POINT	BIG SELLERS	POINT	BS FARMING	-	credit_card	2 a 6x	202612	PLANO V5	Device	 88.004.325,00 
POINT	BIG SELLERS	POINT	BS FARMING	-	credit_card	7 a 12x	202601	PLANO V5	Device	 83.878.066,00 
POINT	BIG SELLERS	POINT	BS FARMING	-	credit_card	7 a 12x	202602	PLANO V5	Device	 72.348.804,00 
POINT	BIG SELLERS	POINT	BS FARMING	-	credit_card	7 a 12x	202603	PLANO V5	Device	 79.391.323,00 
POINT	BIG SELLERS	POINT	BS FARMING	-	credit_card	7 a 12x	202604	PLANO V5	Device	 82.854.946,00 
POINT	BIG SELLERS	POINT	BS FARMING	-	credit_card	7 a 12x	202605	PLANO V5	Device	 81.802.799,00 
POINT	BIG SELLERS	POINT	BS FARMING	-	credit_card	7 a 12x	202606	PLANO V5	Device	 77.182.781,00 
POINT	BIG SELLERS	POINT	BS FARMING	-	credit_card	7 a 12x	202607	PLANO V5	Device	 80.786.426,00 
POINT	BIG SELLERS	POINT	BS FARMING	-	credit_card	7 a 12x	202608	PLANO V5	Device	 78.025.090,00 
POINT	BIG SELLERS	POINT	BS FARMING	-	credit_card	7 a 12x	202609	PLANO V5	Device	 72.189.968,00 
POINT	BIG SELLERS	POINT	BS FARMING	-	credit_card	7 a 12x	202610	PLANO V5	Device	 82.593.698,00 
POINT	BIG SELLERS	POINT	BS FARMING	-	credit_card	7 a 12x	202611	PLANO V5	Device	 89.226.575,00 
POINT	BIG SELLERS	POINT	BS FARMING	-	credit_card	7 a 12x	202612	PLANO V5	Device	 92.173.626,00 
POINT	BIG SELLERS	POINT	BS FARMING	-	credit_card	Maior que 12x	202601	PLANO V5	Device	 4.526.672,00 
POINT	BIG SELLERS	POINT	BS FARMING	-	credit_card	Maior que 12x	202602	PLANO V5	Device	 3.904.657,00 
POINT	BIG SELLERS	POINT	BS FARMING	-	credit_card	Maior que 12x	202603	PLANO V5	Device	 4.284.741,00 
POINT	BIG SELLERS	POINT	BS FARMING	-	credit_card	Maior que 12x	202604	PLANO V5	Device	 4.471.672,00 
POINT	BIG SELLERS	POINT	BS FARMING	-	credit_card	Maior que 12x	202605	PLANO V5	Device	 4.414.884,00 
POINT	BIG SELLERS	POINT	BS FARMING	-	credit_card	Maior que 12x	202606	PLANO V5	Device	 4.132.118,00 
POINT	BIG SELLERS	POINT	BS FARMING	-	credit_card	Maior que 12x	202607	PLANO V5	Device	 4.325.045,00 
POINT	BIG SELLERS	POINT	BS FARMING	-	credit_card	Maior que 12x	202608	PLANO V5	Device	 4.177.212,00 
POINT	BIG SELLERS	POINT	BS FARMING	-	credit_card	Maior que 12x	202609	PLANO V5	Device	 3.864.819,00 
POINT	BIG SELLERS	POINT	BS FARMING	-	credit_card	Maior que 12x	202610	PLANO V5	Device	 4.421.801,00 
POINT	BIG SELLERS	POINT	BS FARMING	-	credit_card	Maior que 12x	202611	PLANO V5	Device	 4.776.900,00 
POINT	BIG SELLERS	POINT	BS FARMING	-	credit_card	Maior que 12x	202612	PLANO V5	Device	 4.934.681,00 
POINT	BIG SELLERS	POINT	BS FARMING	-	debit_card	-	202601	PLANO V5	Device	 99.189.693,00 
POINT	BIG SELLERS	POINT	BS FARMING	-	debit_card	-	202602	PLANO V5	Device	 85.556.733,00 
POINT	BIG SELLERS	POINT	BS FARMING	-	debit_card	-	202603	PLANO V5	Device	 93.884.927,00 
POINT	BIG SELLERS	POINT	BS FARMING	-	debit_card	-	202604	PLANO V5	Device	 97.980.866,00 
POINT	BIG SELLERS	POINT	BS FARMING	-	debit_card	-	202605	PLANO V5	Device	 87.783.816,00 
POINT	BIG SELLERS	POINT	BS FARMING	-	debit_card	-	202606	PLANO V5	Device	 82.911.635,00 
POINT	BIG SELLERS	POINT	BS FARMING	-	debit_card	-	202607	PLANO V5	Device	 86.782.759,00 
POINT	BIG SELLERS	POINT	BS FARMING	-	debit_card	-	202608	PLANO V5	Device	 83.816.463,00 
POINT	BIG SELLERS	POINT	BS FARMING	-	debit_card	-	202609	PLANO V5	Device	 77.548.232,00 
POINT	BIG SELLERS	POINT	BS FARMING	-	debit_card	-	202610	PLANO V5	Device	 88.724.174,00 
POINT	BIG SELLERS	POINT	BS FARMING	-	debit_card	-	202611	PLANO V5	Device	 86.477.353,00 
POINT	BIG SELLERS	POINT	BS FARMING	-	debit_card	-	202612	PLANO V5	Device	 104.010.554,00 
POINT	BIG SELLERS	POINT	BS FARMING	-	digital_currency	-	202601	PLANO V5	Device	 -   
POINT	BIG SELLERS	POINT	BS FARMING	-	digital_currency	-	202602	PLANO V5	Device	 -   
POINT	BIG SELLERS	POINT	BS FARMING	-	digital_currency	-	202603	PLANO V5	Device	 -   
POINT	BIG SELLERS	POINT	BS FARMING	-	digital_currency	-	202604	PLANO V5	Device	 -   
POINT	BIG SELLERS	POINT	BS FARMING	-	digital_currency	-	202605	PLANO V5	Device	 -   
POINT	BIG SELLERS	POINT	BS FARMING	-	digital_currency	-	202606	PLANO V5	Device	 -   
POINT	BIG SELLERS	POINT	BS FARMING	-	digital_currency	-	202607	PLANO V5	Device	 -   
POINT	BIG SELLERS	POINT	BS FARMING	-	digital_currency	-	202608	PLANO V5	Device	 -   
POINT	BIG SELLERS	POINT	BS FARMING	-	digital_currency	-	202609	PLANO V5	Device	 -   
POINT	BIG SELLERS	POINT	BS FARMING	-	digital_currency	-	202610	PLANO V5	Device	 -   
POINT	BIG SELLERS	POINT	BS FARMING	-	digital_currency	-	202611	PLANO V5	Device	 -   
POINT	BIG SELLERS	POINT	BS FARMING	-	digital_currency	-	202612	PLANO V5	Device	 -   
POINT	BIG SELLERS	POINT	BS FARMING	-	ticket	-	202601	PLANO V5	Device	 -   
POINT	BIG SELLERS	POINT	BS FARMING	-	ticket	-	202602	PLANO V5	Device	 -   
POINT	BIG SELLERS	POINT	BS FARMING	-	ticket	-	202603	PLANO V5	Device	 -   
POINT	BIG SELLERS	POINT	BS FARMING	-	ticket	-	202604	PLANO V5	Device	 -   
POINT	BIG SELLERS	POINT	BS FARMING	-	ticket	-	202605	PLANO V5	Device	 -   
POINT	BIG SELLERS	POINT	BS FARMING	-	ticket	-	202606	PLANO V5	Device	 -   
POINT	BIG SELLERS	POINT	BS FARMING	-	ticket	-	202607	PLANO V5	Device	 -   
POINT	BIG SELLERS	POINT	BS FARMING	-	ticket	-	202608	PLANO V5	Device	 -   
POINT	BIG SELLERS	POINT	BS FARMING	-	ticket	-	202609	PLANO V5	Device	 -   
POINT	BIG SELLERS	POINT	BS FARMING	-	ticket	-	202610	PLANO V5	Device	 -   
POINT	BIG SELLERS	POINT	BS FARMING	-	ticket	-	202611	PLANO V5	Device	 -   
POINT	BIG SELLERS	POINT	BS FARMING	-	ticket	-	202612	PLANO V5	Device	 -   
POINT	BIG SELLERS	POINT	BS HUNTING	-	account_money	-	202601	PLANO V5	Device	 -   
POINT	BIG SELLERS	POINT	BS HUNTING	-	account_money	-	202602	PLANO V5	Device	 -   
POINT	BIG SELLERS	POINT	BS HUNTING	-	account_money	-	202603	PLANO V5	Device	 -   
POINT	BIG SELLERS	POINT	BS HUNTING	-	account_money	-	202604	PLANO V5	Device	 -   
POINT	BIG SELLERS	POINT	BS HUNTING	-	account_money	-	202605	PLANO V5	Device	 -   
POINT	BIG SELLERS	POINT	BS HUNTING	-	account_money	-	202606	PLANO V5	Device	 -   
POINT	BIG SELLERS	POINT	BS HUNTING	-	account_money	-	202607	PLANO V5	Device	 -   
POINT	BIG SELLERS	POINT	BS HUNTING	-	account_money	-	202608	PLANO V5	Device	 -   
POINT	BIG SELLERS	POINT	BS HUNTING	-	account_money	-	202609	PLANO V5	Device	 -   
POINT	BIG SELLERS	POINT	BS HUNTING	-	account_money	-	202610	PLANO V5	Device	 -   
POINT	BIG SELLERS	POINT	BS HUNTING	-	account_money	-	202611	PLANO V5	Device	 -   
POINT	BIG SELLERS	POINT	BS HUNTING	-	account_money	-	202612	PLANO V5	Device	 -   
POINT	BIG SELLERS	POINT	BS HUNTING	-	bank_transfer	-	202601	PLANO V5	Device	 -   
POINT	BIG SELLERS	POINT	BS HUNTING	-	bank_transfer	-	202602	PLANO V5	Device	 -   
POINT	BIG SELLERS	POINT	BS HUNTING	-	bank_transfer	-	202603	PLANO V5	Device	 -   
POINT	BIG SELLERS	POINT	BS HUNTING	-	bank_transfer	-	202604	PLANO V5	Device	 -   
POINT	BIG SELLERS	POINT	BS HUNTING	-	bank_transfer	-	202605	PLANO V5	Device	 -   
POINT	BIG SELLERS	POINT	BS HUNTING	-	bank_transfer	-	202606	PLANO V5	Device	 -   
POINT	BIG SELLERS	POINT	BS HUNTING	-	bank_transfer	-	202607	PLANO V5	Device	 -   
POINT	BIG SELLERS	POINT	BS HUNTING	-	bank_transfer	-	202608	PLANO V5	Device	 -   
POINT	BIG SELLERS	POINT	BS HUNTING	-	bank_transfer	-	202609	PLANO V5	Device	 -   
POINT	BIG SELLERS	POINT	BS HUNTING	-	bank_transfer	-	202610	PLANO V5	Device	 -   
POINT	BIG SELLERS	POINT	BS HUNTING	-	bank_transfer	-	202611	PLANO V5	Device	 -   
POINT	BIG SELLERS	POINT	BS HUNTING	-	bank_transfer	-	202612	PLANO V5	Device	 -   
POINT	BIG SELLERS	POINT	BS HUNTING	-	consumer_credits	-	202601	PLANO V5	Device	 -   
POINT	BIG SELLERS	POINT	BS HUNTING	-	consumer_credits	-	202602	PLANO V5	Device	 -   
POINT	BIG SELLERS	POINT	BS HUNTING	-	consumer_credits	-	202603	PLANO V5	Device	 -   
POINT	BIG SELLERS	POINT	BS HUNTING	-	consumer_credits	-	202604	PLANO V5	Device	 -   
POINT	BIG SELLERS	POINT	BS HUNTING	-	consumer_credits	-	202605	PLANO V5	Device	 -   
POINT	BIG SELLERS	POINT	BS HUNTING	-	consumer_credits	-	202606	PLANO V5	Device	 -   
POINT	BIG SELLERS	POINT	BS HUNTING	-	consumer_credits	-	202607	PLANO V5	Device	 -   
POINT	BIG SELLERS	POINT	BS HUNTING	-	consumer_credits	-	202608	PLANO V5	Device	 -   
POINT	BIG SELLERS	POINT	BS HUNTING	-	consumer_credits	-	202609	PLANO V5	Device	 -   
POINT	BIG SELLERS	POINT	BS HUNTING	-	consumer_credits	-	202610	PLANO V5	Device	 -   
POINT	BIG SELLERS	POINT	BS HUNTING	-	consumer_credits	-	202611	PLANO V5	Device	 -   
POINT	BIG SELLERS	POINT	BS HUNTING	-	consumer_credits	-	202612	PLANO V5	Device	 -   
POINT	BIG SELLERS	POINT	BS HUNTING	-	credit_card	-	202601	PLANO V5	Device	 -   
POINT	BIG SELLERS	POINT	BS HUNTING	-	credit_card	-	202602	PLANO V5	Device	 -   
POINT	BIG SELLERS	POINT	BS HUNTING	-	credit_card	-	202603	PLANO V5	Device	 -   
POINT	BIG SELLERS	POINT	BS HUNTING	-	credit_card	-	202604	PLANO V5	Device	 -   
POINT	BIG SELLERS	POINT	BS HUNTING	-	credit_card	-	202605	PLANO V5	Device	 -   
POINT	BIG SELLERS	POINT	BS HUNTING	-	credit_card	-	202606	PLANO V5	Device	 -   
POINT	BIG SELLERS	POINT	BS HUNTING	-	credit_card	-	202607	PLANO V5	Device	 -   
POINT	BIG SELLERS	POINT	BS HUNTING	-	credit_card	-	202608	PLANO V5	Device	 -   
POINT	BIG SELLERS	POINT	BS HUNTING	-	credit_card	-	202609	PLANO V5	Device	 -   
POINT	BIG SELLERS	POINT	BS HUNTING	-	credit_card	-	202610	PLANO V5	Device	 -   
POINT	BIG SELLERS	POINT	BS HUNTING	-	credit_card	-	202611	PLANO V5	Device	 -   
POINT	BIG SELLERS	POINT	BS HUNTING	-	credit_card	-	202612	PLANO V5	Device	 -   
POINT	BIG SELLERS	POINT	BS HUNTING	-	credit_card	1x	202601	PLANO V5	Device	 8.815.724,00 
POINT	BIG SELLERS	POINT	BS HUNTING	-	credit_card	1x	202602	PLANO V5	Device	 17.622.284,00 
POINT	BIG SELLERS	POINT	BS HUNTING	-	credit_card	1x	202603	PLANO V5	Device	 25.538.161,00 
POINT	BIG SELLERS	POINT	BS HUNTING	-	credit_card	1x	202604	PLANO V5	Device	 36.709.185,00 
POINT	BIG SELLERS	POINT	BS HUNTING	-	credit_card	1x	202605	PLANO V5	Device	 48.659.092,00 
POINT	BIG SELLERS	POINT	BS HUNTING	-	credit_card	1x	202606	PLANO V5	Device	 55.864.228,00 
POINT	BIG SELLERS	POINT	BS HUNTING	-	credit_card	1x	202607	PLANO V5	Device	 63.597.464,00 
POINT	BIG SELLERS	POINT	BS HUNTING	-	credit_card	1x	202608	PLANO V5	Device	 84.747.411,00 
POINT	BIG SELLERS	POINT	BS HUNTING	-	credit_card	1x	202609	PLANO V5	Device	 86.436.958,00 
POINT	BIG SELLERS	POINT	BS HUNTING	-	credit_card	1x	202610	PLANO V5	Device	 96.584.579,00 
POINT	BIG SELLERS	POINT	BS HUNTING	-	credit_card	1x	202611	PLANO V5	Device	 126.165.559,00 
POINT	BIG SELLERS	POINT	BS HUNTING	-	credit_card	1x	202612	PLANO V5	Device	 116.153.465,00 
POINT	BIG SELLERS	POINT	BS HUNTING	-	credit_card	2 a 6x	202601	PLANO V5	Device	 11.394.495,00 
POINT	BIG SELLERS	POINT	BS HUNTING	-	credit_card	2 a 6x	202602	PLANO V5	Device	 19.816.199,00 
POINT	BIG SELLERS	POINT	BS HUNTING	-	credit_card	2 a 6x	202603	PLANO V5	Device	 35.072.484,00 
POINT	BIG SELLERS	POINT	BS HUNTING	-	credit_card	2 a 6x	202604	PLANO V5	Device	 48.870.048,00 
POINT	BIG SELLERS	POINT	BS HUNTING	-	credit_card	2 a 6x	202605	PLANO V5	Device	 65.320.443,00 
POINT	BIG SELLERS	POINT	BS HUNTING	-	credit_card	2 a 6x	202606	PLANO V5	Device	 79.811.756,00 
POINT	BIG SELLERS	POINT	BS HUNTING	-	credit_card	2 a 6x	202607	PLANO V5	Device	 96.721.675,00 
POINT	BIG SELLERS	POINT	BS HUNTING	-	credit_card	2 a 6x	202608	PLANO V5	Device	 106.980.977,00 
POINT	BIG SELLERS	POINT	BS HUNTING	-	credit_card	2 a 6x	202609	PLANO V5	Device	 123.920.686,00 
POINT	BIG SELLERS	POINT	BS HUNTING	-	credit_card	2 a 6x	202610	PLANO V5	Device	 143.339.977,00 
POINT	BIG SELLERS	POINT	BS HUNTING	-	credit_card	2 a 6x	202611	PLANO V5	Device	 164.239.996,00 
POINT	BIG SELLERS	POINT	BS HUNTING	-	credit_card	2 a 6x	202612	PLANO V5	Device	 191.630.108,00 
POINT	BIG SELLERS	POINT	BS HUNTING	-	credit_card	7 a 12x	202601	PLANO V5	Device	 11.234.363,00 
POINT	BIG SELLERS	POINT	BS HUNTING	-	credit_card	7 a 12x	202602	PLANO V5	Device	 19.537.712,00 
POINT	BIG SELLERS	POINT	BS HUNTING	-	credit_card	7 a 12x	202603	PLANO V5	Device	 34.579.595,00 
POINT	BIG SELLERS	POINT	BS HUNTING	-	credit_card	7 a 12x	202604	PLANO V5	Device	 48.183.257,00 
POINT	BIG SELLERS	POINT	BS HUNTING	-	credit_card	7 a 12x	202605	PLANO V5	Device	 64.402.465,00 
POINT	BIG SELLERS	POINT	BS HUNTING	-	credit_card	7 a 12x	202606	PLANO V5	Device	 78.786.381,00 
POINT	BIG SELLERS	POINT	BS HUNTING	-	credit_card	7 a 12x	202607	PLANO V5	Device	 95.479.054,00 
POINT	BIG SELLERS	POINT	BS HUNTING	-	credit_card	7 a 12x	202608	PLANO V5	Device	 105.606.551,00 
POINT	BIG SELLERS	POINT	BS HUNTING	-	credit_card	7 a 12x	202609	PLANO V5	Device	 122.328.630,00 
POINT	BIG SELLERS	POINT	BS HUNTING	-	credit_card	7 a 12x	202610	PLANO V5	Device	 141.498.435,00 
POINT	BIG SELLERS	POINT	BS HUNTING	-	credit_card	7 a 12x	202611	PLANO V5	Device	 162.129.941,00 
POINT	BIG SELLERS	POINT	BS HUNTING	-	credit_card	7 a 12x	202612	PLANO V5	Device	 189.331.487,00 
POINT	BIG SELLERS	POINT	BS HUNTING	-	credit_card	Maior que 12x	202601	PLANO V5	Device	 528.652,00 
POINT	BIG SELLERS	POINT	BS HUNTING	-	credit_card	Maior que 12x	202602	PLANO V5	Device	 919.380,00 
POINT	BIG SELLERS	POINT	BS HUNTING	-	credit_card	Maior que 12x	202603	PLANO V5	Device	 1.627.202,00 
POINT	BIG SELLERS	POINT	BS HUNTING	-	credit_card	Maior que 12x	202604	PLANO V5	Device	 2.267.346,00 
POINT	BIG SELLERS	POINT	BS HUNTING	-	credit_card	Maior que 12x	202605	PLANO V5	Device	 3.030.568,00 
POINT	BIG SELLERS	POINT	BS HUNTING	-	credit_card	Maior que 12x	202606	PLANO V5	Device	 3.693.234,00 
POINT	BIG SELLERS	POINT	BS HUNTING	-	credit_card	Maior que 12x	202607	PLANO V5	Device	 4.475.729,00 
POINT	BIG SELLERS	POINT	BS HUNTING	-	credit_card	Maior que 12x	202608	PLANO V5	Device	 4.950.471,00 
POINT	BIG SELLERS	POINT	BS HUNTING	-	credit_card	Maior que 12x	202609	PLANO V5	Device	 5.734.344,00 
POINT	BIG SELLERS	POINT	BS HUNTING	-	credit_card	Maior que 12x	202610	PLANO V5	Device	 6.632.959,00 
POINT	BIG SELLERS	POINT	BS HUNTING	-	credit_card	Maior que 12x	202611	PLANO V5	Device	 7.600.093,00 
POINT	BIG SELLERS	POINT	BS HUNTING	-	credit_card	Maior que 12x	202612	PLANO V5	Device	 8.704.216,00 
POINT	BIG SELLERS	POINT	BS HUNTING	-	debit_card	-	202601	PLANO V5	Device	 7.993.308,00 
POINT	BIG SELLERS	POINT	BS HUNTING	-	debit_card	-	202602	PLANO V5	Device	 14.473.894,00 
POINT	BIG SELLERS	POINT	BS HUNTING	-	debit_card	-	202603	PLANO V5	Device	 24.204.360,00 
POINT	BIG SELLERS	POINT	BS HUNTING	-	debit_card	-	202604	PLANO V5	Device	 34.007.459,00 
POINT	BIG SELLERS	POINT	BS HUNTING	-	debit_card	-	202605	PLANO V5	Device	 39.822.271,00 
POINT	BIG SELLERS	POINT	BS HUNTING	-	debit_card	-	202606	PLANO V5	Device	 54.538.900,00 
POINT	BIG SELLERS	POINT	BS HUNTING	-	debit_card	-	202607	PLANO V5	Device	 65.068.481,00 
POINT	BIG SELLERS	POINT	BS HUNTING	-	debit_card	-	202608	PLANO V5	Device	 75.571.353,00 
POINT	BIG SELLERS	POINT	BS HUNTING	-	debit_card	-	202609	PLANO V5	Device	 84.605.155,00 
POINT	BIG SELLERS	POINT	BS HUNTING	-	debit_card	-	202610	PLANO V5	Device	 97.013.988,00 
POINT	BIG SELLERS	POINT	BS HUNTING	-	debit_card	-	202611	PLANO V5	Device	 101.005.373,00 
POINT	BIG SELLERS	POINT	BS HUNTING	-	debit_card	-	202612	PLANO V5	Device	 142.666.975,00 
POINT	BIG SELLERS	POINT	BS HUNTING	-	digital_currency	-	202601	PLANO V5	Device	 -   
POINT	BIG SELLERS	POINT	BS HUNTING	-	digital_currency	-	202602	PLANO V5	Device	 -   
POINT	BIG SELLERS	POINT	BS HUNTING	-	digital_currency	-	202603	PLANO V5	Device	 -   
POINT	BIG SELLERS	POINT	BS HUNTING	-	digital_currency	-	202604	PLANO V5	Device	 -   
POINT	BIG SELLERS	POINT	BS HUNTING	-	digital_currency	-	202605	PLANO V5	Device	 -   
POINT	BIG SELLERS	POINT	BS HUNTING	-	digital_currency	-	202606	PLANO V5	Device	 -   
POINT	BIG SELLERS	POINT	BS HUNTING	-	digital_currency	-	202607	PLANO V5	Device	 -   
POINT	BIG SELLERS	POINT	BS HUNTING	-	digital_currency	-	202608	PLANO V5	Device	 -   
POINT	BIG SELLERS	POINT	BS HUNTING	-	digital_currency	-	202609	PLANO V5	Device	 -   
POINT	BIG SELLERS	POINT	BS HUNTING	-	digital_currency	-	202610	PLANO V5	Device	 -   
POINT	BIG SELLERS	POINT	BS HUNTING	-	digital_currency	-	202611	PLANO V5	Device	 -   
POINT	BIG SELLERS	POINT	BS HUNTING	-	digital_currency	-	202612	PLANO V5	Device	 -   
POINT	BIG SELLERS	POINT	BS HUNTING	-	ticket	-	202601	PLANO V5	Device	 -   
POINT	BIG SELLERS	POINT	BS HUNTING	-	ticket	-	202602	PLANO V5	Device	 -   
POINT	BIG SELLERS	POINT	BS HUNTING	-	ticket	-	202603	PLANO V5	Device	 -   
POINT	BIG SELLERS	POINT	BS HUNTING	-	ticket	-	202604	PLANO V5	Device	 -   
POINT	BIG SELLERS	POINT	BS HUNTING	-	ticket	-	202605	PLANO V5	Device	 -   
POINT	BIG SELLERS	POINT	BS HUNTING	-	ticket	-	202606	PLANO V5	Device	 -   
POINT	BIG SELLERS	POINT	BS HUNTING	-	ticket	-	202607	PLANO V5	Device	 -   
POINT	BIG SELLERS	POINT	BS HUNTING	-	ticket	-	202608	PLANO V5	Device	 -   
POINT	BIG SELLERS	POINT	BS HUNTING	-	ticket	-	202609	PLANO V5	Device	 -   
POINT	BIG SELLERS	POINT	BS HUNTING	-	ticket	-	202610	PLANO V5	Device	 -   
POINT	BIG SELLERS	POINT	BS HUNTING	-	ticket	-	202611	PLANO V5	Device	 -   
POINT	BIG SELLERS	POINT	BS HUNTING	-	ticket	-	202612	PLANO V5	Device	 -   
POINT	BIG SELLERS	POINT	BS SIN TAG	-	account_money	-	202601	PLANO V5	Device	 -   
POINT	BIG SELLERS	POINT	BS SIN TAG	-	account_money	-	202602	PLANO V5	Device	 -   
POINT	BIG SELLERS	POINT	BS SIN TAG	-	account_money	-	202603	PLANO V5	Device	 -   
POINT	BIG SELLERS	POINT	BS SIN TAG	-	account_money	-	202604	PLANO V5	Device	 -   
POINT	BIG SELLERS	POINT	BS SIN TAG	-	account_money	-	202605	PLANO V5	Device	 -   
POINT	BIG SELLERS	POINT	BS SIN TAG	-	account_money	-	202606	PLANO V5	Device	 -   
POINT	BIG SELLERS	POINT	BS SIN TAG	-	account_money	-	202607	PLANO V5	Device	 -   
POINT	BIG SELLERS	POINT	BS SIN TAG	-	account_money	-	202608	PLANO V5	Device	 -   
POINT	BIG SELLERS	POINT	BS SIN TAG	-	account_money	-	202609	PLANO V5	Device	 -   
POINT	BIG SELLERS	POINT	BS SIN TAG	-	account_money	-	202610	PLANO V5	Device	 -   
POINT	BIG SELLERS	POINT	BS SIN TAG	-	account_money	-	202611	PLANO V5	Device	 -   
POINT	BIG SELLERS	POINT	BS SIN TAG	-	account_money	-	202612	PLANO V5	Device	 -   
POINT	BIG SELLERS	POINT	BS SIN TAG	-	bank_transfer	-	202601	PLANO V5	Device	 -   
POINT	BIG SELLERS	POINT	BS SIN TAG	-	bank_transfer	-	202602	PLANO V5	Device	 -   
POINT	BIG SELLERS	POINT	BS SIN TAG	-	bank_transfer	-	202603	PLANO V5	Device	 -   
POINT	BIG SELLERS	POINT	BS SIN TAG	-	bank_transfer	-	202604	PLANO V5	Device	 -   
POINT	BIG SELLERS	POINT	BS SIN TAG	-	bank_transfer	-	202605	PLANO V5	Device	 -   
POINT	BIG SELLERS	POINT	BS SIN TAG	-	bank_transfer	-	202606	PLANO V5	Device	 -   
POINT	BIG SELLERS	POINT	BS SIN TAG	-	bank_transfer	-	202607	PLANO V5	Device	 -   
POINT	BIG SELLERS	POINT	BS SIN TAG	-	bank_transfer	-	202608	PLANO V5	Device	 -   
POINT	BIG SELLERS	POINT	BS SIN TAG	-	bank_transfer	-	202609	PLANO V5	Device	 -   
POINT	BIG SELLERS	POINT	BS SIN TAG	-	bank_transfer	-	202610	PLANO V5	Device	 -   
POINT	BIG SELLERS	POINT	BS SIN TAG	-	bank_transfer	-	202611	PLANO V5	Device	 -   
POINT	BIG SELLERS	POINT	BS SIN TAG	-	bank_transfer	-	202612	PLANO V5	Device	 -   
POINT	BIG SELLERS	POINT	BS SIN TAG	-	consumer_credits	-	202601	PLANO V5	Device	 -   
POINT	BIG SELLERS	POINT	BS SIN TAG	-	consumer_credits	-	202602	PLANO V5	Device	 -   
POINT	BIG SELLERS	POINT	BS SIN TAG	-	consumer_credits	-	202603	PLANO V5	Device	 -   
POINT	BIG SELLERS	POINT	BS SIN TAG	-	consumer_credits	-	202604	PLANO V5	Device	 -   
POINT	BIG SELLERS	POINT	BS SIN TAG	-	consumer_credits	-	202605	PLANO V5	Device	 -   
POINT	BIG SELLERS	POINT	BS SIN TAG	-	consumer_credits	-	202606	PLANO V5	Device	 -   
POINT	BIG SELLERS	POINT	BS SIN TAG	-	consumer_credits	-	202607	PLANO V5	Device	 -   
POINT	BIG SELLERS	POINT	BS SIN TAG	-	consumer_credits	-	202608	PLANO V5	Device	 -   
POINT	BIG SELLERS	POINT	BS SIN TAG	-	consumer_credits	-	202609	PLANO V5	Device	 -   
POINT	BIG SELLERS	POINT	BS SIN TAG	-	consumer_credits	-	202610	PLANO V5	Device	 -   
POINT	BIG SELLERS	POINT	BS SIN TAG	-	consumer_credits	-	202611	PLANO V5	Device	 -   
POINT	BIG SELLERS	POINT	BS SIN TAG	-	consumer_credits	-	202612	PLANO V5	Device	 -   
POINT	BIG SELLERS	POINT	BS SIN TAG	-	credit_card	-	202601	PLANO V5	Device	 -   
POINT	BIG SELLERS	POINT	BS SIN TAG	-	credit_card	-	202602	PLANO V5	Device	 -   
POINT	BIG SELLERS	POINT	BS SIN TAG	-	credit_card	-	202603	PLANO V5	Device	 -   
POINT	BIG SELLERS	POINT	BS SIN TAG	-	credit_card	-	202604	PLANO V5	Device	 -   
POINT	BIG SELLERS	POINT	BS SIN TAG	-	credit_card	-	202605	PLANO V5	Device	 -   
POINT	BIG SELLERS	POINT	BS SIN TAG	-	credit_card	-	202606	PLANO V5	Device	 -   
POINT	BIG SELLERS	POINT	BS SIN TAG	-	credit_card	-	202607	PLANO V5	Device	 -   
POINT	BIG SELLERS	POINT	BS SIN TAG	-	credit_card	-	202608	PLANO V5	Device	 -   
POINT	BIG SELLERS	POINT	BS SIN TAG	-	credit_card	-	202609	PLANO V5	Device	 -   
POINT	BIG SELLERS	POINT	BS SIN TAG	-	credit_card	-	202610	PLANO V5	Device	 -   
POINT	BIG SELLERS	POINT	BS SIN TAG	-	credit_card	-	202611	PLANO V5	Device	 -   
POINT	BIG SELLERS	POINT	BS SIN TAG	-	credit_card	-	202612	PLANO V5	Device	 -   
POINT	BIG SELLERS	POINT	BS SIN TAG	-	credit_card	1x	202601	PLANO V5	Device	 -   
POINT	BIG SELLERS	POINT	BS SIN TAG	-	credit_card	1x	202602	PLANO V5	Device	 -   
POINT	BIG SELLERS	POINT	BS SIN TAG	-	credit_card	1x	202603	PLANO V5	Device	 -   
POINT	BIG SELLERS	POINT	BS SIN TAG	-	credit_card	1x	202604	PLANO V5	Device	 -   
POINT	BIG SELLERS	POINT	BS SIN TAG	-	credit_card	1x	202605	PLANO V5	Device	 -   
POINT	BIG SELLERS	POINT	BS SIN TAG	-	credit_card	1x	202606	PLANO V5	Device	 -   
POINT	BIG SELLERS	POINT	BS SIN TAG	-	credit_card	1x	202607	PLANO V5	Device	 -   
POINT	BIG SELLERS	POINT	BS SIN TAG	-	credit_card	1x	202608	PLANO V5	Device	 -   
POINT	BIG SELLERS	POINT	BS SIN TAG	-	credit_card	1x	202609	PLANO V5	Device	 -   
POINT	BIG SELLERS	POINT	BS SIN TAG	-	credit_card	1x	202610	PLANO V5	Device	 -   
POINT	BIG SELLERS	POINT	BS SIN TAG	-	credit_card	1x	202611	PLANO V5	Device	 -   
POINT	BIG SELLERS	POINT	BS SIN TAG	-	credit_card	1x	202612	PLANO V5	Device	 -   
POINT	BIG SELLERS	POINT	BS SIN TAG	-	credit_card	2 a 6x	202601	PLANO V5	Device	 -   
POINT	BIG SELLERS	POINT	BS SIN TAG	-	credit_card	2 a 6x	202602	PLANO V5	Device	 -   
POINT	BIG SELLERS	POINT	BS SIN TAG	-	credit_card	2 a 6x	202603	PLANO V5	Device	 -   
POINT	BIG SELLERS	POINT	BS SIN TAG	-	credit_card	2 a 6x	202604	PLANO V5	Device	 -   
POINT	BIG SELLERS	POINT	BS SIN TAG	-	credit_card	2 a 6x	202605	PLANO V5	Device	 -   
POINT	BIG SELLERS	POINT	BS SIN TAG	-	credit_card	2 a 6x	202606	PLANO V5	Device	 -   
POINT	BIG SELLERS	POINT	BS SIN TAG	-	credit_card	2 a 6x	202607	PLANO V5	Device	 -   
POINT	BIG SELLERS	POINT	BS SIN TAG	-	credit_card	2 a 6x	202608	PLANO V5	Device	 -   
POINT	BIG SELLERS	POINT	BS SIN TAG	-	credit_card	2 a 6x	202609	PLANO V5	Device	 -   
POINT	BIG SELLERS	POINT	BS SIN TAG	-	credit_card	2 a 6x	202610	PLANO V5	Device	 -   
POINT	BIG SELLERS	POINT	BS SIN TAG	-	credit_card	2 a 6x	202611	PLANO V5	Device	 -   
POINT	BIG SELLERS	POINT	BS SIN TAG	-	credit_card	2 a 6x	202612	PLANO V5	Device	 -   
POINT	BIG SELLERS	POINT	BS SIN TAG	-	credit_card	7 a 12x	202601	PLANO V5	Device	 -   
POINT	BIG SELLERS	POINT	BS SIN TAG	-	credit_card	7 a 12x	202602	PLANO V5	Device	 -   
POINT	BIG SELLERS	POINT	BS SIN TAG	-	credit_card	7 a 12x	202603	PLANO V5	Device	 -   
POINT	BIG SELLERS	POINT	BS SIN TAG	-	credit_card	7 a 12x	202604	PLANO V5	Device	 -   
POINT	BIG SELLERS	POINT	BS SIN TAG	-	credit_card	7 a 12x	202605	PLANO V5	Device	 -   
POINT	BIG SELLERS	POINT	BS SIN TAG	-	credit_card	7 a 12x	202606	PLANO V5	Device	 -   
POINT	BIG SELLERS	POINT	BS SIN TAG	-	credit_card	7 a 12x	202607	PLANO V5	Device	 -   
POINT	BIG SELLERS	POINT	BS SIN TAG	-	credit_card	7 a 12x	202608	PLANO V5	Device	 -   
POINT	BIG SELLERS	POINT	BS SIN TAG	-	credit_card	7 a 12x	202609	PLANO V5	Device	 -   
POINT	BIG SELLERS	POINT	BS SIN TAG	-	credit_card	7 a 12x	202610	PLANO V5	Device	 -   
POINT	BIG SELLERS	POINT	BS SIN TAG	-	credit_card	7 a 12x	202611	PLANO V5	Device	 -   
POINT	BIG SELLERS	POINT	BS SIN TAG	-	credit_card	7 a 12x	202612	PLANO V5	Device	 -   
POINT	BIG SELLERS	POINT	BS SIN TAG	-	credit_card	Maior que 12x	202601	PLANO V5	Device	 -   
POINT	BIG SELLERS	POINT	BS SIN TAG	-	credit_card	Maior que 12x	202602	PLANO V5	Device	 -   
POINT	BIG SELLERS	POINT	BS SIN TAG	-	credit_card	Maior que 12x	202603	PLANO V5	Device	 -   
POINT	BIG SELLERS	POINT	BS SIN TAG	-	credit_card	Maior que 12x	202604	PLANO V5	Device	 -   
POINT	BIG SELLERS	POINT	BS SIN TAG	-	credit_card	Maior que 12x	202605	PLANO V5	Device	 -   
POINT	BIG SELLERS	POINT	BS SIN TAG	-	credit_card	Maior que 12x	202606	PLANO V5	Device	 -   
POINT	BIG SELLERS	POINT	BS SIN TAG	-	credit_card	Maior que 12x	202607	PLANO V5	Device	 -   
POINT	BIG SELLERS	POINT	BS SIN TAG	-	credit_card	Maior que 12x	202608	PLANO V5	Device	 -   
POINT	BIG SELLERS	POINT	BS SIN TAG	-	credit_card	Maior que 12x	202609	PLANO V5	Device	 -   
POINT	BIG SELLERS	POINT	BS SIN TAG	-	credit_card	Maior que 12x	202610	PLANO V5	Device	 -   
POINT	BIG SELLERS	POINT	BS SIN TAG	-	credit_card	Maior que 12x	202611	PLANO V5	Device	 -   
POINT	BIG SELLERS	POINT	BS SIN TAG	-	credit_card	Maior que 12x	202612	PLANO V5	Device	 -   
POINT	BIG SELLERS	POINT	BS SIN TAG	-	debit_card	-	202601	PLANO V5	Device	 -   
POINT	BIG SELLERS	POINT	BS SIN TAG	-	debit_card	-	202602	PLANO V5	Device	 -   
POINT	BIG SELLERS	POINT	BS SIN TAG	-	debit_card	-	202603	PLANO V5	Device	 -   
POINT	BIG SELLERS	POINT	BS SIN TAG	-	debit_card	-	202604	PLANO V5	Device	 -   
POINT	BIG SELLERS	POINT	BS SIN TAG	-	debit_card	-	202605	PLANO V5	Device	 -   
POINT	BIG SELLERS	POINT	BS SIN TAG	-	debit_card	-	202606	PLANO V5	Device	 -   
POINT	BIG SELLERS	POINT	BS SIN TAG	-	debit_card	-	202607	PLANO V5	Device	 -   
POINT	BIG SELLERS	POINT	BS SIN TAG	-	debit_card	-	202608	PLANO V5	Device	 -   
POINT	BIG SELLERS	POINT	BS SIN TAG	-	debit_card	-	202609	PLANO V5	Device	 -   
POINT	BIG SELLERS	POINT	BS SIN TAG	-	debit_card	-	202610	PLANO V5	Device	 -   
POINT	BIG SELLERS	POINT	BS SIN TAG	-	debit_card	-	202611	PLANO V5	Device	 -   
POINT	BIG SELLERS	POINT	BS SIN TAG	-	debit_card	-	202612	PLANO V5	Device	 -   
POINT	BIG SELLERS	POINT	BS SIN TAG	-	digital_currency	-	202601	PLANO V5	Device	 -   
POINT	BIG SELLERS	POINT	BS SIN TAG	-	digital_currency	-	202602	PLANO V5	Device	 -   
POINT	BIG SELLERS	POINT	BS SIN TAG	-	digital_currency	-	202603	PLANO V5	Device	 -   
POINT	BIG SELLERS	POINT	BS SIN TAG	-	digital_currency	-	202604	PLANO V5	Device	 -   
POINT	BIG SELLERS	POINT	BS SIN TAG	-	digital_currency	-	202605	PLANO V5	Device	 -   
POINT	BIG SELLERS	POINT	BS SIN TAG	-	digital_currency	-	202606	PLANO V5	Device	 -   
POINT	BIG SELLERS	POINT	BS SIN TAG	-	digital_currency	-	202607	PLANO V5	Device	 -   
POINT	BIG SELLERS	POINT	BS SIN TAG	-	digital_currency	-	202608	PLANO V5	Device	 -   
POINT	BIG SELLERS	POINT	BS SIN TAG	-	digital_currency	-	202609	PLANO V5	Device	 -   
POINT	BIG SELLERS	POINT	BS SIN TAG	-	digital_currency	-	202610	PLANO V5	Device	 -   
POINT	BIG SELLERS	POINT	BS SIN TAG	-	digital_currency	-	202611	PLANO V5	Device	 -   
POINT	BIG SELLERS	POINT	BS SIN TAG	-	digital_currency	-	202612	PLANO V5	Device	 -   
POINT	BIG SELLERS	POINT	BS SIN TAG	-	ticket	-	202601	PLANO V5	Device	 -   
POINT	BIG SELLERS	POINT	BS SIN TAG	-	ticket	-	202602	PLANO V5	Device	 -   
POINT	BIG SELLERS	POINT	BS SIN TAG	-	ticket	-	202603	PLANO V5	Device	 -   
POINT	BIG SELLERS	POINT	BS SIN TAG	-	ticket	-	202604	PLANO V5	Device	 -   
POINT	BIG SELLERS	POINT	BS SIN TAG	-	ticket	-	202605	PLANO V5	Device	 -   
POINT	BIG SELLERS	POINT	BS SIN TAG	-	ticket	-	202606	PLANO V5	Device	 -   
POINT	BIG SELLERS	POINT	BS SIN TAG	-	ticket	-	202607	PLANO V5	Device	 -   
POINT	BIG SELLERS	POINT	BS SIN TAG	-	ticket	-	202608	PLANO V5	Device	 -   
POINT	BIG SELLERS	POINT	BS SIN TAG	-	ticket	-	202609	PLANO V5	Device	 -   
POINT	BIG SELLERS	POINT	BS SIN TAG	-	ticket	-	202610	PLANO V5	Device	 -   
POINT	BIG SELLERS	POINT	BS SIN TAG	-	ticket	-	202611	PLANO V5	Device	 -   
POINT	BIG SELLERS	POINT	BS SIN TAG	-	ticket	-	202612	PLANO V5	Device	 -   
POINT	BIG SELLERS	TTP	TTP	-	account_money	-	202601	PLANO V5	TTP	 -   
POINT	BIG SELLERS	TTP	TTP	-	account_money	-	202602	PLANO V5	TTP	 -   
POINT	BIG SELLERS	TTP	TTP	-	account_money	-	202603	PLANO V5	TTP	 -   
POINT	BIG SELLERS	TTP	TTP	-	account_money	-	202604	PLANO V5	TTP	 -   
POINT	BIG SELLERS	TTP	TTP	-	account_money	-	202605	PLANO V5	TTP	 -   
POINT	BIG SELLERS	TTP	TTP	-	account_money	-	202606	PLANO V5	TTP	 -   
POINT	BIG SELLERS	TTP	TTP	-	account_money	-	202607	PLANO V5	TTP	 -   
POINT	BIG SELLERS	TTP	TTP	-	account_money	-	202608	PLANO V5	TTP	 -   
POINT	BIG SELLERS	TTP	TTP	-	account_money	-	202609	PLANO V5	TTP	 -   
POINT	BIG SELLERS	TTP	TTP	-	account_money	-	202610	PLANO V5	TTP	 -   
POINT	BIG SELLERS	TTP	TTP	-	account_money	-	202611	PLANO V5	TTP	 -   
POINT	BIG SELLERS	TTP	TTP	-	account_money	-	202612	PLANO V5	TTP	 -   
POINT	BIG SELLERS	TTP	TTP	-	bank_transfer	-	202601	PLANO V5	TTP	 -   
POINT	BIG SELLERS	TTP	TTP	-	bank_transfer	-	202602	PLANO V5	TTP	 -   
POINT	BIG SELLERS	TTP	TTP	-	bank_transfer	-	202603	PLANO V5	TTP	 -   
POINT	BIG SELLERS	TTP	TTP	-	bank_transfer	-	202604	PLANO V5	TTP	 -   
POINT	BIG SELLERS	TTP	TTP	-	bank_transfer	-	202605	PLANO V5	TTP	 -   
POINT	BIG SELLERS	TTP	TTP	-	bank_transfer	-	202606	PLANO V5	TTP	 -   
POINT	BIG SELLERS	TTP	TTP	-	bank_transfer	-	202607	PLANO V5	TTP	 -   
POINT	BIG SELLERS	TTP	TTP	-	bank_transfer	-	202608	PLANO V5	TTP	 -   
POINT	BIG SELLERS	TTP	TTP	-	bank_transfer	-	202609	PLANO V5	TTP	 -   
POINT	BIG SELLERS	TTP	TTP	-	bank_transfer	-	202610	PLANO V5	TTP	 -   
POINT	BIG SELLERS	TTP	TTP	-	bank_transfer	-	202611	PLANO V5	TTP	 -   
POINT	BIG SELLERS	TTP	TTP	-	bank_transfer	-	202612	PLANO V5	TTP	 -   
POINT	BIG SELLERS	TTP	TTP	-	consumer_credits	-	202601	PLANO V5	TTP	 -   
POINT	BIG SELLERS	TTP	TTP	-	consumer_credits	-	202602	PLANO V5	TTP	 -   
POINT	BIG SELLERS	TTP	TTP	-	consumer_credits	-	202603	PLANO V5	TTP	 -   
POINT	BIG SELLERS	TTP	TTP	-	consumer_credits	-	202604	PLANO V5	TTP	 -   
POINT	BIG SELLERS	TTP	TTP	-	consumer_credits	-	202605	PLANO V5	TTP	 -   
POINT	BIG SELLERS	TTP	TTP	-	consumer_credits	-	202606	PLANO V5	TTP	 -   
POINT	BIG SELLERS	TTP	TTP	-	consumer_credits	-	202607	PLANO V5	TTP	 -   
POINT	BIG SELLERS	TTP	TTP	-	consumer_credits	-	202608	PLANO V5	TTP	 -   
POINT	BIG SELLERS	TTP	TTP	-	consumer_credits	-	202609	PLANO V5	TTP	 -   
POINT	BIG SELLERS	TTP	TTP	-	consumer_credits	-	202610	PLANO V5	TTP	 -   
POINT	BIG SELLERS	TTP	TTP	-	consumer_credits	-	202611	PLANO V5	TTP	 -   
POINT	BIG SELLERS	TTP	TTP	-	consumer_credits	-	202612	PLANO V5	TTP	 -   
POINT	BIG SELLERS	TTP	TTP	-	credit_card	-	202601	PLANO V5	TTP	 -   
POINT	BIG SELLERS	TTP	TTP	-	credit_card	-	202602	PLANO V5	TTP	 -   
POINT	BIG SELLERS	TTP	TTP	-	credit_card	-	202603	PLANO V5	TTP	 -   
POINT	BIG SELLERS	TTP	TTP	-	credit_card	-	202604	PLANO V5	TTP	 -   
POINT	BIG SELLERS	TTP	TTP	-	credit_card	-	202605	PLANO V5	TTP	 -   
POINT	BIG SELLERS	TTP	TTP	-	credit_card	-	202606	PLANO V5	TTP	 -   
POINT	BIG SELLERS	TTP	TTP	-	credit_card	-	202607	PLANO V5	TTP	 -   
POINT	BIG SELLERS	TTP	TTP	-	credit_card	-	202608	PLANO V5	TTP	 -   
POINT	BIG SELLERS	TTP	TTP	-	credit_card	-	202609	PLANO V5	TTP	 -   
POINT	BIG SELLERS	TTP	TTP	-	credit_card	-	202610	PLANO V5	TTP	 -   
POINT	BIG SELLERS	TTP	TTP	-	credit_card	-	202611	PLANO V5	TTP	 -   
POINT	BIG SELLERS	TTP	TTP	-	credit_card	-	202612	PLANO V5	TTP	 -   
POINT	BIG SELLERS	TTP	TTP	-	credit_card	1x	202601	PLANO V5	TTP	 -   
POINT	BIG SELLERS	TTP	TTP	-	credit_card	1x	202602	PLANO V5	TTP	 -   
POINT	BIG SELLERS	TTP	TTP	-	credit_card	1x	202603	PLANO V5	TTP	 -   
POINT	BIG SELLERS	TTP	TTP	-	credit_card	1x	202604	PLANO V5	TTP	 -   
POINT	BIG SELLERS	TTP	TTP	-	credit_card	1x	202605	PLANO V5	TTP	 -   
POINT	BIG SELLERS	TTP	TTP	-	credit_card	1x	202606	PLANO V5	TTP	 -   
POINT	BIG SELLERS	TTP	TTP	-	credit_card	1x	202607	PLANO V5	TTP	 -   
POINT	BIG SELLERS	TTP	TTP	-	credit_card	1x	202608	PLANO V5	TTP	 -   
POINT	BIG SELLERS	TTP	TTP	-	credit_card	1x	202609	PLANO V5	TTP	 -   
POINT	BIG SELLERS	TTP	TTP	-	credit_card	1x	202610	PLANO V5	TTP	 -   
POINT	BIG SELLERS	TTP	TTP	-	credit_card	1x	202611	PLANO V5	TTP	 -   
POINT	BIG SELLERS	TTP	TTP	-	credit_card	1x	202612	PLANO V5	TTP	 -   
POINT	BIG SELLERS	TTP	TTP	-	credit_card	2 a 6x	202601	PLANO V5	TTP	 -   
POINT	BIG SELLERS	TTP	TTP	-	credit_card	2 a 6x	202602	PLANO V5	TTP	 -   
POINT	BIG SELLERS	TTP	TTP	-	credit_card	2 a 6x	202603	PLANO V5	TTP	 -   
POINT	BIG SELLERS	TTP	TTP	-	credit_card	2 a 6x	202604	PLANO V5	TTP	 -   
POINT	BIG SELLERS	TTP	TTP	-	credit_card	2 a 6x	202605	PLANO V5	TTP	 -   
POINT	BIG SELLERS	TTP	TTP	-	credit_card	2 a 6x	202606	PLANO V5	TTP	 -   
POINT	BIG SELLERS	TTP	TTP	-	credit_card	2 a 6x	202607	PLANO V5	TTP	 -   
POINT	BIG SELLERS	TTP	TTP	-	credit_card	2 a 6x	202608	PLANO V5	TTP	 -   
POINT	BIG SELLERS	TTP	TTP	-	credit_card	2 a 6x	202609	PLANO V5	TTP	 -   
POINT	BIG SELLERS	TTP	TTP	-	credit_card	2 a 6x	202610	PLANO V5	TTP	 -   
POINT	BIG SELLERS	TTP	TTP	-	credit_card	2 a 6x	202611	PLANO V5	TTP	 -   
POINT	BIG SELLERS	TTP	TTP	-	credit_card	2 a 6x	202612	PLANO V5	TTP	 -   
POINT	BIG SELLERS	TTP	TTP	-	credit_card	7 a 12x	202601	PLANO V5	TTP	 -   
POINT	BIG SELLERS	TTP	TTP	-	credit_card	7 a 12x	202602	PLANO V5	TTP	 -   
POINT	BIG SELLERS	TTP	TTP	-	credit_card	7 a 12x	202603	PLANO V5	TTP	 -   
POINT	BIG SELLERS	TTP	TTP	-	credit_card	7 a 12x	202604	PLANO V5	TTP	 -   
POINT	BIG SELLERS	TTP	TTP	-	credit_card	7 a 12x	202605	PLANO V5	TTP	 -   
POINT	BIG SELLERS	TTP	TTP	-	credit_card	7 a 12x	202606	PLANO V5	TTP	 -   
POINT	BIG SELLERS	TTP	TTP	-	credit_card	7 a 12x	202607	PLANO V5	TTP	 -   
POINT	BIG SELLERS	TTP	TTP	-	credit_card	7 a 12x	202608	PLANO V5	TTP	 -   
POINT	BIG SELLERS	TTP	TTP	-	credit_card	7 a 12x	202609	PLANO V5	TTP	 -   
POINT	BIG SELLERS	TTP	TTP	-	credit_card	7 a 12x	202610	PLANO V5	TTP	 -   
POINT	BIG SELLERS	TTP	TTP	-	credit_card	7 a 12x	202611	PLANO V5	TTP	 -   
POINT	BIG SELLERS	TTP	TTP	-	credit_card	7 a 12x	202612	PLANO V5	TTP	 -   
POINT	BIG SELLERS	TTP	TTP	-	credit_card	Maior que 12x	202601	PLANO V5	TTP	 -   
POINT	BIG SELLERS	TTP	TTP	-	credit_card	Maior que 12x	202602	PLANO V5	TTP	 -   
POINT	BIG SELLERS	TTP	TTP	-	credit_card	Maior que 12x	202603	PLANO V5	TTP	 -   
POINT	BIG SELLERS	TTP	TTP	-	credit_card	Maior que 12x	202604	PLANO V5	TTP	 -   
POINT	BIG SELLERS	TTP	TTP	-	credit_card	Maior que 12x	202605	PLANO V5	TTP	 -   
POINT	BIG SELLERS	TTP	TTP	-	credit_card	Maior que 12x	202606	PLANO V5	TTP	 -   
POINT	BIG SELLERS	TTP	TTP	-	credit_card	Maior que 12x	202607	PLANO V5	TTP	 -   
POINT	BIG SELLERS	TTP	TTP	-	credit_card	Maior que 12x	202608	PLANO V5	TTP	 -   
POINT	BIG SELLERS	TTP	TTP	-	credit_card	Maior que 12x	202609	PLANO V5	TTP	 -   
POINT	BIG SELLERS	TTP	TTP	-	credit_card	Maior que 12x	202610	PLANO V5	TTP	 -   
POINT	BIG SELLERS	TTP	TTP	-	credit_card	Maior que 12x	202611	PLANO V5	TTP	 -   
POINT	BIG SELLERS	TTP	TTP	-	credit_card	Maior que 12x	202612	PLANO V5	TTP	 -   
POINT	BIG SELLERS	TTP	TTP	-	debit_card	-	202601	PLANO V5	TTP	 -   
POINT	BIG SELLERS	TTP	TTP	-	debit_card	-	202602	PLANO V5	TTP	 -   
POINT	BIG SELLERS	TTP	TTP	-	debit_card	-	202603	PLANO V5	TTP	 -   
POINT	BIG SELLERS	TTP	TTP	-	debit_card	-	202604	PLANO V5	TTP	 -   
POINT	BIG SELLERS	TTP	TTP	-	debit_card	-	202605	PLANO V5	TTP	 -   
POINT	BIG SELLERS	TTP	TTP	-	debit_card	-	202606	PLANO V5	TTP	 -   
POINT	BIG SELLERS	TTP	TTP	-	debit_card	-	202607	PLANO V5	TTP	 -   
POINT	BIG SELLERS	TTP	TTP	-	debit_card	-	202608	PLANO V5	TTP	 -   
POINT	BIG SELLERS	TTP	TTP	-	debit_card	-	202609	PLANO V5	TTP	 -   
POINT	BIG SELLERS	TTP	TTP	-	debit_card	-	202610	PLANO V5	TTP	 -   
POINT	BIG SELLERS	TTP	TTP	-	debit_card	-	202611	PLANO V5	TTP	 -   
POINT	BIG SELLERS	TTP	TTP	-	debit_card	-	202612	PLANO V5	TTP	 -   
POINT	BIG SELLERS	TTP	TTP	-	digital_currency	-	202601	PLANO V5	TTP	 -   
POINT	BIG SELLERS	TTP	TTP	-	digital_currency	-	202602	PLANO V5	TTP	 -   
POINT	BIG SELLERS	TTP	TTP	-	digital_currency	-	202603	PLANO V5	TTP	 -   
POINT	BIG SELLERS	TTP	TTP	-	digital_currency	-	202604	PLANO V5	TTP	 -   
POINT	BIG SELLERS	TTP	TTP	-	digital_currency	-	202605	PLANO V5	TTP	 -   
POINT	BIG SELLERS	TTP	TTP	-	digital_currency	-	202606	PLANO V5	TTP	 -   
POINT	BIG SELLERS	TTP	TTP	-	digital_currency	-	202607	PLANO V5	TTP	 -   
POINT	BIG SELLERS	TTP	TTP	-	digital_currency	-	202608	PLANO V5	TTP	 -   
POINT	BIG SELLERS	TTP	TTP	-	digital_currency	-	202609	PLANO V5	TTP	 -   
POINT	BIG SELLERS	TTP	TTP	-	digital_currency	-	202610	PLANO V5	TTP	 -   
POINT	BIG SELLERS	TTP	TTP	-	digital_currency	-	202611	PLANO V5	TTP	 -   
POINT	BIG SELLERS	TTP	TTP	-	digital_currency	-	202612	PLANO V5	TTP	 -   
POINT	BIG SELLERS	TTP	TTP	-	ticket	-	202601	PLANO V5	TTP	 -   
POINT	BIG SELLERS	TTP	TTP	-	ticket	-	202602	PLANO V5	TTP	 -   
POINT	BIG SELLERS	TTP	TTP	-	ticket	-	202603	PLANO V5	TTP	 -   
POINT	BIG SELLERS	TTP	TTP	-	ticket	-	202604	PLANO V5	TTP	 -   
POINT	BIG SELLERS	TTP	TTP	-	ticket	-	202605	PLANO V5	TTP	 -   
POINT	BIG SELLERS	TTP	TTP	-	ticket	-	202606	PLANO V5	TTP	 -   
POINT	BIG SELLERS	TTP	TTP	-	ticket	-	202607	PLANO V5	TTP	 -   
POINT	BIG SELLERS	TTP	TTP	-	ticket	-	202608	PLANO V5	TTP	 -   
POINT	BIG SELLERS	TTP	TTP	-	ticket	-	202609	PLANO V5	TTP	 -   
POINT	BIG SELLERS	TTP	TTP	-	ticket	-	202610	PLANO V5	TTP	 -   
POINT	BIG SELLERS	TTP	TTP	-	ticket	-	202611	PLANO V5	TTP	 -   
POINT	BIG SELLERS	TTP	TTP	-	ticket	-	202612	PLANO V5	TTP	 -   
POINT	LONGTAIL	POINT	-	AQUISICAO	account_money	-	202601	PLANO V5	Device	 -   
POINT	LONGTAIL	POINT	-	AQUISICAO	account_money	-	202602	PLANO V5	Device	 -   
POINT	LONGTAIL	POINT	-	AQUISICAO	account_money	-	202603	PLANO V5	Device	 -   
POINT	LONGTAIL	POINT	-	AQUISICAO	account_money	-	202604	PLANO V5	Device	 -   
POINT	LONGTAIL	POINT	-	AQUISICAO	account_money	-	202605	PLANO V5	Device	 -   
POINT	LONGTAIL	POINT	-	AQUISICAO	account_money	-	202606	PLANO V5	Device	 -   
POINT	LONGTAIL	POINT	-	AQUISICAO	account_money	-	202607	PLANO V5	Device	 -   
POINT	LONGTAIL	POINT	-	AQUISICAO	account_money	-	202608	PLANO V5	Device	 -   
POINT	LONGTAIL	POINT	-	AQUISICAO	account_money	-	202609	PLANO V5	Device	 -   
POINT	LONGTAIL	POINT	-	AQUISICAO	account_money	-	202610	PLANO V5	Device	 -   
POINT	LONGTAIL	POINT	-	AQUISICAO	account_money	-	202611	PLANO V5	Device	 -   
POINT	LONGTAIL	POINT	-	AQUISICAO	account_money	-	202612	PLANO V5	Device	 -   
POINT	LONGTAIL	POINT	-	AQUISICAO	bank_transfer	-	202601	PLANO V5	Device	 -   
POINT	LONGTAIL	POINT	-	AQUISICAO	bank_transfer	-	202602	PLANO V5	Device	 -   
POINT	LONGTAIL	POINT	-	AQUISICAO	bank_transfer	-	202603	PLANO V5	Device	 -   
POINT	LONGTAIL	POINT	-	AQUISICAO	bank_transfer	-	202604	PLANO V5	Device	 -   
POINT	LONGTAIL	POINT	-	AQUISICAO	bank_transfer	-	202605	PLANO V5	Device	 -   
POINT	LONGTAIL	POINT	-	AQUISICAO	bank_transfer	-	202606	PLANO V5	Device	 -   
POINT	LONGTAIL	POINT	-	AQUISICAO	bank_transfer	-	202607	PLANO V5	Device	 -   
POINT	LONGTAIL	POINT	-	AQUISICAO	bank_transfer	-	202608	PLANO V5	Device	 -   
POINT	LONGTAIL	POINT	-	AQUISICAO	bank_transfer	-	202609	PLANO V5	Device	 -   
POINT	LONGTAIL	POINT	-	AQUISICAO	bank_transfer	-	202610	PLANO V5	Device	 -   
POINT	LONGTAIL	POINT	-	AQUISICAO	bank_transfer	-	202611	PLANO V5	Device	 -   
POINT	LONGTAIL	POINT	-	AQUISICAO	bank_transfer	-	202612	PLANO V5	Device	 -   
POINT	LONGTAIL	POINT	-	AQUISICAO	consumer_credits	-	202601	PLANO V5	Device	 -   
POINT	LONGTAIL	POINT	-	AQUISICAO	consumer_credits	-	202602	PLANO V5	Device	 -   
POINT	LONGTAIL	POINT	-	AQUISICAO	consumer_credits	-	202603	PLANO V5	Device	 -   
POINT	LONGTAIL	POINT	-	AQUISICAO	consumer_credits	-	202604	PLANO V5	Device	 -   
POINT	LONGTAIL	POINT	-	AQUISICAO	consumer_credits	-	202605	PLANO V5	Device	 -   
POINT	LONGTAIL	POINT	-	AQUISICAO	consumer_credits	-	202606	PLANO V5	Device	 -   
POINT	LONGTAIL	POINT	-	AQUISICAO	consumer_credits	-	202607	PLANO V5	Device	 -   
POINT	LONGTAIL	POINT	-	AQUISICAO	consumer_credits	-	202608	PLANO V5	Device	 -   
POINT	LONGTAIL	POINT	-	AQUISICAO	consumer_credits	-	202609	PLANO V5	Device	 -   
POINT	LONGTAIL	POINT	-	AQUISICAO	consumer_credits	-	202610	PLANO V5	Device	 -   
POINT	LONGTAIL	POINT	-	AQUISICAO	consumer_credits	-	202611	PLANO V5	Device	 -   
POINT	LONGTAIL	POINT	-	AQUISICAO	consumer_credits	-	202612	PLANO V5	Device	 -   
POINT	LONGTAIL	POINT	-	AQUISICAO	credit_card	-	202601	PLANO V5	Device	 -   
POINT	LONGTAIL	POINT	-	AQUISICAO	credit_card	-	202602	PLANO V5	Device	 -   
POINT	LONGTAIL	POINT	-	AQUISICAO	credit_card	-	202603	PLANO V5	Device	 -   
POINT	LONGTAIL	POINT	-	AQUISICAO	credit_card	-	202604	PLANO V5	Device	 -   
POINT	LONGTAIL	POINT	-	AQUISICAO	credit_card	-	202605	PLANO V5	Device	 -   
POINT	LONGTAIL	POINT	-	AQUISICAO	credit_card	-	202606	PLANO V5	Device	 -   
POINT	LONGTAIL	POINT	-	AQUISICAO	credit_card	-	202607	PLANO V5	Device	 -   
POINT	LONGTAIL	POINT	-	AQUISICAO	credit_card	-	202608	PLANO V5	Device	 -   
POINT	LONGTAIL	POINT	-	AQUISICAO	credit_card	-	202609	PLANO V5	Device	 -   
POINT	LONGTAIL	POINT	-	AQUISICAO	credit_card	-	202610	PLANO V5	Device	 -   
POINT	LONGTAIL	POINT	-	AQUISICAO	credit_card	-	202611	PLANO V5	Device	 -   
POINT	LONGTAIL	POINT	-	AQUISICAO	credit_card	-	202612	PLANO V5	Device	 -   
POINT	LONGTAIL	POINT	-	AQUISICAO	credit_card	1x	202601	PLANO V5	Device	 38.225.780,00 
POINT	LONGTAIL	POINT	-	AQUISICAO	credit_card	1x	202602	PLANO V5	Device	 76.863.520,00 
POINT	LONGTAIL	POINT	-	AQUISICAO	credit_card	1x	202603	PLANO V5	Device	 125.399.051,00 
POINT	LONGTAIL	POINT	-	AQUISICAO	credit_card	1x	202604	PLANO V5	Device	 166.618.420,00 
POINT	LONGTAIL	POINT	-	AQUISICAO	credit_card	1x	202605	PLANO V5	Device	 208.918.893,00 
POINT	LONGTAIL	POINT	-	AQUISICAO	credit_card	1x	202606	PLANO V5	Device	 242.946.417,00 
POINT	LONGTAIL	POINT	-	AQUISICAO	credit_card	1x	202607	PLANO V5	Device	 278.642.753,00 
POINT	LONGTAIL	POINT	-	AQUISICAO	credit_card	1x	202608	PLANO V5	Device	 313.475.846,00 
POINT	LONGTAIL	POINT	-	AQUISICAO	credit_card	1x	202609	PLANO V5	Device	 347.544.346,00 
POINT	LONGTAIL	POINT	-	AQUISICAO	credit_card	1x	202610	PLANO V5	Device	 387.091.475,00 
POINT	LONGTAIL	POINT	-	AQUISICAO	credit_card	1x	202611	PLANO V5	Device	 424.622.344,00 
POINT	LONGTAIL	POINT	-	AQUISICAO	credit_card	1x	202612	PLANO V5	Device	 462.941.985,00 
POINT	LONGTAIL	POINT	-	AQUISICAO	credit_card	2 a 6x	202601	PLANO V5	Device	 32.263.996,00 
POINT	LONGTAIL	POINT	-	AQUISICAO	credit_card	2 a 6x	202602	PLANO V5	Device	 64.435.274,00 
POINT	LONGTAIL	POINT	-	AQUISICAO	credit_card	2 a 6x	202603	PLANO V5	Device	 106.181.696,00 
POINT	LONGTAIL	POINT	-	AQUISICAO	credit_card	2 a 6x	202604	PLANO V5	Device	 143.500.300,00 
POINT	LONGTAIL	POINT	-	AQUISICAO	credit_card	2 a 6x	202605	PLANO V5	Device	 180.914.515,00 
POINT	LONGTAIL	POINT	-	AQUISICAO	credit_card	2 a 6x	202606	PLANO V5	Device	 209.217.325,00 
POINT	LONGTAIL	POINT	-	AQUISICAO	credit_card	2 a 6x	202607	PLANO V5	Device	 238.526.892,00 
POINT	LONGTAIL	POINT	-	AQUISICAO	credit_card	2 a 6x	202608	PLANO V5	Device	 267.770.565,00 
POINT	LONGTAIL	POINT	-	AQUISICAO	credit_card	2 a 6x	202609	PLANO V5	Device	 298.141.325,00 
POINT	LONGTAIL	POINT	-	AQUISICAO	credit_card	2 a 6x	202610	PLANO V5	Device	 330.639.252,00 
POINT	LONGTAIL	POINT	-	AQUISICAO	credit_card	2 a 6x	202611	PLANO V5	Device	 356.793.886,00 
POINT	LONGTAIL	POINT	-	AQUISICAO	credit_card	2 a 6x	202612	PLANO V5	Device	 382.807.748,00 
POINT	LONGTAIL	POINT	-	AQUISICAO	credit_card	7 a 12x	202601	PLANO V5	Device	 12.898.183,00 
POINT	LONGTAIL	POINT	-	AQUISICAO	credit_card	7 a 12x	202602	PLANO V5	Device	 25.747.814,00 
POINT	LONGTAIL	POINT	-	AQUISICAO	credit_card	7 a 12x	202603	PLANO V5	Device	 41.926.919,00 
POINT	LONGTAIL	POINT	-	AQUISICAO	credit_card	7 a 12x	202604	PLANO V5	Device	 56.957.489,00 
POINT	LONGTAIL	POINT	-	AQUISICAO	credit_card	7 a 12x	202605	PLANO V5	Device	 71.684.587,00 
POINT	LONGTAIL	POINT	-	AQUISICAO	credit_card	7 a 12x	202606	PLANO V5	Device	 82.471.750,00 
POINT	LONGTAIL	POINT	-	AQUISICAO	credit_card	7 a 12x	202607	PLANO V5	Device	 93.901.923,00 
POINT	LONGTAIL	POINT	-	AQUISICAO	credit_card	7 a 12x	202608	PLANO V5	Device	 105.235.553,00 
POINT	LONGTAIL	POINT	-	AQUISICAO	credit_card	7 a 12x	202609	PLANO V5	Device	 116.085.193,00 
POINT	LONGTAIL	POINT	-	AQUISICAO	credit_card	7 a 12x	202610	PLANO V5	Device	 128.430.551,00 
POINT	LONGTAIL	POINT	-	AQUISICAO	credit_card	7 a 12x	202611	PLANO V5	Device	 138.415.995,00 
POINT	LONGTAIL	POINT	-	AQUISICAO	credit_card	7 a 12x	202612	PLANO V5	Device	 147.298.725,00 
POINT	LONGTAIL	POINT	-	AQUISICAO	credit_card	Maior que 12x	202601	PLANO V5	Device	 29.124,00 
POINT	LONGTAIL	POINT	-	AQUISICAO	credit_card	Maior que 12x	202602	PLANO V5	Device	 56.070,00 
POINT	LONGTAIL	POINT	-	AQUISICAO	credit_card	Maior que 12x	202603	PLANO V5	Device	 99.285,00 
POINT	LONGTAIL	POINT	-	AQUISICAO	credit_card	Maior que 12x	202604	PLANO V5	Device	 124.378,00 
POINT	LONGTAIL	POINT	-	AQUISICAO	credit_card	Maior que 12x	202605	PLANO V5	Device	 156.781,00 
POINT	LONGTAIL	POINT	-	AQUISICAO	credit_card	Maior que 12x	202606	PLANO V5	Device	 184.363,00 
POINT	LONGTAIL	POINT	-	AQUISICAO	credit_card	Maior que 12x	202607	PLANO V5	Device	 209.463,00 
POINT	LONGTAIL	POINT	-	AQUISICAO	credit_card	Maior que 12x	202608	PLANO V5	Device	 235.785,00 
POINT	LONGTAIL	POINT	-	AQUISICAO	credit_card	Maior que 12x	202609	PLANO V5	Device	 274.428,00 
POINT	LONGTAIL	POINT	-	AQUISICAO	credit_card	Maior que 12x	202610	PLANO V5	Device	 304.892,00 
POINT	LONGTAIL	POINT	-	AQUISICAO	credit_card	Maior que 12x	202611	PLANO V5	Device	 329.186,00 
POINT	LONGTAIL	POINT	-	AQUISICAO	credit_card	Maior que 12x	202612	PLANO V5	Device	 371.242,00 
POINT	LONGTAIL	POINT	-	AQUISICAO	debit_card	-	202601	PLANO V5	Device	 50.527.566,00 
POINT	LONGTAIL	POINT	-	AQUISICAO	debit_card	-	202602	PLANO V5	Device	 104.761.054,00 
POINT	LONGTAIL	POINT	-	AQUISICAO	debit_card	-	202603	PLANO V5	Device	 172.462.932,00 
POINT	LONGTAIL	POINT	-	AQUISICAO	debit_card	-	202604	PLANO V5	Device	 220.294.916,00 
POINT	LONGTAIL	POINT	-	AQUISICAO	debit_card	-	202605	PLANO V5	Device	 275.788.365,00 
POINT	LONGTAIL	POINT	-	AQUISICAO	debit_card	-	202606	PLANO V5	Device	 322.172.876,00 
POINT	LONGTAIL	POINT	-	AQUISICAO	debit_card	-	202607	PLANO V5	Device	 369.587.595,00 
POINT	LONGTAIL	POINT	-	AQUISICAO	debit_card	-	202608	PLANO V5	Device	 415.721.474,00 
POINT	LONGTAIL	POINT	-	AQUISICAO	debit_card	-	202609	PLANO V5	Device	 462.287.931,00 
POINT	LONGTAIL	POINT	-	AQUISICAO	debit_card	-	202610	PLANO V5	Device	 515.478.342,00 
POINT	LONGTAIL	POINT	-	AQUISICAO	debit_card	-	202611	PLANO V5	Device	 572.540.270,00 
POINT	LONGTAIL	POINT	-	AQUISICAO	debit_card	-	202612	PLANO V5	Device	 728.469.765,00 
POINT	LONGTAIL	POINT	-	AQUISICAO	digital_currency	-	202601	PLANO V5	Device	 -   
POINT	LONGTAIL	POINT	-	AQUISICAO	digital_currency	-	202602	PLANO V5	Device	 -   
POINT	LONGTAIL	POINT	-	AQUISICAO	digital_currency	-	202603	PLANO V5	Device	 -   
POINT	LONGTAIL	POINT	-	AQUISICAO	digital_currency	-	202604	PLANO V5	Device	 -   
POINT	LONGTAIL	POINT	-	AQUISICAO	digital_currency	-	202605	PLANO V5	Device	 -   
POINT	LONGTAIL	POINT	-	AQUISICAO	digital_currency	-	202606	PLANO V5	Device	 -   
POINT	LONGTAIL	POINT	-	AQUISICAO	digital_currency	-	202607	PLANO V5	Device	 -   
POINT	LONGTAIL	POINT	-	AQUISICAO	digital_currency	-	202608	PLANO V5	Device	 -   
POINT	LONGTAIL	POINT	-	AQUISICAO	digital_currency	-	202609	PLANO V5	Device	 -   
POINT	LONGTAIL	POINT	-	AQUISICAO	digital_currency	-	202610	PLANO V5	Device	 -   
POINT	LONGTAIL	POINT	-	AQUISICAO	digital_currency	-	202611	PLANO V5	Device	 -   
POINT	LONGTAIL	POINT	-	AQUISICAO	digital_currency	-	202612	PLANO V5	Device	 -   
POINT	LONGTAIL	POINT	-	AQUISICAO	ticket	-	202601	PLANO V5	Device	 -   
POINT	LONGTAIL	POINT	-	AQUISICAO	ticket	-	202602	PLANO V5	Device	 -   
POINT	LONGTAIL	POINT	-	AQUISICAO	ticket	-	202603	PLANO V5	Device	 -   
POINT	LONGTAIL	POINT	-	AQUISICAO	ticket	-	202604	PLANO V5	Device	 -   
POINT	LONGTAIL	POINT	-	AQUISICAO	ticket	-	202605	PLANO V5	Device	 -   
POINT	LONGTAIL	POINT	-	AQUISICAO	ticket	-	202606	PLANO V5	Device	 -   
POINT	LONGTAIL	POINT	-	AQUISICAO	ticket	-	202607	PLANO V5	Device	 -   
POINT	LONGTAIL	POINT	-	AQUISICAO	ticket	-	202608	PLANO V5	Device	 -   
POINT	LONGTAIL	POINT	-	AQUISICAO	ticket	-	202609	PLANO V5	Device	 -   
POINT	LONGTAIL	POINT	-	AQUISICAO	ticket	-	202610	PLANO V5	Device	 -   
POINT	LONGTAIL	POINT	-	AQUISICAO	ticket	-	202611	PLANO V5	Device	 -   
POINT	LONGTAIL	POINT	-	AQUISICAO	ticket	-	202612	PLANO V5	Device	 -   
POINT	LONGTAIL	POINT	-	LEGADO	account_money	-	202601	PLANO V5	Device	 -   
POINT	LONGTAIL	POINT	-	LEGADO	account_money	-	202602	PLANO V5	Device	 -   
POINT	LONGTAIL	POINT	-	LEGADO	account_money	-	202603	PLANO V5	Device	 -   
POINT	LONGTAIL	POINT	-	LEGADO	account_money	-	202604	PLANO V5	Device	 -   
POINT	LONGTAIL	POINT	-	LEGADO	account_money	-	202605	PLANO V5	Device	 -   
POINT	LONGTAIL	POINT	-	LEGADO	account_money	-	202606	PLANO V5	Device	 -   
POINT	LONGTAIL	POINT	-	LEGADO	account_money	-	202607	PLANO V5	Device	 -   
POINT	LONGTAIL	POINT	-	LEGADO	account_money	-	202608	PLANO V5	Device	 -   
POINT	LONGTAIL	POINT	-	LEGADO	account_money	-	202609	PLANO V5	Device	 -   
POINT	LONGTAIL	POINT	-	LEGADO	account_money	-	202610	PLANO V5	Device	 -   
POINT	LONGTAIL	POINT	-	LEGADO	account_money	-	202611	PLANO V5	Device	 -   
POINT	LONGTAIL	POINT	-	LEGADO	account_money	-	202612	PLANO V5	Device	 -   
POINT	LONGTAIL	POINT	-	LEGADO	bank_transfer	-	202601	PLANO V5	Device	 -   
POINT	LONGTAIL	POINT	-	LEGADO	bank_transfer	-	202602	PLANO V5	Device	 -   
POINT	LONGTAIL	POINT	-	LEGADO	bank_transfer	-	202603	PLANO V5	Device	 -   
POINT	LONGTAIL	POINT	-	LEGADO	bank_transfer	-	202604	PLANO V5	Device	 -   
POINT	LONGTAIL	POINT	-	LEGADO	bank_transfer	-	202605	PLANO V5	Device	 -   
POINT	LONGTAIL	POINT	-	LEGADO	bank_transfer	-	202606	PLANO V5	Device	 -   
POINT	LONGTAIL	POINT	-	LEGADO	bank_transfer	-	202607	PLANO V5	Device	 -   
POINT	LONGTAIL	POINT	-	LEGADO	bank_transfer	-	202608	PLANO V5	Device	 -   
POINT	LONGTAIL	POINT	-	LEGADO	bank_transfer	-	202609	PLANO V5	Device	 -   
POINT	LONGTAIL	POINT	-	LEGADO	bank_transfer	-	202610	PLANO V5	Device	 -   
POINT	LONGTAIL	POINT	-	LEGADO	bank_transfer	-	202611	PLANO V5	Device	 -   
POINT	LONGTAIL	POINT	-	LEGADO	bank_transfer	-	202612	PLANO V5	Device	 -   
POINT	LONGTAIL	POINT	-	LEGADO	consumer_credits	-	202601	PLANO V5	Device	 -   
POINT	LONGTAIL	POINT	-	LEGADO	consumer_credits	-	202602	PLANO V5	Device	 -   
POINT	LONGTAIL	POINT	-	LEGADO	consumer_credits	-	202603	PLANO V5	Device	 -   
POINT	LONGTAIL	POINT	-	LEGADO	consumer_credits	-	202604	PLANO V5	Device	 -   
POINT	LONGTAIL	POINT	-	LEGADO	consumer_credits	-	202605	PLANO V5	Device	 -   
POINT	LONGTAIL	POINT	-	LEGADO	consumer_credits	-	202606	PLANO V5	Device	 -   
POINT	LONGTAIL	POINT	-	LEGADO	consumer_credits	-	202607	PLANO V5	Device	 -   
POINT	LONGTAIL	POINT	-	LEGADO	consumer_credits	-	202608	PLANO V5	Device	 -   
POINT	LONGTAIL	POINT	-	LEGADO	consumer_credits	-	202609	PLANO V5	Device	 -   
POINT	LONGTAIL	POINT	-	LEGADO	consumer_credits	-	202610	PLANO V5	Device	 -   
POINT	LONGTAIL	POINT	-	LEGADO	consumer_credits	-	202611	PLANO V5	Device	 -   
POINT	LONGTAIL	POINT	-	LEGADO	consumer_credits	-	202612	PLANO V5	Device	 -   
POINT	LONGTAIL	POINT	-	LEGADO	credit_card	-	202601	PLANO V5	Device	 -   
POINT	LONGTAIL	POINT	-	LEGADO	credit_card	-	202602	PLANO V5	Device	 -   
POINT	LONGTAIL	POINT	-	LEGADO	credit_card	-	202603	PLANO V5	Device	 -   
POINT	LONGTAIL	POINT	-	LEGADO	credit_card	-	202604	PLANO V5	Device	 -   
POINT	LONGTAIL	POINT	-	LEGADO	credit_card	-	202605	PLANO V5	Device	 -   
POINT	LONGTAIL	POINT	-	LEGADO	credit_card	-	202606	PLANO V5	Device	 -   
POINT	LONGTAIL	POINT	-	LEGADO	credit_card	-	202607	PLANO V5	Device	 -   
POINT	LONGTAIL	POINT	-	LEGADO	credit_card	-	202608	PLANO V5	Device	 -   
POINT	LONGTAIL	POINT	-	LEGADO	credit_card	-	202609	PLANO V5	Device	 -   
POINT	LONGTAIL	POINT	-	LEGADO	credit_card	-	202610	PLANO V5	Device	 -   
POINT	LONGTAIL	POINT	-	LEGADO	credit_card	-	202611	PLANO V5	Device	 -   
POINT	LONGTAIL	POINT	-	LEGADO	credit_card	-	202612	PLANO V5	Device	 -   
POINT	LONGTAIL	POINT	-	LEGADO	credit_card	1x	202601	PLANO V5	Device	 1.539.898.641,00 
POINT	LONGTAIL	POINT	-	LEGADO	credit_card	1x	202602	PLANO V5	Device	 1.481.241.325,00 
POINT	LONGTAIL	POINT	-	LEGADO	credit_card	1x	202603	PLANO V5	Device	 1.596.797.972,00 
POINT	LONGTAIL	POINT	-	LEGADO	credit_card	1x	202604	PLANO V5	Device	 1.475.726.239,00 
POINT	LONGTAIL	POINT	-	LEGADO	credit_card	1x	202605	PLANO V5	Device	 1.492.803.963,00 
POINT	LONGTAIL	POINT	-	LEGADO	credit_card	1x	202606	PLANO V5	Device	 1.355.964.014,00 
POINT	LONGTAIL	POINT	-	LEGADO	credit_card	1x	202607	PLANO V5	Device	 1.360.261.760,00 
POINT	LONGTAIL	POINT	-	LEGADO	credit_card	1x	202608	PLANO V5	Device	 1.309.026.703,00 
POINT	LONGTAIL	POINT	-	LEGADO	credit_card	1x	202609	PLANO V5	Device	 1.228.501.694,00 
POINT	LONGTAIL	POINT	-	LEGADO	credit_card	1x	202610	PLANO V5	Device	 1.304.125.896,00 
POINT	LONGTAIL	POINT	-	LEGADO	credit_card	1x	202611	PLANO V5	Device	 1.294.884.006,00 
POINT	LONGTAIL	POINT	-	LEGADO	credit_card	1x	202612	PLANO V5	Device	 1.221.388.910,00 
POINT	LONGTAIL	POINT	-	LEGADO	credit_card	2 a 6x	202601	PLANO V5	Device	 1.223.150.596,00 
POINT	LONGTAIL	POINT	-	LEGADO	credit_card	2 a 6x	202602	PLANO V5	Device	 1.175.616.115,00 
POINT	LONGTAIL	POINT	-	LEGADO	credit_card	2 a 6x	202603	PLANO V5	Device	 1.230.290.616,00 
POINT	LONGTAIL	POINT	-	LEGADO	credit_card	2 a 6x	202604	PLANO V5	Device	 1.163.104.016,00 
POINT	LONGTAIL	POINT	-	LEGADO	credit_card	2 a 6x	202605	PLANO V5	Device	 1.153.219.334,00 
POINT	LONGTAIL	POINT	-	LEGADO	credit_card	2 a 6x	202606	PLANO V5	Device	 1.044.460.811,00 
POINT	LONGTAIL	POINT	-	LEGADO	credit_card	2 a 6x	202607	PLANO V5	Device	 1.069.285.191,00 
POINT	LONGTAIL	POINT	-	LEGADO	credit_card	2 a 6x	202608	PLANO V5	Device	 1.024.831.387,00 
POINT	LONGTAIL	POINT	-	LEGADO	credit_card	2 a 6x	202609	PLANO V5	Device	 963.348.229,00 
POINT	LONGTAIL	POINT	-	LEGADO	credit_card	2 a 6x	202610	PLANO V5	Device	 1.044.920.051,00 
POINT	LONGTAIL	POINT	-	LEGADO	credit_card	2 a 6x	202611	PLANO V5	Device	 982.748.185,00 
POINT	LONGTAIL	POINT	-	LEGADO	credit_card	2 a 6x	202612	PLANO V5	Device	 922.652.624,00 
POINT	LONGTAIL	POINT	-	LEGADO	credit_card	7 a 12x	202601	PLANO V5	Device	 496.784.611,00 
POINT	LONGTAIL	POINT	-	LEGADO	credit_card	7 a 12x	202602	PLANO V5	Device	 475.267.574,00 
POINT	LONGTAIL	POINT	-	LEGADO	credit_card	7 a 12x	202603	PLANO V5	Device	 492.334.915,00 
POINT	LONGTAIL	POINT	-	LEGADO	credit_card	7 a 12x	202604	PLANO V5	Device	 463.115.039,00 
POINT	LONGTAIL	POINT	-	LEGADO	credit_card	7 a 12x	202605	PLANO V5	Device	 455.165.338,00 
POINT	LONGTAIL	POINT	-	LEGADO	credit_card	7 a 12x	202606	PLANO V5	Device	 409.833.796,00 
POINT	LONGTAIL	POINT	-	LEGADO	credit_card	7 a 12x	202607	PLANO V5	Device	 416.539.250,00 
POINT	LONGTAIL	POINT	-	LEGADO	credit_card	7 a 12x	202608	PLANO V5	Device	 397.143.464,00 
POINT	LONGTAIL	POINT	-	LEGADO	credit_card	7 a 12x	202609	PLANO V5	Device	 370.960.191,00 
POINT	LONGTAIL	POINT	-	LEGADO	credit_card	7 a 12x	202610	PLANO V5	Device	 399.303.222,00 
POINT	LONGTAIL	POINT	-	LEGADO	credit_card	7 a 12x	202611	PLANO V5	Device	 373.223.706,00 
POINT	LONGTAIL	POINT	-	LEGADO	credit_card	7 a 12x	202612	PLANO V5	Device	 349.244.927,00 
POINT	LONGTAIL	POINT	-	LEGADO	credit_card	Maior que 12x	202601	PLANO V5	Device	 157.743,00 
POINT	LONGTAIL	POINT	-	LEGADO	credit_card	Maior que 12x	202602	PLANO V5	Device	 155.695,00 
POINT	LONGTAIL	POINT	-	LEGADO	credit_card	Maior que 12x	202603	PLANO V5	Device	 160.965,00 
POINT	LONGTAIL	POINT	-	LEGADO	credit_card	Maior que 12x	202604	PLANO V5	Device	 151.339,00 
POINT	LONGTAIL	POINT	-	LEGADO	credit_card	Maior que 12x	202605	PLANO V5	Device	 149.362,00 
POINT	LONGTAIL	POINT	-	LEGADO	credit_card	Maior que 12x	202606	PLANO V5	Device	 135.305,00 
POINT	LONGTAIL	POINT	-	LEGADO	credit_card	Maior que 12x	202607	PLANO V5	Device	 137.711,00 
POINT	LONGTAIL	POINT	-	LEGADO	credit_card	Maior que 12x	202608	PLANO V5	Device	 132.580,00 
POINT	LONGTAIL	POINT	-	LEGADO	credit_card	Maior que 12x	202609	PLANO V5	Device	 124.498,00 
POINT	LONGTAIL	POINT	-	LEGADO	credit_card	Maior que 12x	202610	PLANO V5	Device	 134.270,00 
POINT	LONGTAIL	POINT	-	LEGADO	credit_card	Maior que 12x	202611	PLANO V5	Device	 126.338,00 
POINT	LONGTAIL	POINT	-	LEGADO	credit_card	Maior que 12x	202612	PLANO V5	Device	 119.823,00 
POINT	LONGTAIL	POINT	-	LEGADO	debit_card	-	202601	PLANO V5	Device	 2.028.705.198,00 
POINT	LONGTAIL	POINT	-	LEGADO	debit_card	-	202602	PLANO V5	Device	 1.932.589.987,00 
POINT	LONGTAIL	POINT	-	LEGADO	debit_card	-	202603	PLANO V5	Device	 2.074.491.172,00 
POINT	LONGTAIL	POINT	-	LEGADO	debit_card	-	202604	PLANO V5	Device	 1.925.019.588,00 
POINT	LONGTAIL	POINT	-	LEGADO	debit_card	-	202605	PLANO V5	Device	 1.991.597.935,00 
POINT	LONGTAIL	POINT	-	LEGADO	debit_card	-	202606	PLANO V5	Device	 1.838.961.461,00 
POINT	LONGTAIL	POINT	-	LEGADO	debit_card	-	202607	PLANO V5	Device	 1.799.942.760,00 
POINT	LONGTAIL	POINT	-	LEGADO	debit_card	-	202608	PLANO V5	Device	 1.744.022.338,00 
POINT	LONGTAIL	POINT	-	LEGADO	debit_card	-	202609	PLANO V5	Device	 1.598.226.644,00 
POINT	LONGTAIL	POINT	-	LEGADO	debit_card	-	202610	PLANO V5	Device	 1.600.289.762,00 
POINT	LONGTAIL	POINT	-	LEGADO	debit_card	-	202611	PLANO V5	Device	 1.546.484.386,00 
POINT	LONGTAIL	POINT	-	LEGADO	debit_card	-	202612	PLANO V5	Device	 1.903.436.116,00 
POINT	LONGTAIL	POINT	-	LEGADO	digital_currency	-	202601	PLANO V5	Device	 -   
POINT	LONGTAIL	POINT	-	LEGADO	digital_currency	-	202602	PLANO V5	Device	 -   
POINT	LONGTAIL	POINT	-	LEGADO	digital_currency	-	202603	PLANO V5	Device	 -   
POINT	LONGTAIL	POINT	-	LEGADO	digital_currency	-	202604	PLANO V5	Device	 -   
POINT	LONGTAIL	POINT	-	LEGADO	digital_currency	-	202605	PLANO V5	Device	 -   
POINT	LONGTAIL	POINT	-	LEGADO	digital_currency	-	202606	PLANO V5	Device	 -   
POINT	LONGTAIL	POINT	-	LEGADO	digital_currency	-	202607	PLANO V5	Device	 -   
POINT	LONGTAIL	POINT	-	LEGADO	digital_currency	-	202608	PLANO V5	Device	 -   
POINT	LONGTAIL	POINT	-	LEGADO	digital_currency	-	202609	PLANO V5	Device	 -   
POINT	LONGTAIL	POINT	-	LEGADO	digital_currency	-	202610	PLANO V5	Device	 -   
POINT	LONGTAIL	POINT	-	LEGADO	digital_currency	-	202611	PLANO V5	Device	 -   
POINT	LONGTAIL	POINT	-	LEGADO	digital_currency	-	202612	PLANO V5	Device	 -   
POINT	LONGTAIL	POINT	-	LEGADO	ticket	-	202601	PLANO V5	Device	 -   
POINT	LONGTAIL	POINT	-	LEGADO	ticket	-	202602	PLANO V5	Device	 -   
POINT	LONGTAIL	POINT	-	LEGADO	ticket	-	202603	PLANO V5	Device	 -   
POINT	LONGTAIL	POINT	-	LEGADO	ticket	-	202604	PLANO V5	Device	 -   
POINT	LONGTAIL	POINT	-	LEGADO	ticket	-	202605	PLANO V5	Device	 -   
POINT	LONGTAIL	POINT	-	LEGADO	ticket	-	202606	PLANO V5	Device	 -   
POINT	LONGTAIL	POINT	-	LEGADO	ticket	-	202607	PLANO V5	Device	 -   
POINT	LONGTAIL	POINT	-	LEGADO	ticket	-	202608	PLANO V5	Device	 -   
POINT	LONGTAIL	POINT	-	LEGADO	ticket	-	202609	PLANO V5	Device	 -   
POINT	LONGTAIL	POINT	-	LEGADO	ticket	-	202610	PLANO V5	Device	 -   
POINT	LONGTAIL	POINT	-	LEGADO	ticket	-	202611	PLANO V5	Device	 -   
POINT	LONGTAIL	POINT	-	LEGADO	ticket	-	202612	PLANO V5	Device	 -   
POINT	LONGTAIL	TTP	-	AQUISICAO	account_money	-	202601	PLANO V5	TTP	 -   
POINT	LONGTAIL	TTP	-	AQUISICAO	account_money	-	202602	PLANO V5	TTP	 -   
POINT	LONGTAIL	TTP	-	AQUISICAO	account_money	-	202603	PLANO V5	TTP	 -   
POINT	LONGTAIL	TTP	-	AQUISICAO	account_money	-	202604	PLANO V5	TTP	 -   
POINT	LONGTAIL	TTP	-	AQUISICAO	account_money	-	202605	PLANO V5	TTP	 -   
POINT	LONGTAIL	TTP	-	AQUISICAO	account_money	-	202606	PLANO V5	TTP	 -   
POINT	LONGTAIL	TTP	-	AQUISICAO	account_money	-	202607	PLANO V5	TTP	 -   
POINT	LONGTAIL	TTP	-	AQUISICAO	account_money	-	202608	PLANO V5	TTP	 -   
POINT	LONGTAIL	TTP	-	AQUISICAO	account_money	-	202609	PLANO V5	TTP	 -   
POINT	LONGTAIL	TTP	-	AQUISICAO	account_money	-	202610	PLANO V5	TTP	 -   
POINT	LONGTAIL	TTP	-	AQUISICAO	account_money	-	202611	PLANO V5	TTP	 -   
POINT	LONGTAIL	TTP	-	AQUISICAO	account_money	-	202612	PLANO V5	TTP	 -   
POINT	LONGTAIL	TTP	-	AQUISICAO	bank_transfer	-	202601	PLANO V5	TTP	 -   
POINT	LONGTAIL	TTP	-	AQUISICAO	bank_transfer	-	202602	PLANO V5	TTP	 -   
POINT	LONGTAIL	TTP	-	AQUISICAO	bank_transfer	-	202603	PLANO V5	TTP	 -   
POINT	LONGTAIL	TTP	-	AQUISICAO	bank_transfer	-	202604	PLANO V5	TTP	 -   
POINT	LONGTAIL	TTP	-	AQUISICAO	bank_transfer	-	202605	PLANO V5	TTP	 -   
POINT	LONGTAIL	TTP	-	AQUISICAO	bank_transfer	-	202606	PLANO V5	TTP	 -   
POINT	LONGTAIL	TTP	-	AQUISICAO	bank_transfer	-	202607	PLANO V5	TTP	 -   
POINT	LONGTAIL	TTP	-	AQUISICAO	bank_transfer	-	202608	PLANO V5	TTP	 -   
POINT	LONGTAIL	TTP	-	AQUISICAO	bank_transfer	-	202609	PLANO V5	TTP	 -   
POINT	LONGTAIL	TTP	-	AQUISICAO	bank_transfer	-	202610	PLANO V5	TTP	 -   
POINT	LONGTAIL	TTP	-	AQUISICAO	bank_transfer	-	202611	PLANO V5	TTP	 -   
POINT	LONGTAIL	TTP	-	AQUISICAO	bank_transfer	-	202612	PLANO V5	TTP	 -   
POINT	LONGTAIL	TTP	-	AQUISICAO	consumer_credits	-	202601	PLANO V5	TTP	 -   
POINT	LONGTAIL	TTP	-	AQUISICAO	consumer_credits	-	202602	PLANO V5	TTP	 -   
POINT	LONGTAIL	TTP	-	AQUISICAO	consumer_credits	-	202603	PLANO V5	TTP	 -   
POINT	LONGTAIL	TTP	-	AQUISICAO	consumer_credits	-	202604	PLANO V5	TTP	 -   
POINT	LONGTAIL	TTP	-	AQUISICAO	consumer_credits	-	202605	PLANO V5	TTP	 -   
POINT	LONGTAIL	TTP	-	AQUISICAO	consumer_credits	-	202606	PLANO V5	TTP	 -   
POINT	LONGTAIL	TTP	-	AQUISICAO	consumer_credits	-	202607	PLANO V5	TTP	 -   
POINT	LONGTAIL	TTP	-	AQUISICAO	consumer_credits	-	202608	PLANO V5	TTP	 -   
POINT	LONGTAIL	TTP	-	AQUISICAO	consumer_credits	-	202609	PLANO V5	TTP	 -   
POINT	LONGTAIL	TTP	-	AQUISICAO	consumer_credits	-	202610	PLANO V5	TTP	 -   
POINT	LONGTAIL	TTP	-	AQUISICAO	consumer_credits	-	202611	PLANO V5	TTP	 -   
POINT	LONGTAIL	TTP	-	AQUISICAO	consumer_credits	-	202612	PLANO V5	TTP	 -   
POINT	LONGTAIL	TTP	-	AQUISICAO	credit_card	-	202601	PLANO V5	TTP	 -   
POINT	LONGTAIL	TTP	-	AQUISICAO	credit_card	-	202602	PLANO V5	TTP	 -   
POINT	LONGTAIL	TTP	-	AQUISICAO	credit_card	-	202603	PLANO V5	TTP	 -   
POINT	LONGTAIL	TTP	-	AQUISICAO	credit_card	-	202604	PLANO V5	TTP	 -   
POINT	LONGTAIL	TTP	-	AQUISICAO	credit_card	-	202605	PLANO V5	TTP	 -   
POINT	LONGTAIL	TTP	-	AQUISICAO	credit_card	-	202606	PLANO V5	TTP	 -   
POINT	LONGTAIL	TTP	-	AQUISICAO	credit_card	-	202607	PLANO V5	TTP	 -   
POINT	LONGTAIL	TTP	-	AQUISICAO	credit_card	-	202608	PLANO V5	TTP	 -   
POINT	LONGTAIL	TTP	-	AQUISICAO	credit_card	-	202609	PLANO V5	TTP	 -   
POINT	LONGTAIL	TTP	-	AQUISICAO	credit_card	-	202610	PLANO V5	TTP	 -   
POINT	LONGTAIL	TTP	-	AQUISICAO	credit_card	-	202611	PLANO V5	TTP	 -   
POINT	LONGTAIL	TTP	-	AQUISICAO	credit_card	-	202612	PLANO V5	TTP	 -   
POINT	LONGTAIL	TTP	-	AQUISICAO	credit_card	1x	202601	PLANO V5	TTP	 44.451.369,00 
POINT	LONGTAIL	TTP	-	AQUISICAO	credit_card	1x	202602	PLANO V5	TTP	 71.238.745,00 
POINT	LONGTAIL	TTP	-	AQUISICAO	credit_card	1x	202603	PLANO V5	TTP	 104.902.988,00 
POINT	LONGTAIL	TTP	-	AQUISICAO	credit_card	1x	202604	PLANO V5	TTP	 136.738.743,00 
POINT	LONGTAIL	TTP	-	AQUISICAO	credit_card	1x	202605	PLANO V5	TTP	 171.458.710,00 
POINT	LONGTAIL	TTP	-	AQUISICAO	credit_card	1x	202606	PLANO V5	TTP	 197.987.517,00 
POINT	LONGTAIL	TTP	-	AQUISICAO	credit_card	1x	202607	PLANO V5	TTP	 231.791.057,00 
POINT	LONGTAIL	TTP	-	AQUISICAO	credit_card	1x	202608	PLANO V5	TTP	 257.695.177,00 
POINT	LONGTAIL	TTP	-	AQUISICAO	credit_card	1x	202609	PLANO V5	TTP	 279.988.915,00 
POINT	LONGTAIL	TTP	-	AQUISICAO	credit_card	1x	202610	PLANO V5	TTP	 294.696.592,00 
POINT	LONGTAIL	TTP	-	AQUISICAO	credit_card	1x	202611	PLANO V5	TTP	 353.630.054,00 
POINT	LONGTAIL	TTP	-	AQUISICAO	credit_card	1x	202612	PLANO V5	TTP	 379.556.579,00 
POINT	LONGTAIL	TTP	-	AQUISICAO	credit_card	2 a 6x	202601	PLANO V5	TTP	 30.323.406,00 
POINT	LONGTAIL	TTP	-	AQUISICAO	credit_card	2 a 6x	202602	PLANO V5	TTP	 49.867.325,00 
POINT	LONGTAIL	TTP	-	AQUISICAO	credit_card	2 a 6x	202603	PLANO V5	TTP	 73.065.819,00 
POINT	LONGTAIL	TTP	-	AQUISICAO	credit_card	2 a 6x	202604	PLANO V5	TTP	 94.327.835,00 
POINT	LONGTAIL	TTP	-	AQUISICAO	credit_card	2 a 6x	202605	PLANO V5	TTP	 118.919.389,00 
POINT	LONGTAIL	TTP	-	AQUISICAO	credit_card	2 a 6x	202606	PLANO V5	TTP	 137.250.909,00 
POINT	LONGTAIL	TTP	-	AQUISICAO	credit_card	2 a 6x	202607	PLANO V5	TTP	 160.479.289,00 
POINT	LONGTAIL	TTP	-	AQUISICAO	credit_card	2 a 6x	202608	PLANO V5	TTP	 178.535.202,00 
POINT	LONGTAIL	TTP	-	AQUISICAO	credit_card	2 a 6x	202609	PLANO V5	TTP	 193.852.134,00 
POINT	LONGTAIL	TTP	-	AQUISICAO	credit_card	2 a 6x	202610	PLANO V5	TTP	 203.697.612,00 
POINT	LONGTAIL	TTP	-	AQUISICAO	credit_card	2 a 6x	202611	PLANO V5	TTP	 244.807.782,00 
POINT	LONGTAIL	TTP	-	AQUISICAO	credit_card	2 a 6x	202612	PLANO V5	TTP	 262.885.759,00 
POINT	LONGTAIL	TTP	-	AQUISICAO	credit_card	7 a 12x	202601	PLANO V5	TTP	 21.820.814,00 
POINT	LONGTAIL	TTP	-	AQUISICAO	credit_card	7 a 12x	202602	PLANO V5	TTP	 36.749.704,00 
POINT	LONGTAIL	TTP	-	AQUISICAO	credit_card	7 a 12x	202603	PLANO V5	TTP	 53.695.661,00 
POINT	LONGTAIL	TTP	-	AQUISICAO	credit_card	7 a 12x	202604	PLANO V5	TTP	 69.611.004,00 
POINT	LONGTAIL	TTP	-	AQUISICAO	credit_card	7 a 12x	202605	PLANO V5	TTP	 88.157.174,00 
POINT	LONGTAIL	TTP	-	AQUISICAO	credit_card	7 a 12x	202606	PLANO V5	TTP	 101.328.542,00 
POINT	LONGTAIL	TTP	-	AQUISICAO	credit_card	7 a 12x	202607	PLANO V5	TTP	 118.563.636,00 
POINT	LONGTAIL	TTP	-	AQUISICAO	credit_card	7 a 12x	202608	PLANO V5	TTP	 132.126.263,00 
POINT	LONGTAIL	TTP	-	AQUISICAO	credit_card	7 a 12x	202609	PLANO V5	TTP	 143.482.202,00 
POINT	LONGTAIL	TTP	-	AQUISICAO	credit_card	7 a 12x	202610	PLANO V5	TTP	 151.334.039,00 
POINT	LONGTAIL	TTP	-	AQUISICAO	credit_card	7 a 12x	202611	PLANO V5	TTP	 181.325.005,00 
POINT	LONGTAIL	TTP	-	AQUISICAO	credit_card	7 a 12x	202612	PLANO V5	TTP	 194.426.518,00 
POINT	LONGTAIL	TTP	-	AQUISICAO	credit_card	Maior que 12x	202601	PLANO V5	TTP	 -   
POINT	LONGTAIL	TTP	-	AQUISICAO	credit_card	Maior que 12x	202602	PLANO V5	TTP	 -   
POINT	LONGTAIL	TTP	-	AQUISICAO	credit_card	Maior que 12x	202603	PLANO V5	TTP	 -   
POINT	LONGTAIL	TTP	-	AQUISICAO	credit_card	Maior que 12x	202604	PLANO V5	TTP	 -   
POINT	LONGTAIL	TTP	-	AQUISICAO	credit_card	Maior que 12x	202605	PLANO V5	TTP	 -   
POINT	LONGTAIL	TTP	-	AQUISICAO	credit_card	Maior que 12x	202606	PLANO V5	TTP	 -   
POINT	LONGTAIL	TTP	-	AQUISICAO	credit_card	Maior que 12x	202607	PLANO V5	TTP	 -   
POINT	LONGTAIL	TTP	-	AQUISICAO	credit_card	Maior que 12x	202608	PLANO V5	TTP	 -   
POINT	LONGTAIL	TTP	-	AQUISICAO	credit_card	Maior que 12x	202609	PLANO V5	TTP	 -   
POINT	LONGTAIL	TTP	-	AQUISICAO	credit_card	Maior que 12x	202610	PLANO V5	TTP	 -   
POINT	LONGTAIL	TTP	-	AQUISICAO	credit_card	Maior que 12x	202611	PLANO V5	TTP	 -   
POINT	LONGTAIL	TTP	-	AQUISICAO	credit_card	Maior que 12x	202612	PLANO V5	TTP	 -   
POINT	LONGTAIL	TTP	-	AQUISICAO	debit_card	-	202601	PLANO V5	TTP	 10.153.571,00 
POINT	LONGTAIL	TTP	-	AQUISICAO	debit_card	-	202602	PLANO V5	TTP	 16.598.136,00 
POINT	LONGTAIL	TTP	-	AQUISICAO	debit_card	-	202603	PLANO V5	TTP	 24.379.902,00 
POINT	LONGTAIL	TTP	-	AQUISICAO	debit_card	-	202604	PLANO V5	TTP	 31.624.284,00 
POINT	LONGTAIL	TTP	-	AQUISICAO	debit_card	-	202605	PLANO V5	TTP	 39.810.215,00 
POINT	LONGTAIL	TTP	-	AQUISICAO	debit_card	-	202606	PLANO V5	TTP	 45.919.346,00 
POINT	LONGTAIL	TTP	-	AQUISICAO	debit_card	-	202607	PLANO V5	TTP	 53.735.474,00 
POINT	LONGTAIL	TTP	-	AQUISICAO	debit_card	-	202608	PLANO V5	TTP	 59.779.796,00 
POINT	LONGTAIL	TTP	-	AQUISICAO	debit_card	-	202609	PLANO V5	TTP	 64.930.625,00 
POINT	LONGTAIL	TTP	-	AQUISICAO	debit_card	-	202610	PLANO V5	TTP	 68.340.931,00 
POINT	LONGTAIL	TTP	-	AQUISICAO	debit_card	-	202611	PLANO V5	TTP	 82.018.677,00 
POINT	LONGTAIL	TTP	-	AQUISICAO	debit_card	-	202612	PLANO V5	TTP	 88.023.748,00 
POINT	LONGTAIL	TTP	-	AQUISICAO	digital_currency	-	202601	PLANO V5	TTP	 -   
POINT	LONGTAIL	TTP	-	AQUISICAO	digital_currency	-	202602	PLANO V5	TTP	 -   
POINT	LONGTAIL	TTP	-	AQUISICAO	digital_currency	-	202603	PLANO V5	TTP	 -   
POINT	LONGTAIL	TTP	-	AQUISICAO	digital_currency	-	202604	PLANO V5	TTP	 -   
POINT	LONGTAIL	TTP	-	AQUISICAO	digital_currency	-	202605	PLANO V5	TTP	 -   
POINT	LONGTAIL	TTP	-	AQUISICAO	digital_currency	-	202606	PLANO V5	TTP	 -   
POINT	LONGTAIL	TTP	-	AQUISICAO	digital_currency	-	202607	PLANO V5	TTP	 -   
POINT	LONGTAIL	TTP	-	AQUISICAO	digital_currency	-	202608	PLANO V5	TTP	 -   
POINT	LONGTAIL	TTP	-	AQUISICAO	digital_currency	-	202609	PLANO V5	TTP	 -   
POINT	LONGTAIL	TTP	-	AQUISICAO	digital_currency	-	202610	PLANO V5	TTP	 -   
POINT	LONGTAIL	TTP	-	AQUISICAO	digital_currency	-	202611	PLANO V5	TTP	 -   
POINT	LONGTAIL	TTP	-	AQUISICAO	digital_currency	-	202612	PLANO V5	TTP	 -   
POINT	LONGTAIL	TTP	-	AQUISICAO	ticket	-	202601	PLANO V5	TTP	 -   
POINT	LONGTAIL	TTP	-	AQUISICAO	ticket	-	202602	PLANO V5	TTP	 -   
POINT	LONGTAIL	TTP	-	AQUISICAO	ticket	-	202603	PLANO V5	TTP	 -   
POINT	LONGTAIL	TTP	-	AQUISICAO	ticket	-	202604	PLANO V5	TTP	 -   
POINT	LONGTAIL	TTP	-	AQUISICAO	ticket	-	202605	PLANO V5	TTP	 -   
POINT	LONGTAIL	TTP	-	AQUISICAO	ticket	-	202606	PLANO V5	TTP	 -   
POINT	LONGTAIL	TTP	-	AQUISICAO	ticket	-	202607	PLANO V5	TTP	 -   
POINT	LONGTAIL	TTP	-	AQUISICAO	ticket	-	202608	PLANO V5	TTP	 -   
POINT	LONGTAIL	TTP	-	AQUISICAO	ticket	-	202609	PLANO V5	TTP	 -   
POINT	LONGTAIL	TTP	-	AQUISICAO	ticket	-	202610	PLANO V5	TTP	 -   
POINT	LONGTAIL	TTP	-	AQUISICAO	ticket	-	202611	PLANO V5	TTP	 -   
POINT	LONGTAIL	TTP	-	AQUISICAO	ticket	-	202612	PLANO V5	TTP	 -   
POINT	LONGTAIL	TTP	-	LEGADO	account_money	-	202601	PLANO V5	TTP	 -   
POINT	LONGTAIL	TTP	-	LEGADO	account_money	-	202602	PLANO V5	TTP	 -   
POINT	LONGTAIL	TTP	-	LEGADO	account_money	-	202603	PLANO V5	TTP	 -   
POINT	LONGTAIL	TTP	-	LEGADO	account_money	-	202604	PLANO V5	TTP	 -   
POINT	LONGTAIL	TTP	-	LEGADO	account_money	-	202605	PLANO V5	TTP	 -   
POINT	LONGTAIL	TTP	-	LEGADO	account_money	-	202606	PLANO V5	TTP	 -   
POINT	LONGTAIL	TTP	-	LEGADO	account_money	-	202607	PLANO V5	TTP	 -   
POINT	LONGTAIL	TTP	-	LEGADO	account_money	-	202608	PLANO V5	TTP	 -   
POINT	LONGTAIL	TTP	-	LEGADO	account_money	-	202609	PLANO V5	TTP	 -   
POINT	LONGTAIL	TTP	-	LEGADO	account_money	-	202610	PLANO V5	TTP	 -   
POINT	LONGTAIL	TTP	-	LEGADO	account_money	-	202611	PLANO V5	TTP	 -   
POINT	LONGTAIL	TTP	-	LEGADO	account_money	-	202612	PLANO V5	TTP	 -   
POINT	LONGTAIL	TTP	-	LEGADO	bank_transfer	-	202601	PLANO V5	TTP	 -   
POINT	LONGTAIL	TTP	-	LEGADO	bank_transfer	-	202602	PLANO V5	TTP	 -   
POINT	LONGTAIL	TTP	-	LEGADO	bank_transfer	-	202603	PLANO V5	TTP	 -   
POINT	LONGTAIL	TTP	-	LEGADO	bank_transfer	-	202604	PLANO V5	TTP	 -   
POINT	LONGTAIL	TTP	-	LEGADO	bank_transfer	-	202605	PLANO V5	TTP	 -   
POINT	LONGTAIL	TTP	-	LEGADO	bank_transfer	-	202606	PLANO V5	TTP	 -   
POINT	LONGTAIL	TTP	-	LEGADO	bank_transfer	-	202607	PLANO V5	TTP	 -   
POINT	LONGTAIL	TTP	-	LEGADO	bank_transfer	-	202608	PLANO V5	TTP	 -   
POINT	LONGTAIL	TTP	-	LEGADO	bank_transfer	-	202609	PLANO V5	TTP	 -   
POINT	LONGTAIL	TTP	-	LEGADO	bank_transfer	-	202610	PLANO V5	TTP	 -   
POINT	LONGTAIL	TTP	-	LEGADO	bank_transfer	-	202611	PLANO V5	TTP	 -   
POINT	LONGTAIL	TTP	-	LEGADO	bank_transfer	-	202612	PLANO V5	TTP	 -   
POINT	LONGTAIL	TTP	-	LEGADO	consumer_credits	-	202601	PLANO V5	TTP	 -   
POINT	LONGTAIL	TTP	-	LEGADO	consumer_credits	-	202602	PLANO V5	TTP	 -   
POINT	LONGTAIL	TTP	-	LEGADO	consumer_credits	-	202603	PLANO V5	TTP	 -   
POINT	LONGTAIL	TTP	-	LEGADO	consumer_credits	-	202604	PLANO V5	TTP	 -   
POINT	LONGTAIL	TTP	-	LEGADO	consumer_credits	-	202605	PLANO V5	TTP	 -   
POINT	LONGTAIL	TTP	-	LEGADO	consumer_credits	-	202606	PLANO V5	TTP	 -   
POINT	LONGTAIL	TTP	-	LEGADO	consumer_credits	-	202607	PLANO V5	TTP	 -   
POINT	LONGTAIL	TTP	-	LEGADO	consumer_credits	-	202608	PLANO V5	TTP	 -   
POINT	LONGTAIL	TTP	-	LEGADO	consumer_credits	-	202609	PLANO V5	TTP	 -   
POINT	LONGTAIL	TTP	-	LEGADO	consumer_credits	-	202610	PLANO V5	TTP	 -   
POINT	LONGTAIL	TTP	-	LEGADO	consumer_credits	-	202611	PLANO V5	TTP	 -   
POINT	LONGTAIL	TTP	-	LEGADO	consumer_credits	-	202612	PLANO V5	TTP	 -   
POINT	LONGTAIL	TTP	-	LEGADO	credit_card	-	202601	PLANO V5	TTP	 -   
POINT	LONGTAIL	TTP	-	LEGADO	credit_card	-	202602	PLANO V5	TTP	 -   
POINT	LONGTAIL	TTP	-	LEGADO	credit_card	-	202603	PLANO V5	TTP	 -   
POINT	LONGTAIL	TTP	-	LEGADO	credit_card	-	202604	PLANO V5	TTP	 -   
POINT	LONGTAIL	TTP	-	LEGADO	credit_card	-	202605	PLANO V5	TTP	 -   
POINT	LONGTAIL	TTP	-	LEGADO	credit_card	-	202606	PLANO V5	TTP	 -   
POINT	LONGTAIL	TTP	-	LEGADO	credit_card	-	202607	PLANO V5	TTP	 -   
POINT	LONGTAIL	TTP	-	LEGADO	credit_card	-	202608	PLANO V5	TTP	 -   
POINT	LONGTAIL	TTP	-	LEGADO	credit_card	-	202609	PLANO V5	TTP	 -   
POINT	LONGTAIL	TTP	-	LEGADO	credit_card	-	202610	PLANO V5	TTP	 -   
POINT	LONGTAIL	TTP	-	LEGADO	credit_card	-	202611	PLANO V5	TTP	 -   
POINT	LONGTAIL	TTP	-	LEGADO	credit_card	-	202612	PLANO V5	TTP	 -   
POINT	LONGTAIL	TTP	-	LEGADO	credit_card	1x	202601	PLANO V5	TTP	 443.533.265,00 
POINT	LONGTAIL	TTP	-	LEGADO	credit_card	1x	202602	PLANO V5	TTP	 439.672.424,00 
POINT	LONGTAIL	TTP	-	LEGADO	credit_card	1x	202603	PLANO V5	TTP	 478.989.113,00 
POINT	LONGTAIL	TTP	-	LEGADO	credit_card	1x	202604	PLANO V5	TTP	 453.913.820,00 
POINT	LONGTAIL	TTP	-	LEGADO	credit_card	1x	202605	PLANO V5	TTP	 471.203.673,00 
POINT	LONGTAIL	TTP	-	LEGADO	credit_card	1x	202606	PLANO V5	TTP	 440.660.560,00 
POINT	LONGTAIL	TTP	-	LEGADO	credit_card	1x	202607	PLANO V5	TTP	 453.056.855,00 
POINT	LONGTAIL	TTP	-	LEGADO	credit_card	1x	202608	PLANO V5	TTP	 450.141.721,00 
POINT	LONGTAIL	TTP	-	LEGADO	credit_card	1x	202609	PLANO V5	TTP	 435.619.944,00 
POINT	LONGTAIL	TTP	-	LEGADO	credit_card	1x	202610	PLANO V5	TTP	 441.015.048,00 
POINT	LONGTAIL	TTP	-	LEGADO	credit_card	1x	202611	PLANO V5	TTP	 452.675.136,00 
POINT	LONGTAIL	TTP	-	LEGADO	credit_card	1x	202612	PLANO V5	TTP	 466.623.383,00 
POINT	LONGTAIL	TTP	-	LEGADO	credit_card	2 a 6x	202601	PLANO V5	TTP	 310.083.344,00 
POINT	LONGTAIL	TTP	-	LEGADO	credit_card	2 a 6x	202602	PLANO V5	TTP	 326.555.175,00 
POINT	LONGTAIL	TTP	-	LEGADO	credit_card	2 a 6x	202603	PLANO V5	TTP	 347.184.509,00 
POINT	LONGTAIL	TTP	-	LEGADO	credit_card	2 a 6x	202604	PLANO V5	TTP	 329.706.913,00 
POINT	LONGTAIL	TTP	-	LEGADO	credit_card	2 a 6x	202605	PLANO V5	TTP	 340.089.094,00 
POINT	LONGTAIL	TTP	-	LEGADO	credit_card	2 a 6x	202606	PLANO V5	TTP	 326.173.395,00 
POINT	LONGTAIL	TTP	-	LEGADO	credit_card	2 a 6x	202607	PLANO V5	TTP	 331.458.003,00 
POINT	LONGTAIL	TTP	-	LEGADO	credit_card	2 a 6x	202608	PLANO V5	TTP	 330.312.677,00 
POINT	LONGTAIL	TTP	-	LEGADO	credit_card	2 a 6x	202609	PLANO V5	TTP	 321.247.364,00 
POINT	LONGTAIL	TTP	-	LEGADO	credit_card	2 a 6x	202610	PLANO V5	TTP	 324.707.869,00 
POINT	LONGTAIL	TTP	-	LEGADO	credit_card	2 a 6x	202611	PLANO V5	TTP	 334.730.876,00 
POINT	LONGTAIL	TTP	-	LEGADO	credit_card	2 a 6x	202612	PLANO V5	TTP	 358.275.941,00 
POINT	LONGTAIL	TTP	-	LEGADO	credit_card	7 a 12x	202601	PLANO V5	TTP	 265.560.736,00 
POINT	LONGTAIL	TTP	-	LEGADO	credit_card	7 a 12x	202602	PLANO V5	TTP	 246.001.511,00 
POINT	LONGTAIL	TTP	-	LEGADO	credit_card	7 a 12x	202603	PLANO V5	TTP	 266.592.626,00 
POINT	LONGTAIL	TTP	-	LEGADO	credit_card	7 a 12x	202604	PLANO V5	TTP	 259.582.861,00 
POINT	LONGTAIL	TTP	-	LEGADO	credit_card	7 a 12x	202605	PLANO V5	TTP	 261.681.009,00 
POINT	LONGTAIL	TTP	-	LEGADO	credit_card	7 a 12x	202606	PLANO V5	TTP	 252.550.542,00 
POINT	LONGTAIL	TTP	-	LEGADO	credit_card	7 a 12x	202607	PLANO V5	TTP	 255.765.602,00 
POINT	LONGTAIL	TTP	-	LEGADO	credit_card	7 a 12x	202608	PLANO V5	TTP	 252.806.955,00 
POINT	LONGTAIL	TTP	-	LEGADO	credit_card	7 a 12x	202609	PLANO V5	TTP	 245.747.839,00 
POINT	LONGTAIL	TTP	-	LEGADO	credit_card	7 a 12x	202610	PLANO V5	TTP	 247.601.537,00 
POINT	LONGTAIL	TTP	-	LEGADO	credit_card	7 a 12x	202611	PLANO V5	TTP	 252.948.196,00 
POINT	LONGTAIL	TTP	-	LEGADO	credit_card	7 a 12x	202612	PLANO V5	TTP	 269.942.901,00 
POINT	LONGTAIL	TTP	-	LEGADO	credit_card	Maior que 12x	202601	PLANO V5	TTP	 -   
POINT	LONGTAIL	TTP	-	LEGADO	credit_card	Maior que 12x	202602	PLANO V5	TTP	 -   
POINT	LONGTAIL	TTP	-	LEGADO	credit_card	Maior que 12x	202603	PLANO V5	TTP	 -   
POINT	LONGTAIL	TTP	-	LEGADO	credit_card	Maior que 12x	202604	PLANO V5	TTP	 -   
POINT	LONGTAIL	TTP	-	LEGADO	credit_card	Maior que 12x	202605	PLANO V5	TTP	 -   
POINT	LONGTAIL	TTP	-	LEGADO	credit_card	Maior que 12x	202606	PLANO V5	TTP	 -   
POINT	LONGTAIL	TTP	-	LEGADO	credit_card	Maior que 12x	202607	PLANO V5	TTP	 -   
POINT	LONGTAIL	TTP	-	LEGADO	credit_card	Maior que 12x	202608	PLANO V5	TTP	 -   
POINT	LONGTAIL	TTP	-	LEGADO	credit_card	Maior que 12x	202609	PLANO V5	TTP	 -   
POINT	LONGTAIL	TTP	-	LEGADO	credit_card	Maior que 12x	202610	PLANO V5	TTP	 -   
POINT	LONGTAIL	TTP	-	LEGADO	credit_card	Maior que 12x	202611	PLANO V5	TTP	 -   
POINT	LONGTAIL	TTP	-	LEGADO	credit_card	Maior que 12x	202612	PLANO V5	TTP	 -   
POINT	LONGTAIL	TTP	-	LEGADO	debit_card	-	202601	PLANO V5	TTP	 97.586.563,00 
POINT	LONGTAIL	TTP	-	LEGADO	debit_card	-	202602	PLANO V5	TTP	 96.840.244,00 
POINT	LONGTAIL	TTP	-	LEGADO	debit_card	-	202603	PLANO V5	TTP	 104.498.884,00 
POINT	LONGTAIL	TTP	-	LEGADO	debit_card	-	202604	PLANO V5	TTP	 99.810.413,00 
POINT	LONGTAIL	TTP	-	LEGADO	debit_card	-	202605	PLANO V5	TTP	 102.663.547,00 
POINT	LONGTAIL	TTP	-	LEGADO	debit_card	-	202606	PLANO V5	TTP	 97.518.469,00 
POINT	LONGTAIL	TTP	-	LEGADO	debit_card	-	202607	PLANO V5	TTP	 99.515.846,00 
POINT	LONGTAIL	TTP	-	LEGADO	debit_card	-	202608	PLANO V5	TTP	 98.853.336,00 
POINT	LONGTAIL	TTP	-	LEGADO	debit_card	-	202609	PLANO V5	TTP	 95.919.962,00 
POINT	LONGTAIL	TTP	-	LEGADO	debit_card	-	202610	PLANO V5	TTP	 96.941.594,00 
POINT	LONGTAIL	TTP	-	LEGADO	debit_card	-	202611	PLANO V5	TTP	 99.528.179,00 
POINT	LONGTAIL	TTP	-	LEGADO	debit_card	-	202612	PLANO V5	TTP	 104.742.304,00 
POINT	LONGTAIL	TTP	-	LEGADO	digital_currency	-	202601	PLANO V5	TTP	 -   
POINT	LONGTAIL	TTP	-	LEGADO	digital_currency	-	202602	PLANO V5	TTP	 -   
POINT	LONGTAIL	TTP	-	LEGADO	digital_currency	-	202603	PLANO V5	TTP	 -   
POINT	LONGTAIL	TTP	-	LEGADO	digital_currency	-	202604	PLANO V5	TTP	 -   
POINT	LONGTAIL	TTP	-	LEGADO	digital_currency	-	202605	PLANO V5	TTP	 -   
POINT	LONGTAIL	TTP	-	LEGADO	digital_currency	-	202606	PLANO V5	TTP	 -   
POINT	LONGTAIL	TTP	-	LEGADO	digital_currency	-	202607	PLANO V5	TTP	 -   
POINT	LONGTAIL	TTP	-	LEGADO	digital_currency	-	202608	PLANO V5	TTP	 -   
POINT	LONGTAIL	TTP	-	LEGADO	digital_currency	-	202609	PLANO V5	TTP	 -   
POINT	LONGTAIL	TTP	-	LEGADO	digital_currency	-	202610	PLANO V5	TTP	 -   
POINT	LONGTAIL	TTP	-	LEGADO	digital_currency	-	202611	PLANO V5	TTP	 -   
POINT	LONGTAIL	TTP	-	LEGADO	digital_currency	-	202612	PLANO V5	TTP	 -   
POINT	LONGTAIL	TTP	-	LEGADO	ticket	-	202601	PLANO V5	TTP	 -   
POINT	LONGTAIL	TTP	-	LEGADO	ticket	-	202602	PLANO V5	TTP	 -   
POINT	LONGTAIL	TTP	-	LEGADO	ticket	-	202603	PLANO V5	TTP	 -   
POINT	LONGTAIL	TTP	-	LEGADO	ticket	-	202604	PLANO V5	TTP	 -   
POINT	LONGTAIL	TTP	-	LEGADO	ticket	-	202605	PLANO V5	TTP	 -   
POINT	LONGTAIL	TTP	-	LEGADO	ticket	-	202606	PLANO V5	TTP	 -   
POINT	LONGTAIL	TTP	-	LEGADO	ticket	-	202607	PLANO V5	TTP	 -   
POINT	LONGTAIL	TTP	-	LEGADO	ticket	-	202608	PLANO V5	TTP	 -   
POINT	LONGTAIL	TTP	-	LEGADO	ticket	-	202609	PLANO V5	TTP	 -   
POINT	LONGTAIL	TTP	-	LEGADO	ticket	-	202610	PLANO V5	TTP	 -   
POINT	LONGTAIL	TTP	-	LEGADO	ticket	-	202611	PLANO V5	TTP	 -   
POINT	LONGTAIL	TTP	-	LEGADO	ticket	-	202612	PLANO V5	TTP	 -   
POINT	SMB	POINT	-	AQUISICAO	account_money	-	202601	PLANO V5	Device	 -   
POINT	SMB	POINT	-	AQUISICAO	account_money	-	202602	PLANO V5	Device	 -   
POINT	SMB	POINT	-	AQUISICAO	account_money	-	202603	PLANO V5	Device	 -   
POINT	SMB	POINT	-	AQUISICAO	account_money	-	202604	PLANO V5	Device	 -   
POINT	SMB	POINT	-	AQUISICAO	account_money	-	202605	PLANO V5	Device	 -   
POINT	SMB	POINT	-	AQUISICAO	account_money	-	202606	PLANO V5	Device	 -   
POINT	SMB	POINT	-	AQUISICAO	account_money	-	202607	PLANO V5	Device	 -   
POINT	SMB	POINT	-	AQUISICAO	account_money	-	202608	PLANO V5	Device	 -   
POINT	SMB	POINT	-	AQUISICAO	account_money	-	202609	PLANO V5	Device	 -   
POINT	SMB	POINT	-	AQUISICAO	account_money	-	202610	PLANO V5	Device	 -   
POINT	SMB	POINT	-	AQUISICAO	account_money	-	202611	PLANO V5	Device	 -   
POINT	SMB	POINT	-	AQUISICAO	account_money	-	202612	PLANO V5	Device	 -   
POINT	SMB	POINT	-	AQUISICAO	bank_transfer	-	202601	PLANO V5	Device	 -   
POINT	SMB	POINT	-	AQUISICAO	bank_transfer	-	202602	PLANO V5	Device	 -   
POINT	SMB	POINT	-	AQUISICAO	bank_transfer	-	202603	PLANO V5	Device	 -   
POINT	SMB	POINT	-	AQUISICAO	bank_transfer	-	202604	PLANO V5	Device	 -   
POINT	SMB	POINT	-	AQUISICAO	bank_transfer	-	202605	PLANO V5	Device	 -   
POINT	SMB	POINT	-	AQUISICAO	bank_transfer	-	202606	PLANO V5	Device	 -   
POINT	SMB	POINT	-	AQUISICAO	bank_transfer	-	202607	PLANO V5	Device	 -   
POINT	SMB	POINT	-	AQUISICAO	bank_transfer	-	202608	PLANO V5	Device	 -   
POINT	SMB	POINT	-	AQUISICAO	bank_transfer	-	202609	PLANO V5	Device	 -   
POINT	SMB	POINT	-	AQUISICAO	bank_transfer	-	202610	PLANO V5	Device	 -   
POINT	SMB	POINT	-	AQUISICAO	bank_transfer	-	202611	PLANO V5	Device	 -   
POINT	SMB	POINT	-	AQUISICAO	bank_transfer	-	202612	PLANO V5	Device	 -   
POINT	SMB	POINT	-	AQUISICAO	consumer_credits	-	202601	PLANO V5	Device	 -   
POINT	SMB	POINT	-	AQUISICAO	consumer_credits	-	202602	PLANO V5	Device	 -   
POINT	SMB	POINT	-	AQUISICAO	consumer_credits	-	202603	PLANO V5	Device	 -   
POINT	SMB	POINT	-	AQUISICAO	consumer_credits	-	202604	PLANO V5	Device	 -   
POINT	SMB	POINT	-	AQUISICAO	consumer_credits	-	202605	PLANO V5	Device	 -   
POINT	SMB	POINT	-	AQUISICAO	consumer_credits	-	202606	PLANO V5	Device	 -   
POINT	SMB	POINT	-	AQUISICAO	consumer_credits	-	202607	PLANO V5	Device	 -   
POINT	SMB	POINT	-	AQUISICAO	consumer_credits	-	202608	PLANO V5	Device	 -   
POINT	SMB	POINT	-	AQUISICAO	consumer_credits	-	202609	PLANO V5	Device	 -   
POINT	SMB	POINT	-	AQUISICAO	consumer_credits	-	202610	PLANO V5	Device	 -   
POINT	SMB	POINT	-	AQUISICAO	consumer_credits	-	202611	PLANO V5	Device	 -   
POINT	SMB	POINT	-	AQUISICAO	consumer_credits	-	202612	PLANO V5	Device	 -   
POINT	SMB	POINT	-	AQUISICAO	credit_card	-	202601	PLANO V5	Device	 -   
POINT	SMB	POINT	-	AQUISICAO	credit_card	-	202602	PLANO V5	Device	 -   
POINT	SMB	POINT	-	AQUISICAO	credit_card	-	202603	PLANO V5	Device	 -   
POINT	SMB	POINT	-	AQUISICAO	credit_card	-	202604	PLANO V5	Device	 -   
POINT	SMB	POINT	-	AQUISICAO	credit_card	-	202605	PLANO V5	Device	 -   
POINT	SMB	POINT	-	AQUISICAO	credit_card	-	202606	PLANO V5	Device	 -   
POINT	SMB	POINT	-	AQUISICAO	credit_card	-	202607	PLANO V5	Device	 -   
POINT	SMB	POINT	-	AQUISICAO	credit_card	-	202608	PLANO V5	Device	 -   
POINT	SMB	POINT	-	AQUISICAO	credit_card	-	202609	PLANO V5	Device	 -   
POINT	SMB	POINT	-	AQUISICAO	credit_card	-	202610	PLANO V5	Device	 -   
POINT	SMB	POINT	-	AQUISICAO	credit_card	-	202611	PLANO V5	Device	 -   
POINT	SMB	POINT	-	AQUISICAO	credit_card	-	202612	PLANO V5	Device	 -   
POINT	SMB	POINT	-	AQUISICAO	credit_card	1x	202601	PLANO V5	Device	 41.393.808,00 
POINT	SMB	POINT	-	AQUISICAO	credit_card	1x	202602	PLANO V5	Device	 121.441.126,00 
POINT	SMB	POINT	-	AQUISICAO	credit_card	1x	202603	PLANO V5	Device	 228.203.493,00 
POINT	SMB	POINT	-	AQUISICAO	credit_card	1x	202604	PLANO V5	Device	 309.527.569,00 
POINT	SMB	POINT	-	AQUISICAO	credit_card	1x	202605	PLANO V5	Device	 401.933.421,00 
POINT	SMB	POINT	-	AQUISICAO	credit_card	1x	202606	PLANO V5	Device	 483.625.597,00 
POINT	SMB	POINT	-	AQUISICAO	credit_card	1x	202607	PLANO V5	Device	 573.459.437,00 
POINT	SMB	POINT	-	AQUISICAO	credit_card	1x	202608	PLANO V5	Device	 661.911.749,00 
POINT	SMB	POINT	-	AQUISICAO	credit_card	1x	202609	PLANO V5	Device	 738.358.534,00 
POINT	SMB	POINT	-	AQUISICAO	credit_card	1x	202610	PLANO V5	Device	 822.910.577,00 
POINT	SMB	POINT	-	AQUISICAO	credit_card	1x	202611	PLANO V5	Device	 901.810.784,00 
POINT	SMB	POINT	-	AQUISICAO	credit_card	1x	202612	PLANO V5	Device	 1.070.593.055,00 
POINT	SMB	POINT	-	AQUISICAO	credit_card	2 a 6x	202601	PLANO V5	Device	 33.982.210,00 
POINT	SMB	POINT	-	AQUISICAO	credit_card	2 a 6x	202602	PLANO V5	Device	 102.609.160,00 
POINT	SMB	POINT	-	AQUISICAO	credit_card	2 a 6x	202603	PLANO V5	Device	 199.011.178,00 
POINT	SMB	POINT	-	AQUISICAO	credit_card	2 a 6x	202604	PLANO V5	Device	 285.513.266,00 
POINT	SMB	POINT	-	AQUISICAO	credit_card	2 a 6x	202605	PLANO V5	Device	 371.402.118,00 
POINT	SMB	POINT	-	AQUISICAO	credit_card	2 a 6x	202606	PLANO V5	Device	 445.966.217,00 
POINT	SMB	POINT	-	AQUISICAO	credit_card	2 a 6x	202607	PLANO V5	Device	 526.039.584,00 
POINT	SMB	POINT	-	AQUISICAO	credit_card	2 a 6x	202608	PLANO V5	Device	 605.787.500,00 
POINT	SMB	POINT	-	AQUISICAO	credit_card	2 a 6x	202609	PLANO V5	Device	 673.424.994,00 
POINT	SMB	POINT	-	AQUISICAO	credit_card	2 a 6x	202610	PLANO V5	Device	 746.564.125,00 
POINT	SMB	POINT	-	AQUISICAO	credit_card	2 a 6x	202611	PLANO V5	Device	 795.952.739,00 
POINT	SMB	POINT	-	AQUISICAO	credit_card	2 a 6x	202612	PLANO V5	Device	 887.987.778,00 
POINT	SMB	POINT	-	AQUISICAO	credit_card	7 a 12x	202601	PLANO V5	Device	 14.143.324,00 
POINT	SMB	POINT	-	AQUISICAO	credit_card	7 a 12x	202602	PLANO V5	Device	 41.888.307,00 
POINT	SMB	POINT	-	AQUISICAO	credit_card	7 a 12x	202603	PLANO V5	Device	 80.303.705,00 
POINT	SMB	POINT	-	AQUISICAO	credit_card	7 a 12x	202604	PLANO V5	Device	 113.695.876,00 
POINT	SMB	POINT	-	AQUISICAO	credit_card	7 a 12x	202605	PLANO V5	Device	 147.370.508,00 
POINT	SMB	POINT	-	AQUISICAO	credit_card	7 a 12x	202606	PLANO V5	Device	 175.821.521,00 
POINT	SMB	POINT	-	AQUISICAO	credit_card	7 a 12x	202607	PLANO V5	Device	 206.636.507,00 
POINT	SMB	POINT	-	AQUISICAO	credit_card	7 a 12x	202608	PLANO V5	Device	 237.015.985,00 
POINT	SMB	POINT	-	AQUISICAO	credit_card	7 a 12x	202609	PLANO V5	Device	 262.499.126,00 
POINT	SMB	POINT	-	AQUISICAO	credit_card	7 a 12x	202610	PLANO V5	Device	 290.298.021,00 
POINT	SMB	POINT	-	AQUISICAO	credit_card	7 a 12x	202611	PLANO V5	Device	 309.050.748,00 
POINT	SMB	POINT	-	AQUISICAO	credit_card	7 a 12x	202612	PLANO V5	Device	 343.116.983,00 
POINT	SMB	POINT	-	AQUISICAO	credit_card	Maior que 12x	202601	PLANO V5	Device	 207.444,00 
POINT	SMB	POINT	-	AQUISICAO	credit_card	Maior que 12x	202602	PLANO V5	Device	 671.743,00 
POINT	SMB	POINT	-	AQUISICAO	credit_card	Maior que 12x	202603	PLANO V5	Device	 1.377.848,00 
POINT	SMB	POINT	-	AQUISICAO	credit_card	Maior que 12x	202604	PLANO V5	Device	 2.072.288,00 
POINT	SMB	POINT	-	AQUISICAO	credit_card	Maior que 12x	202605	PLANO V5	Device	 2.749.636,00 
POINT	SMB	POINT	-	AQUISICAO	credit_card	Maior que 12x	202606	PLANO V5	Device	 3.384.581,00 
POINT	SMB	POINT	-	AQUISICAO	credit_card	Maior que 12x	202607	PLANO V5	Device	 4.057.629,00 
POINT	SMB	POINT	-	AQUISICAO	credit_card	Maior que 12x	202608	PLANO V5	Device	 4.756.413,00 
POINT	SMB	POINT	-	AQUISICAO	credit_card	Maior que 12x	202609	PLANO V5	Device	 5.391.763,00 
POINT	SMB	POINT	-	AQUISICAO	credit_card	Maior que 12x	202610	PLANO V5	Device	 6.071.005,00 
POINT	SMB	POINT	-	AQUISICAO	credit_card	Maior que 12x	202611	PLANO V5	Device	 6.557.588,00 
POINT	SMB	POINT	-	AQUISICAO	credit_card	Maior que 12x	202612	PLANO V5	Device	 7.515.084,00 
POINT	SMB	POINT	-	AQUISICAO	debit_card	-	202601	PLANO V5	Device	 54.712.500,00 
POINT	SMB	POINT	-	AQUISICAO	debit_card	-	202602	PLANO V5	Device	 166.040.913,00 
POINT	SMB	POINT	-	AQUISICAO	debit_card	-	202603	PLANO V5	Device	 306.560.709,00 
POINT	SMB	POINT	-	AQUISICAO	debit_card	-	202604	PLANO V5	Device	 402.018.198,00 
POINT	SMB	POINT	-	AQUISICAO	debit_card	-	202605	PLANO V5	Device	 521.116.384,00 
POINT	SMB	POINT	-	AQUISICAO	debit_card	-	202606	PLANO V5	Device	 629.797.049,00 
POINT	SMB	POINT	-	AQUISICAO	debit_card	-	202607	PLANO V5	Device	 746.819.279,00 
POINT	SMB	POINT	-	AQUISICAO	debit_card	-	202608	PLANO V5	Device	 862.188.890,00 
POINT	SMB	POINT	-	AQUISICAO	debit_card	-	202609	PLANO V5	Device	 962.353.881,00 
POINT	SMB	POINT	-	AQUISICAO	debit_card	-	202610	PLANO V5	Device	 1.071.706.788,00 
POINT	SMB	POINT	-	AQUISICAO	debit_card	-	202611	PLANO V5	Device	 1.195.861.449,00 
POINT	SMB	POINT	-	AQUISICAO	debit_card	-	202612	PLANO V5	Device	 1.629.612.460,00 
POINT	SMB	POINT	-	AQUISICAO	digital_currency	-	202601	PLANO V5	Device	 -   
POINT	SMB	POINT	-	AQUISICAO	digital_currency	-	202602	PLANO V5	Device	 -   
POINT	SMB	POINT	-	AQUISICAO	digital_currency	-	202603	PLANO V5	Device	 -   
POINT	SMB	POINT	-	AQUISICAO	digital_currency	-	202604	PLANO V5	Device	 -   
POINT	SMB	POINT	-	AQUISICAO	digital_currency	-	202605	PLANO V5	Device	 -   
POINT	SMB	POINT	-	AQUISICAO	digital_currency	-	202606	PLANO V5	Device	 -   
POINT	SMB	POINT	-	AQUISICAO	digital_currency	-	202607	PLANO V5	Device	 -   
POINT	SMB	POINT	-	AQUISICAO	digital_currency	-	202608	PLANO V5	Device	 -   
POINT	SMB	POINT	-	AQUISICAO	digital_currency	-	202609	PLANO V5	Device	 -   
POINT	SMB	POINT	-	AQUISICAO	digital_currency	-	202610	PLANO V5	Device	 -   
POINT	SMB	POINT	-	AQUISICAO	digital_currency	-	202611	PLANO V5	Device	 -   
POINT	SMB	POINT	-	AQUISICAO	digital_currency	-	202612	PLANO V5	Device	 -   
POINT	SMB	POINT	-	AQUISICAO	ticket	-	202601	PLANO V5	Device	 -   
POINT	SMB	POINT	-	AQUISICAO	ticket	-	202602	PLANO V5	Device	 -   
POINT	SMB	POINT	-	AQUISICAO	ticket	-	202603	PLANO V5	Device	 -   
POINT	SMB	POINT	-	AQUISICAO	ticket	-	202604	PLANO V5	Device	 -   
POINT	SMB	POINT	-	AQUISICAO	ticket	-	202605	PLANO V5	Device	 -   
POINT	SMB	POINT	-	AQUISICAO	ticket	-	202606	PLANO V5	Device	 -   
POINT	SMB	POINT	-	AQUISICAO	ticket	-	202607	PLANO V5	Device	 -   
POINT	SMB	POINT	-	AQUISICAO	ticket	-	202608	PLANO V5	Device	 -   
POINT	SMB	POINT	-	AQUISICAO	ticket	-	202609	PLANO V5	Device	 -   
POINT	SMB	POINT	-	AQUISICAO	ticket	-	202610	PLANO V5	Device	 -   
POINT	SMB	POINT	-	AQUISICAO	ticket	-	202611	PLANO V5	Device	 -   
POINT	SMB	POINT	-	AQUISICAO	ticket	-	202612	PLANO V5	Device	 -   
POINT	SMB	POINT	-	LEGADO	account_money	-	202601	PLANO V5	Device	 10.167.873,00 
POINT	SMB	POINT	-	LEGADO	account_money	-	202602	PLANO V5	Device	 10.618.828,00 
POINT	SMB	POINT	-	LEGADO	account_money	-	202603	PLANO V5	Device	 10.900.782,00 
POINT	SMB	POINT	-	LEGADO	account_money	-	202604	PLANO V5	Device	 9.499.766,00 
POINT	SMB	POINT	-	LEGADO	account_money	-	202605	PLANO V5	Device	 10.102.832,00 
POINT	SMB	POINT	-	LEGADO	account_money	-	202606	PLANO V5	Device	 9.301.786,00 
POINT	SMB	POINT	-	LEGADO	account_money	-	202607	PLANO V5	Device	 9.246.266,00 
POINT	SMB	POINT	-	LEGADO	account_money	-	202608	PLANO V5	Device	 9.173.339,00 
POINT	SMB	POINT	-	LEGADO	account_money	-	202609	PLANO V5	Device	 8.686.848,00 
POINT	SMB	POINT	-	LEGADO	account_money	-	202610	PLANO V5	Device	 8.812.432,00 
POINT	SMB	POINT	-	LEGADO	account_money	-	202611	PLANO V5	Device	 8.655.574,00 
POINT	SMB	POINT	-	LEGADO	account_money	-	202612	PLANO V5	Device	 9.322.639,00 
POINT	SMB	POINT	-	LEGADO	bank_transfer	-	202601	PLANO V5	Device	 -   
POINT	SMB	POINT	-	LEGADO	bank_transfer	-	202602	PLANO V5	Device	 -   
POINT	SMB	POINT	-	LEGADO	bank_transfer	-	202603	PLANO V5	Device	 -   
POINT	SMB	POINT	-	LEGADO	bank_transfer	-	202604	PLANO V5	Device	 -   
POINT	SMB	POINT	-	LEGADO	bank_transfer	-	202605	PLANO V5	Device	 -   
POINT	SMB	POINT	-	LEGADO	bank_transfer	-	202606	PLANO V5	Device	 -   
POINT	SMB	POINT	-	LEGADO	bank_transfer	-	202607	PLANO V5	Device	 -   
POINT	SMB	POINT	-	LEGADO	bank_transfer	-	202608	PLANO V5	Device	 -   
POINT	SMB	POINT	-	LEGADO	bank_transfer	-	202609	PLANO V5	Device	 -   
POINT	SMB	POINT	-	LEGADO	bank_transfer	-	202610	PLANO V5	Device	 -   
POINT	SMB	POINT	-	LEGADO	bank_transfer	-	202611	PLANO V5	Device	 -   
POINT	SMB	POINT	-	LEGADO	bank_transfer	-	202612	PLANO V5	Device	 -   
POINT	SMB	POINT	-	LEGADO	consumer_credits	-	202601	PLANO V5	Device	 -   
POINT	SMB	POINT	-	LEGADO	consumer_credits	-	202602	PLANO V5	Device	 -   
POINT	SMB	POINT	-	LEGADO	consumer_credits	-	202603	PLANO V5	Device	 -   
POINT	SMB	POINT	-	LEGADO	consumer_credits	-	202604	PLANO V5	Device	 -   
POINT	SMB	POINT	-	LEGADO	consumer_credits	-	202605	PLANO V5	Device	 -   
POINT	SMB	POINT	-	LEGADO	consumer_credits	-	202606	PLANO V5	Device	 -   
POINT	SMB	POINT	-	LEGADO	consumer_credits	-	202607	PLANO V5	Device	 -   
POINT	SMB	POINT	-	LEGADO	consumer_credits	-	202608	PLANO V5	Device	 -   
POINT	SMB	POINT	-	LEGADO	consumer_credits	-	202609	PLANO V5	Device	 -   
POINT	SMB	POINT	-	LEGADO	consumer_credits	-	202610	PLANO V5	Device	 -   
POINT	SMB	POINT	-	LEGADO	consumer_credits	-	202611	PLANO V5	Device	 -   
POINT	SMB	POINT	-	LEGADO	consumer_credits	-	202612	PLANO V5	Device	 -   
POINT	SMB	POINT	-	LEGADO	credit_card	-	202601	PLANO V5	Device	 -   
POINT	SMB	POINT	-	LEGADO	credit_card	-	202602	PLANO V5	Device	 -   
POINT	SMB	POINT	-	LEGADO	credit_card	-	202603	PLANO V5	Device	 -   
POINT	SMB	POINT	-	LEGADO	credit_card	-	202604	PLANO V5	Device	 -   
POINT	SMB	POINT	-	LEGADO	credit_card	-	202605	PLANO V5	Device	 -   
POINT	SMB	POINT	-	LEGADO	credit_card	-	202606	PLANO V5	Device	 -   
POINT	SMB	POINT	-	LEGADO	credit_card	-	202607	PLANO V5	Device	 -   
POINT	SMB	POINT	-	LEGADO	credit_card	-	202608	PLANO V5	Device	 -   
POINT	SMB	POINT	-	LEGADO	credit_card	-	202609	PLANO V5	Device	 -   
POINT	SMB	POINT	-	LEGADO	credit_card	-	202610	PLANO V5	Device	 -   
POINT	SMB	POINT	-	LEGADO	credit_card	-	202611	PLANO V5	Device	 -   
POINT	SMB	POINT	-	LEGADO	credit_card	-	202612	PLANO V5	Device	 -   
POINT	SMB	POINT	-	LEGADO	credit_card	1x	202601	PLANO V5	Device	 1.631.874.851,00 
POINT	SMB	POINT	-	LEGADO	credit_card	1x	202602	PLANO V5	Device	 1.505.307.941,00 
POINT	SMB	POINT	-	LEGADO	credit_card	1x	202603	PLANO V5	Device	 1.631.747.779,00 
POINT	SMB	POINT	-	LEGADO	credit_card	1x	202604	PLANO V5	Device	 1.489.353.140,00 
POINT	SMB	POINT	-	LEGADO	credit_card	1x	202605	PLANO V5	Device	 1.537.759.963,00 
POINT	SMB	POINT	-	LEGADO	credit_card	1x	202606	PLANO V5	Device	 1.457.800.155,00 
POINT	SMB	POINT	-	LEGADO	credit_card	1x	202607	PLANO V5	Device	 1.494.985.732,00 
POINT	SMB	POINT	-	LEGADO	credit_card	1x	202608	PLANO V5	Device	 1.498.201.803,00 
POINT	SMB	POINT	-	LEGADO	credit_card	1x	202609	PLANO V5	Device	 1.408.435.426,00 
POINT	SMB	POINT	-	LEGADO	credit_card	1x	202610	PLANO V5	Device	 1.461.988.877,00 
POINT	SMB	POINT	-	LEGADO	credit_card	1x	202611	PLANO V5	Device	 1.449.898.261,00 
POINT	SMB	POINT	-	LEGADO	credit_card	1x	202612	PLANO V5	Device	 1.429.175.899,00 
POINT	SMB	POINT	-	LEGADO	credit_card	2 a 6x	202601	PLANO V5	Device	 1.006.124.677,00 
POINT	SMB	POINT	-	LEGADO	credit_card	2 a 6x	202602	PLANO V5	Device	 918.070.853,00 
POINT	SMB	POINT	-	LEGADO	credit_card	2 a 6x	202603	PLANO V5	Device	 943.067.623,00 
POINT	SMB	POINT	-	LEGADO	credit_card	2 a 6x	202604	PLANO V5	Device	 914.500.398,00 
POINT	SMB	POINT	-	LEGADO	credit_card	2 a 6x	202605	PLANO V5	Device	 970.205.226,00 
POINT	SMB	POINT	-	LEGADO	credit_card	2 a 6x	202606	PLANO V5	Device	 898.984.664,00 
POINT	SMB	POINT	-	LEGADO	credit_card	2 a 6x	202607	PLANO V5	Device	 927.666.006,00 
POINT	SMB	POINT	-	LEGADO	credit_card	2 a 6x	202608	PLANO V5	Device	 932.432.605,00 
POINT	SMB	POINT	-	LEGADO	credit_card	2 a 6x	202609	PLANO V5	Device	 872.018.387,00 
POINT	SMB	POINT	-	LEGADO	credit_card	2 a 6x	202610	PLANO V5	Device	 905.766.584,00 
POINT	SMB	POINT	-	LEGADO	credit_card	2 a 6x	202611	PLANO V5	Device	 897.868.268,00 
POINT	SMB	POINT	-	LEGADO	credit_card	2 a 6x	202612	PLANO V5	Device	 884.160.021,00 
POINT	SMB	POINT	-	LEGADO	credit_card	7 a 12x	202601	PLANO V5	Device	 369.776.250,00 
POINT	SMB	POINT	-	LEGADO	credit_card	7 a 12x	202602	PLANO V5	Device	 335.185.975,00 
POINT	SMB	POINT	-	LEGADO	credit_card	7 a 12x	202603	PLANO V5	Device	 342.507.621,00 
POINT	SMB	POINT	-	LEGADO	credit_card	7 a 12x	202604	PLANO V5	Device	 330.385.027,00 
POINT	SMB	POINT	-	LEGADO	credit_card	7 a 12x	202605	PLANO V5	Device	 348.040.174,00 
POINT	SMB	POINT	-	LEGADO	credit_card	7 a 12x	202606	PLANO V5	Device	 320.854.911,00 
POINT	SMB	POINT	-	LEGADO	credit_card	7 a 12x	202607	PLANO V5	Device	 329.341.306,00 
POINT	SMB	POINT	-	LEGADO	credit_card	7 a 12x	202608	PLANO V5	Device	 329.102.757,00 
POINT	SMB	POINT	-	LEGADO	credit_card	7 a 12x	202609	PLANO V5	Device	 306.102.527,00 
POINT	SMB	POINT	-	LEGADO	credit_card	7 a 12x	202610	PLANO V5	Device	 316.190.745,00 
POINT	SMB	POINT	-	LEGADO	credit_card	7 a 12x	202611	PLANO V5	Device	 311.674.500,00 
POINT	SMB	POINT	-	LEGADO	credit_card	7 a 12x	202612	PLANO V5	Device	 305.360.260,00 
POINT	SMB	POINT	-	LEGADO	credit_card	Maior que 12x	202601	PLANO V5	Device	 58.667,00 
POINT	SMB	POINT	-	LEGADO	credit_card	Maior que 12x	202602	PLANO V5	Device	 54.993,00 
POINT	SMB	POINT	-	LEGADO	credit_card	Maior que 12x	202603	PLANO V5	Device	 57.271,00 
POINT	SMB	POINT	-	LEGADO	credit_card	Maior que 12x	202604	PLANO V5	Device	 55.891,00 
POINT	SMB	POINT	-	LEGADO	credit_card	Maior que 12x	202605	PLANO V5	Device	 60.401,00 
POINT	SMB	POINT	-	LEGADO	credit_card	Maior que 12x	202606	PLANO V5	Device	 56.598,00 
POINT	SMB	POINT	-	LEGADO	credit_card	Maior que 12x	202607	PLANO V5	Device	 59.054,00 
POINT	SMB	POINT	-	LEGADO	credit_card	Maior que 12x	202608	PLANO V5	Device	 60.205,00 
POINT	SMB	POINT	-	LEGADO	credit_card	Maior que 12x	202609	PLANO V5	Device	 57.036,00 
POINT	SMB	POINT	-	LEGADO	credit_card	Maior que 12x	202610	PLANO V5	Device	 60.042,00 
POINT	SMB	POINT	-	LEGADO	credit_card	Maior que 12x	202611	PLANO V5	Device	 60.346,00 
POINT	SMB	POINT	-	LEGADO	credit_card	Maior que 12x	202612	PLANO V5	Device	 59.998,00 
POINT	SMB	POINT	-	LEGADO	debit_card	-	202601	PLANO V5	Device	 2.381.811.797,00 
POINT	SMB	POINT	-	LEGADO	debit_card	-	202602	PLANO V5	Device	 2.210.406.503,00 
POINT	SMB	POINT	-	LEGADO	debit_card	-	202603	PLANO V5	Device	 2.405.344.191,00 
POINT	SMB	POINT	-	LEGADO	debit_card	-	202604	PLANO V5	Device	 2.155.630.557,00 
POINT	SMB	POINT	-	LEGADO	debit_card	-	202605	PLANO V5	Device	 2.296.609.143,00 
POINT	SMB	POINT	-	LEGADO	debit_card	-	202606	PLANO V5	Device	 2.206.948.133,00 
POINT	SMB	POINT	-	LEGADO	debit_card	-	202607	PLANO V5	Device	 2.223.545.377,00 
POINT	SMB	POINT	-	LEGADO	debit_card	-	202608	PLANO V5	Device	 2.249.348.250,00 
POINT	SMB	POINT	-	LEGADO	debit_card	-	202609	PLANO V5	Device	 2.072.105.563,00 
POINT	SMB	POINT	-	LEGADO	debit_card	-	202610	PLANO V5	Device	 2.075.796.865,00 
POINT	SMB	POINT	-	LEGADO	debit_card	-	202611	PLANO V5	Device	 2.021.389.964,00 
POINT	SMB	POINT	-	LEGADO	debit_card	-	202612	PLANO V5	Device	 2.406.744.253,00 
POINT	SMB	POINT	-	LEGADO	digital_currency	-	202601	PLANO V5	Device	 -   
POINT	SMB	POINT	-	LEGADO	digital_currency	-	202602	PLANO V5	Device	 -   
POINT	SMB	POINT	-	LEGADO	digital_currency	-	202603	PLANO V5	Device	 -   
POINT	SMB	POINT	-	LEGADO	digital_currency	-	202604	PLANO V5	Device	 -   
POINT	SMB	POINT	-	LEGADO	digital_currency	-	202605	PLANO V5	Device	 -   
POINT	SMB	POINT	-	LEGADO	digital_currency	-	202606	PLANO V5	Device	 -   
POINT	SMB	POINT	-	LEGADO	digital_currency	-	202607	PLANO V5	Device	 -   
POINT	SMB	POINT	-	LEGADO	digital_currency	-	202608	PLANO V5	Device	 -   
POINT	SMB	POINT	-	LEGADO	digital_currency	-	202609	PLANO V5	Device	 -   
POINT	SMB	POINT	-	LEGADO	digital_currency	-	202610	PLANO V5	Device	 -   
POINT	SMB	POINT	-	LEGADO	digital_currency	-	202611	PLANO V5	Device	 -   
POINT	SMB	POINT	-	LEGADO	digital_currency	-	202612	PLANO V5	Device	 -   
POINT	SMB	POINT	-	LEGADO	ticket	-	202601	PLANO V5	Device	 -   
POINT	SMB	POINT	-	LEGADO	ticket	-	202602	PLANO V5	Device	 -   
POINT	SMB	POINT	-	LEGADO	ticket	-	202603	PLANO V5	Device	 -   
POINT	SMB	POINT	-	LEGADO	ticket	-	202604	PLANO V5	Device	 -   
POINT	SMB	POINT	-	LEGADO	ticket	-	202605	PLANO V5	Device	 -   
POINT	SMB	POINT	-	LEGADO	ticket	-	202606	PLANO V5	Device	 -   
POINT	SMB	POINT	-	LEGADO	ticket	-	202607	PLANO V5	Device	 -   
POINT	SMB	POINT	-	LEGADO	ticket	-	202608	PLANO V5	Device	 -   
POINT	SMB	POINT	-	LEGADO	ticket	-	202609	PLANO V5	Device	 -   
POINT	SMB	POINT	-	LEGADO	ticket	-	202610	PLANO V5	Device	 -   
POINT	SMB	POINT	-	LEGADO	ticket	-	202611	PLANO V5	Device	 -   
POINT	SMB	POINT	-	LEGADO	ticket	-	202612	PLANO V5	Device	 -   
POINT	SMB	TTP	-	AQUISICAO	account_money	-	202601	PLANO V5	TTP	 -   
POINT	SMB	TTP	-	AQUISICAO	account_money	-	202602	PLANO V5	TTP	 -   
POINT	SMB	TTP	-	AQUISICAO	account_money	-	202603	PLANO V5	TTP	 -   
POINT	SMB	TTP	-	AQUISICAO	account_money	-	202604	PLANO V5	TTP	 -   
POINT	SMB	TTP	-	AQUISICAO	account_money	-	202605	PLANO V5	TTP	 -   
POINT	SMB	TTP	-	AQUISICAO	account_money	-	202606	PLANO V5	TTP	 -   
POINT	SMB	TTP	-	AQUISICAO	account_money	-	202607	PLANO V5	TTP	 -   
POINT	SMB	TTP	-	AQUISICAO	account_money	-	202608	PLANO V5	TTP	 -   
POINT	SMB	TTP	-	AQUISICAO	account_money	-	202609	PLANO V5	TTP	 -   
POINT	SMB	TTP	-	AQUISICAO	account_money	-	202610	PLANO V5	TTP	 -   
POINT	SMB	TTP	-	AQUISICAO	account_money	-	202611	PLANO V5	TTP	 -   
POINT	SMB	TTP	-	AQUISICAO	account_money	-	202612	PLANO V5	TTP	 -   
POINT	SMB	TTP	-	AQUISICAO	bank_transfer	-	202601	PLANO V5	TTP	 -   
POINT	SMB	TTP	-	AQUISICAO	bank_transfer	-	202602	PLANO V5	TTP	 -   
POINT	SMB	TTP	-	AQUISICAO	bank_transfer	-	202603	PLANO V5	TTP	 -   
POINT	SMB	TTP	-	AQUISICAO	bank_transfer	-	202604	PLANO V5	TTP	 -   
POINT	SMB	TTP	-	AQUISICAO	bank_transfer	-	202605	PLANO V5	TTP	 -   
POINT	SMB	TTP	-	AQUISICAO	bank_transfer	-	202606	PLANO V5	TTP	 -   
POINT	SMB	TTP	-	AQUISICAO	bank_transfer	-	202607	PLANO V5	TTP	 -   
POINT	SMB	TTP	-	AQUISICAO	bank_transfer	-	202608	PLANO V5	TTP	 -   
POINT	SMB	TTP	-	AQUISICAO	bank_transfer	-	202609	PLANO V5	TTP	 -   
POINT	SMB	TTP	-	AQUISICAO	bank_transfer	-	202610	PLANO V5	TTP	 -   
POINT	SMB	TTP	-	AQUISICAO	bank_transfer	-	202611	PLANO V5	TTP	 -   
POINT	SMB	TTP	-	AQUISICAO	bank_transfer	-	202612	PLANO V5	TTP	 -   
POINT	SMB	TTP	-	AQUISICAO	consumer_credits	-	202601	PLANO V5	TTP	 -   
POINT	SMB	TTP	-	AQUISICAO	consumer_credits	-	202602	PLANO V5	TTP	 -   
POINT	SMB	TTP	-	AQUISICAO	consumer_credits	-	202603	PLANO V5	TTP	 -   
POINT	SMB	TTP	-	AQUISICAO	consumer_credits	-	202604	PLANO V5	TTP	 -   
POINT	SMB	TTP	-	AQUISICAO	consumer_credits	-	202605	PLANO V5	TTP	 -   
POINT	SMB	TTP	-	AQUISICAO	consumer_credits	-	202606	PLANO V5	TTP	 -   
POINT	SMB	TTP	-	AQUISICAO	consumer_credits	-	202607	PLANO V5	TTP	 -   
POINT	SMB	TTP	-	AQUISICAO	consumer_credits	-	202608	PLANO V5	TTP	 -   
POINT	SMB	TTP	-	AQUISICAO	consumer_credits	-	202609	PLANO V5	TTP	 -   
POINT	SMB	TTP	-	AQUISICAO	consumer_credits	-	202610	PLANO V5	TTP	 -   
POINT	SMB	TTP	-	AQUISICAO	consumer_credits	-	202611	PLANO V5	TTP	 -   
POINT	SMB	TTP	-	AQUISICAO	consumer_credits	-	202612	PLANO V5	TTP	 -   
POINT	SMB	TTP	-	AQUISICAO	credit_card	-	202601	PLANO V5	TTP	 -   
POINT	SMB	TTP	-	AQUISICAO	credit_card	-	202602	PLANO V5	TTP	 -   
POINT	SMB	TTP	-	AQUISICAO	credit_card	-	202603	PLANO V5	TTP	 -   
POINT	SMB	TTP	-	AQUISICAO	credit_card	-	202604	PLANO V5	TTP	 -   
POINT	SMB	TTP	-	AQUISICAO	credit_card	-	202605	PLANO V5	TTP	 -   
POINT	SMB	TTP	-	AQUISICAO	credit_card	-	202606	PLANO V5	TTP	 -   
POINT	SMB	TTP	-	AQUISICAO	credit_card	-	202607	PLANO V5	TTP	 -   
POINT	SMB	TTP	-	AQUISICAO	credit_card	-	202608	PLANO V5	TTP	 -   
POINT	SMB	TTP	-	AQUISICAO	credit_card	-	202609	PLANO V5	TTP	 -   
POINT	SMB	TTP	-	AQUISICAO	credit_card	-	202610	PLANO V5	TTP	 -   
POINT	SMB	TTP	-	AQUISICAO	credit_card	-	202611	PLANO V5	TTP	 -   
POINT	SMB	TTP	-	AQUISICAO	credit_card	-	202612	PLANO V5	TTP	 -   
POINT	SMB	TTP	-	AQUISICAO	credit_card	1x	202601	PLANO V5	TTP	 17.332.881,00 
POINT	SMB	TTP	-	AQUISICAO	credit_card	1x	202602	PLANO V5	TTP	 31.757.321,00 
POINT	SMB	TTP	-	AQUISICAO	credit_card	1x	202603	PLANO V5	TTP	 49.108.828,00 
POINT	SMB	TTP	-	AQUISICAO	credit_card	1x	202604	PLANO V5	TTP	 57.790.039,00 
POINT	SMB	TTP	-	AQUISICAO	credit_card	1x	202605	PLANO V5	TTP	 74.733.512,00 
POINT	SMB	TTP	-	AQUISICAO	credit_card	1x	202606	PLANO V5	TTP	 89.880.275,00 
POINT	SMB	TTP	-	AQUISICAO	credit_card	1x	202607	PLANO V5	TTP	 114.995.956,00 
POINT	SMB	TTP	-	AQUISICAO	credit_card	1x	202608	PLANO V5	TTP	 121.618.937,00 
POINT	SMB	TTP	-	AQUISICAO	credit_card	1x	202609	PLANO V5	TTP	 136.585.802,00 
POINT	SMB	TTP	-	AQUISICAO	credit_card	1x	202610	PLANO V5	TTP	 139.985.998,00 
POINT	SMB	TTP	-	AQUISICAO	credit_card	1x	202611	PLANO V5	TTP	 167.179.253,00 
POINT	SMB	TTP	-	AQUISICAO	credit_card	1x	202612	PLANO V5	TTP	 180.313.983,00 
POINT	SMB	TTP	-	AQUISICAO	credit_card	2 a 6x	202601	PLANO V5	TTP	 4.916.552,00 
POINT	SMB	TTP	-	AQUISICAO	credit_card	2 a 6x	202602	PLANO V5	TTP	 9.804.475,00 
POINT	SMB	TTP	-	AQUISICAO	credit_card	2 a 6x	202603	PLANO V5	TTP	 15.025.303,00 
POINT	SMB	TTP	-	AQUISICAO	credit_card	2 a 6x	202604	PLANO V5	TTP	 17.483.857,00 
POINT	SMB	TTP	-	AQUISICAO	credit_card	2 a 6x	202605	PLANO V5	TTP	 23.076.510,00 
POINT	SMB	TTP	-	AQUISICAO	credit_card	2 a 6x	202606	PLANO V5	TTP	 27.774.606,00 
POINT	SMB	TTP	-	AQUISICAO	credit_card	2 a 6x	202607	PLANO V5	TTP	 35.609.588,00 
POINT	SMB	TTP	-	AQUISICAO	credit_card	2 a 6x	202608	PLANO V5	TTP	 37.973.966,00 
POINT	SMB	TTP	-	AQUISICAO	credit_card	2 a 6x	202609	PLANO V5	TTP	 42.754.716,00 
POINT	SMB	TTP	-	AQUISICAO	credit_card	2 a 6x	202610	PLANO V5	TTP	 44.059.562,00 
POINT	SMB	TTP	-	AQUISICAO	credit_card	2 a 6x	202611	PLANO V5	TTP	 52.867.569,00 
POINT	SMB	TTP	-	AQUISICAO	credit_card	2 a 6x	202612	PLANO V5	TTP	 57.319.837,00 
POINT	SMB	TTP	-	AQUISICAO	credit_card	7 a 12x	202601	PLANO V5	TTP	 7.134.393,00 
POINT	SMB	TTP	-	AQUISICAO	credit_card	7 a 12x	202602	PLANO V5	TTP	 14.072.819,00 
POINT	SMB	TTP	-	AQUISICAO	credit_card	7 a 12x	202603	PLANO V5	TTP	 21.409.006,00 
POINT	SMB	TTP	-	AQUISICAO	credit_card	7 a 12x	202604	PLANO V5	TTP	 24.667.527,00 
POINT	SMB	TTP	-	AQUISICAO	credit_card	7 a 12x	202605	PLANO V5	TTP	 32.304.769,00 
POINT	SMB	TTP	-	AQUISICAO	credit_card	7 a 12x	202606	PLANO V5	TTP	 38.504.379,00 
POINT	SMB	TTP	-	AQUISICAO	credit_card	7 a 12x	202607	PLANO V5	TTP	 49.017.232,00 
POINT	SMB	TTP	-	AQUISICAO	credit_card	7 a 12x	202608	PLANO V5	TTP	 51.797.725,00 
POINT	SMB	TTP	-	AQUISICAO	credit_card	7 a 12x	202609	PLANO V5	TTP	 57.930.723,00 
POINT	SMB	TTP	-	AQUISICAO	credit_card	7 a 12x	202610	PLANO V5	TTP	 59.119.085,00 
POINT	SMB	TTP	-	AQUISICAO	credit_card	7 a 12x	202611	PLANO V5	TTP	 70.419.006,00 
POINT	SMB	TTP	-	AQUISICAO	credit_card	7 a 12x	202612	PLANO V5	TTP	 75.612.698,00 
POINT	SMB	TTP	-	AQUISICAO	credit_card	Maior que 12x	202601	PLANO V5	TTP	 -   
POINT	SMB	TTP	-	AQUISICAO	credit_card	Maior que 12x	202602	PLANO V5	TTP	 -   
POINT	SMB	TTP	-	AQUISICAO	credit_card	Maior que 12x	202603	PLANO V5	TTP	 -   
POINT	SMB	TTP	-	AQUISICAO	credit_card	Maior que 12x	202604	PLANO V5	TTP	 -   
POINT	SMB	TTP	-	AQUISICAO	credit_card	Maior que 12x	202605	PLANO V5	TTP	 -   
POINT	SMB	TTP	-	AQUISICAO	credit_card	Maior que 12x	202606	PLANO V5	TTP	 -   
POINT	SMB	TTP	-	AQUISICAO	credit_card	Maior que 12x	202607	PLANO V5	TTP	 -   
POINT	SMB	TTP	-	AQUISICAO	credit_card	Maior que 12x	202608	PLANO V5	TTP	 -   
POINT	SMB	TTP	-	AQUISICAO	credit_card	Maior que 12x	202609	PLANO V5	TTP	 -   
POINT	SMB	TTP	-	AQUISICAO	credit_card	Maior que 12x	202610	PLANO V5	TTP	 -   
POINT	SMB	TTP	-	AQUISICAO	credit_card	Maior que 12x	202611	PLANO V5	TTP	 -   
POINT	SMB	TTP	-	AQUISICAO	credit_card	Maior que 12x	202612	PLANO V5	TTP	 -   
POINT	SMB	TTP	-	AQUISICAO	debit_card	-	202601	PLANO V5	TTP	 1.400.071,00 
POINT	SMB	TTP	-	AQUISICAO	debit_card	-	202602	PLANO V5	TTP	 2.658.011,00 
POINT	SMB	TTP	-	AQUISICAO	debit_card	-	202603	PLANO V5	TTP	 4.087.791,00 
POINT	SMB	TTP	-	AQUISICAO	debit_card	-	202604	PLANO V5	TTP	 4.766.983,00 
POINT	SMB	TTP	-	AQUISICAO	debit_card	-	202605	PLANO V5	TTP	 6.209.987,00 
POINT	SMB	TTP	-	AQUISICAO	debit_card	-	202606	PLANO V5	TTP	 7.456.107,00 
POINT	SMB	TTP	-	AQUISICAO	debit_card	-	202607	PLANO V5	TTP	 9.529.885,00 
POINT	SMB	TTP	-	AQUISICAO	debit_card	-	202608	PLANO V5	TTP	 10.089.201,00 
POINT	SMB	TTP	-	AQUISICAO	debit_card	-	202609	PLANO V5	TTP	 11.326.204,00 
POINT	SMB	TTP	-	AQUISICAO	debit_card	-	202610	PLANO V5	TTP	 11.608.030,00 
POINT	SMB	TTP	-	AQUISICAO	debit_card	-	202611	PLANO V5	TTP	 13.865.372,00 
POINT	SMB	TTP	-	AQUISICAO	debit_card	-	202612	PLANO V5	TTP	 14.952.454,00 
POINT	SMB	TTP	-	AQUISICAO	digital_currency	-	202601	PLANO V5	TTP	 -   
POINT	SMB	TTP	-	AQUISICAO	digital_currency	-	202602	PLANO V5	TTP	 -   
POINT	SMB	TTP	-	AQUISICAO	digital_currency	-	202603	PLANO V5	TTP	 -   
POINT	SMB	TTP	-	AQUISICAO	digital_currency	-	202604	PLANO V5	TTP	 -   
POINT	SMB	TTP	-	AQUISICAO	digital_currency	-	202605	PLANO V5	TTP	 -   
POINT	SMB	TTP	-	AQUISICAO	digital_currency	-	202606	PLANO V5	TTP	 -   
POINT	SMB	TTP	-	AQUISICAO	digital_currency	-	202607	PLANO V5	TTP	 -   
POINT	SMB	TTP	-	AQUISICAO	digital_currency	-	202608	PLANO V5	TTP	 -   
POINT	SMB	TTP	-	AQUISICAO	digital_currency	-	202609	PLANO V5	TTP	 -   
POINT	SMB	TTP	-	AQUISICAO	digital_currency	-	202610	PLANO V5	TTP	 -   
POINT	SMB	TTP	-	AQUISICAO	digital_currency	-	202611	PLANO V5	TTP	 -   
POINT	SMB	TTP	-	AQUISICAO	digital_currency	-	202612	PLANO V5	TTP	 -   
POINT	SMB	TTP	-	AQUISICAO	ticket	-	202601	PLANO V5	TTP	 -   
POINT	SMB	TTP	-	AQUISICAO	ticket	-	202602	PLANO V5	TTP	 -   
POINT	SMB	TTP	-	AQUISICAO	ticket	-	202603	PLANO V5	TTP	 -   
POINT	SMB	TTP	-	AQUISICAO	ticket	-	202604	PLANO V5	TTP	 -   
POINT	SMB	TTP	-	AQUISICAO	ticket	-	202605	PLANO V5	TTP	 -   
POINT	SMB	TTP	-	AQUISICAO	ticket	-	202606	PLANO V5	TTP	 -   
POINT	SMB	TTP	-	AQUISICAO	ticket	-	202607	PLANO V5	TTP	 -   
POINT	SMB	TTP	-	AQUISICAO	ticket	-	202608	PLANO V5	TTP	 -   
POINT	SMB	TTP	-	AQUISICAO	ticket	-	202609	PLANO V5	TTP	 -   
POINT	SMB	TTP	-	AQUISICAO	ticket	-	202610	PLANO V5	TTP	 -   
POINT	SMB	TTP	-	AQUISICAO	ticket	-	202611	PLANO V5	TTP	 -   
POINT	SMB	TTP	-	AQUISICAO	ticket	-	202612	PLANO V5	TTP	 -   
POINT	SMB	TTP	-	LEGADO	account_money	-	202601	PLANO V5	TTP	 -   
POINT	SMB	TTP	-	LEGADO	account_money	-	202602	PLANO V5	TTP	 -   
POINT	SMB	TTP	-	LEGADO	account_money	-	202603	PLANO V5	TTP	 -   
POINT	SMB	TTP	-	LEGADO	account_money	-	202604	PLANO V5	TTP	 -   
POINT	SMB	TTP	-	LEGADO	account_money	-	202605	PLANO V5	TTP	 -   
POINT	SMB	TTP	-	LEGADO	account_money	-	202606	PLANO V5	TTP	 -   
POINT	SMB	TTP	-	LEGADO	account_money	-	202607	PLANO V5	TTP	 -   
POINT	SMB	TTP	-	LEGADO	account_money	-	202608	PLANO V5	TTP	 -   
POINT	SMB	TTP	-	LEGADO	account_money	-	202609	PLANO V5	TTP	 -   
POINT	SMB	TTP	-	LEGADO	account_money	-	202610	PLANO V5	TTP	 -   
POINT	SMB	TTP	-	LEGADO	account_money	-	202611	PLANO V5	TTP	 -   
POINT	SMB	TTP	-	LEGADO	account_money	-	202612	PLANO V5	TTP	 -   
POINT	SMB	TTP	-	LEGADO	bank_transfer	-	202601	PLANO V5	TTP	 -   
POINT	SMB	TTP	-	LEGADO	bank_transfer	-	202602	PLANO V5	TTP	 -   
POINT	SMB	TTP	-	LEGADO	bank_transfer	-	202603	PLANO V5	TTP	 -   
POINT	SMB	TTP	-	LEGADO	bank_transfer	-	202604	PLANO V5	TTP	 -   
POINT	SMB	TTP	-	LEGADO	bank_transfer	-	202605	PLANO V5	TTP	 -   
POINT	SMB	TTP	-	LEGADO	bank_transfer	-	202606	PLANO V5	TTP	 -   
POINT	SMB	TTP	-	LEGADO	bank_transfer	-	202607	PLANO V5	TTP	 -   
POINT	SMB	TTP	-	LEGADO	bank_transfer	-	202608	PLANO V5	TTP	 -   
POINT	SMB	TTP	-	LEGADO	bank_transfer	-	202609	PLANO V5	TTP	 -   
POINT	SMB	TTP	-	LEGADO	bank_transfer	-	202610	PLANO V5	TTP	 -   
POINT	SMB	TTP	-	LEGADO	bank_transfer	-	202611	PLANO V5	TTP	 -   
POINT	SMB	TTP	-	LEGADO	bank_transfer	-	202612	PLANO V5	TTP	 -   
POINT	SMB	TTP	-	LEGADO	consumer_credits	-	202601	PLANO V5	TTP	 -   
POINT	SMB	TTP	-	LEGADO	consumer_credits	-	202602	PLANO V5	TTP	 -   
POINT	SMB	TTP	-	LEGADO	consumer_credits	-	202603	PLANO V5	TTP	 -   
POINT	SMB	TTP	-	LEGADO	consumer_credits	-	202604	PLANO V5	TTP	 -   
POINT	SMB	TTP	-	LEGADO	consumer_credits	-	202605	PLANO V5	TTP	 -   
POINT	SMB	TTP	-	LEGADO	consumer_credits	-	202606	PLANO V5	TTP	 -   
POINT	SMB	TTP	-	LEGADO	consumer_credits	-	202607	PLANO V5	TTP	 -   
POINT	SMB	TTP	-	LEGADO	consumer_credits	-	202608	PLANO V5	TTP	 -   
POINT	SMB	TTP	-	LEGADO	consumer_credits	-	202609	PLANO V5	TTP	 -   
POINT	SMB	TTP	-	LEGADO	consumer_credits	-	202610	PLANO V5	TTP	 -   
POINT	SMB	TTP	-	LEGADO	consumer_credits	-	202611	PLANO V5	TTP	 -   
POINT	SMB	TTP	-	LEGADO	consumer_credits	-	202612	PLANO V5	TTP	 -   
POINT	SMB	TTP	-	LEGADO	credit_card	-	202601	PLANO V5	TTP	 -   
POINT	SMB	TTP	-	LEGADO	credit_card	-	202602	PLANO V5	TTP	 -   
POINT	SMB	TTP	-	LEGADO	credit_card	-	202603	PLANO V5	TTP	 -   
POINT	SMB	TTP	-	LEGADO	credit_card	-	202604	PLANO V5	TTP	 -   
POINT	SMB	TTP	-	LEGADO	credit_card	-	202605	PLANO V5	TTP	 -   
POINT	SMB	TTP	-	LEGADO	credit_card	-	202606	PLANO V5	TTP	 -   
POINT	SMB	TTP	-	LEGADO	credit_card	-	202607	PLANO V5	TTP	 -   
POINT	SMB	TTP	-	LEGADO	credit_card	-	202608	PLANO V5	TTP	 -   
POINT	SMB	TTP	-	LEGADO	credit_card	-	202609	PLANO V5	TTP	 -   
POINT	SMB	TTP	-	LEGADO	credit_card	-	202610	PLANO V5	TTP	 -   
POINT	SMB	TTP	-	LEGADO	credit_card	-	202611	PLANO V5	TTP	 -   
POINT	SMB	TTP	-	LEGADO	credit_card	-	202612	PLANO V5	TTP	 -   
POINT	SMB	TTP	-	LEGADO	credit_card	1x	202601	PLANO V5	TTP	 195.030.102,00 
POINT	SMB	TTP	-	LEGADO	credit_card	1x	202602	PLANO V5	TTP	 195.272.604,00 
POINT	SMB	TTP	-	LEGADO	credit_card	1x	202603	PLANO V5	TTP	 209.043.686,00 
POINT	SMB	TTP	-	LEGADO	credit_card	1x	202604	PLANO V5	TTP	 195.249.603,00 
POINT	SMB	TTP	-	LEGADO	credit_card	1x	202605	PLANO V5	TTP	 198.774.894,00 
POINT	SMB	TTP	-	LEGADO	credit_card	1x	202606	PLANO V5	TTP	 183.522.230,00 
POINT	SMB	TTP	-	LEGADO	credit_card	1x	202607	PLANO V5	TTP	 191.631.399,00 
POINT	SMB	TTP	-	LEGADO	credit_card	1x	202608	PLANO V5	TTP	 190.499.693,00 
POINT	SMB	TTP	-	LEGADO	credit_card	1x	202609	PLANO V5	TTP	 184.775.504,00 
POINT	SMB	TTP	-	LEGADO	credit_card	1x	202610	PLANO V5	TTP	 185.225.832,00 
POINT	SMB	TTP	-	LEGADO	credit_card	1x	202611	PLANO V5	TTP	 191.066.618,00 
POINT	SMB	TTP	-	LEGADO	credit_card	1x	202612	PLANO V5	TTP	 195.479.755,00 
POINT	SMB	TTP	-	LEGADO	credit_card	2 a 6x	202601	PLANO V5	TTP	 49.863.213,00 
POINT	SMB	TTP	-	LEGADO	credit_card	2 a 6x	202602	PLANO V5	TTP	 64.160.265,00 
POINT	SMB	TTP	-	LEGADO	credit_card	2 a 6x	202603	PLANO V5	TTP	 64.155.484,00 
POINT	SMB	TTP	-	LEGADO	credit_card	2 a 6x	202604	PLANO V5	TTP	 57.487.335,00 
POINT	SMB	TTP	-	LEGADO	credit_card	2 a 6x	202605	PLANO V5	TTP	 62.527.792,00 
POINT	SMB	TTP	-	LEGADO	credit_card	2 a 6x	202606	PLANO V5	TTP	 58.061.997,00 
POINT	SMB	TTP	-	LEGADO	credit_card	2 a 6x	202607	PLANO V5	TTP	 55.827.630,00 
POINT	SMB	TTP	-	LEGADO	credit_card	2 a 6x	202608	PLANO V5	TTP	 55.238.946,00 
POINT	SMB	TTP	-	LEGADO	credit_card	2 a 6x	202609	PLANO V5	TTP	 52.076.220,00 
POINT	SMB	TTP	-	LEGADO	credit_card	2 a 6x	202610	PLANO V5	TTP	 51.557.632,00 
POINT	SMB	TTP	-	LEGADO	credit_card	2 a 6x	202611	PLANO V5	TTP	 53.331.304,00 
POINT	SMB	TTP	-	LEGADO	credit_card	2 a 6x	202612	PLANO V5	TTP	 57.509.983,00 
POINT	SMB	TTP	-	LEGADO	credit_card	7 a 12x	202601	PLANO V5	TTP	 75.838.324,00 
POINT	SMB	TTP	-	LEGADO	credit_card	7 a 12x	202602	PLANO V5	TTP	 59.440.697,00 
POINT	SMB	TTP	-	LEGADO	credit_card	7 a 12x	202603	PLANO V5	TTP	 64.162.527,00 
POINT	SMB	TTP	-	LEGADO	credit_card	7 a 12x	202604	PLANO V5	TTP	 63.373.135,00 
POINT	SMB	TTP	-	LEGADO	credit_card	7 a 12x	202605	PLANO V5	TTP	 61.954.014,00 
POINT	SMB	TTP	-	LEGADO	credit_card	7 a 12x	202606	PLANO V5	TTP	 58.809.489,00 
POINT	SMB	TTP	-	LEGADO	credit_card	7 a 12x	202607	PLANO V5	TTP	 56.703.450,00 
POINT	SMB	TTP	-	LEGADO	credit_card	7 a 12x	202608	PLANO V5	TTP	 54.644.623,00 
POINT	SMB	TTP	-	LEGADO	credit_card	7 a 12x	202609	PLANO V5	TTP	 51.523.031,00 
POINT	SMB	TTP	-	LEGADO	credit_card	7 a 12x	202610	PLANO V5	TTP	 50.598.005,00 
POINT	SMB	TTP	-	LEGADO	credit_card	7 a 12x	202611	PLANO V5	TTP	 51.762.770,00 
POINT	SMB	TTP	-	LEGADO	credit_card	7 a 12x	202612	PLANO V5	TTP	 55.455.580,00 
POINT	SMB	TTP	-	LEGADO	credit_card	Maior que 12x	202601	PLANO V5	TTP	 -   
POINT	SMB	TTP	-	LEGADO	credit_card	Maior que 12x	202602	PLANO V5	TTP	 -   
POINT	SMB	TTP	-	LEGADO	credit_card	Maior que 12x	202603	PLANO V5	TTP	 -   
POINT	SMB	TTP	-	LEGADO	credit_card	Maior que 12x	202604	PLANO V5	TTP	 -   
POINT	SMB	TTP	-	LEGADO	credit_card	Maior que 12x	202605	PLANO V5	TTP	 -   
POINT	SMB	TTP	-	LEGADO	credit_card	Maior que 12x	202606	PLANO V5	TTP	 -   
POINT	SMB	TTP	-	LEGADO	credit_card	Maior que 12x	202607	PLANO V5	TTP	 -   
POINT	SMB	TTP	-	LEGADO	credit_card	Maior que 12x	202608	PLANO V5	TTP	 -   
POINT	SMB	TTP	-	LEGADO	credit_card	Maior que 12x	202609	PLANO V5	TTP	 -   
POINT	SMB	TTP	-	LEGADO	credit_card	Maior que 12x	202610	PLANO V5	TTP	 -   
POINT	SMB	TTP	-	LEGADO	credit_card	Maior que 12x	202611	PLANO V5	TTP	 -   
POINT	SMB	TTP	-	LEGADO	credit_card	Maior que 12x	202612	PLANO V5	TTP	 -   
POINT	SMB	TTP	-	LEGADO	debit_card	-	202601	PLANO V5	TTP	 13.685.328,00 
POINT	SMB	TTP	-	LEGADO	debit_card	-	202602	PLANO V5	TTP	 13.576.251,00 
POINT	SMB	TTP	-	LEGADO	debit_card	-	202603	PLANO V5	TTP	 14.361.200,00 
POINT	SMB	TTP	-	LEGADO	debit_card	-	202604	PLANO V5	TTP	 13.469.464,00 
POINT	SMB	TTP	-	LEGADO	debit_card	-	202605	PLANO V5	TTP	 13.772.670,00 
POINT	SMB	TTP	-	LEGADO	debit_card	-	202606	PLANO V5	TTP	 12.793.831,00 
POINT	SMB	TTP	-	LEGADO	debit_card	-	202607	PLANO V5	TTP	 12.955.449,00 
POINT	SMB	TTP	-	LEGADO	debit_card	-	202608	PLANO V5	TTP	 12.796.333,00 
POINT	SMB	TTP	-	LEGADO	debit_card	-	202609	PLANO V5	TTP	 12.284.048,00 
POINT	SMB	TTP	-	LEGADO	debit_card	-	202610	PLANO V5	TTP	 12.241.128,00 
POINT	SMB	TTP	-	LEGADO	debit_card	-	202611	PLANO V5	TTP	 12.615.466,00 
POINT	SMB	TTP	-	LEGADO	debit_card	-	202612	PLANO V5	TTP	 13.138.970,00 
POINT	SMB	TTP	-	LEGADO	digital_currency	-	202601	PLANO V5	TTP	 -   
POINT	SMB	TTP	-	LEGADO	digital_currency	-	202602	PLANO V5	TTP	 -   
POINT	SMB	TTP	-	LEGADO	digital_currency	-	202603	PLANO V5	TTP	 -   
POINT	SMB	TTP	-	LEGADO	digital_currency	-	202604	PLANO V5	TTP	 -   
POINT	SMB	TTP	-	LEGADO	digital_currency	-	202605	PLANO V5	TTP	 -   
POINT	SMB	TTP	-	LEGADO	digital_currency	-	202606	PLANO V5	TTP	 -   
POINT	SMB	TTP	-	LEGADO	digital_currency	-	202607	PLANO V5	TTP	 -   
POINT	SMB	TTP	-	LEGADO	digital_currency	-	202608	PLANO V5	TTP	 -   
POINT	SMB	TTP	-	LEGADO	digital_currency	-	202609	PLANO V5	TTP	 -   
POINT	SMB	TTP	-	LEGADO	digital_currency	-	202610	PLANO V5	TTP	 -   
POINT	SMB	TTP	-	LEGADO	digital_currency	-	202611	PLANO V5	TTP	 -   
POINT	SMB	TTP	-	LEGADO	digital_currency	-	202612	PLANO V5	TTP	 -   
POINT	SMB	TTP	-	LEGADO	ticket	-	202601	PLANO V5	TTP	 -   
POINT	SMB	TTP	-	LEGADO	ticket	-	202602	PLANO V5	TTP	 -   
POINT	SMB	TTP	-	LEGADO	ticket	-	202603	PLANO V5	TTP	 -   
POINT	SMB	TTP	-	LEGADO	ticket	-	202604	PLANO V5	TTP	 -   
POINT	SMB	TTP	-	LEGADO	ticket	-	202605	PLANO V5	TTP	 -   
POINT	SMB	TTP	-	LEGADO	ticket	-	202606	PLANO V5	TTP	 -   
POINT	SMB	TTP	-	LEGADO	ticket	-	202607	PLANO V5	TTP	 -   
POINT	SMB	TTP	-	LEGADO	ticket	-	202608	PLANO V5	TTP	 -   
POINT	SMB	TTP	-	LEGADO	ticket	-	202609	PLANO V5	TTP	 -   
POINT	SMB	TTP	-	LEGADO	ticket	-	202610	PLANO V5	TTP	 -   
POINT	SMB	TTP	-	LEGADO	ticket	-	202611	PLANO V5	TTP	 -   
POINT	SMB	TTP	-	LEGADO	ticket	-	202612	PLANO V5	TTP	 -   
QR	BIG SELLERS	QR SELLERS	BS FARMING	-	account_money	-	202601	PLANO V5		 13.319.460,00 
QR	BIG SELLERS	QR SELLERS	BS FARMING	-	account_money	-	202602	PLANO V5		 10.167.756,00 
QR	BIG SELLERS	QR SELLERS	BS FARMING	-	account_money	-	202603	PLANO V5		 11.618.155,00 
QR	BIG SELLERS	QR SELLERS	BS FARMING	-	account_money	-	202604	PLANO V5		 11.891.819,00 
QR	BIG SELLERS	QR SELLERS	BS FARMING	-	account_money	-	202605	PLANO V5		 13.101.942,00 
QR	BIG SELLERS	QR SELLERS	BS FARMING	-	account_money	-	202606	PLANO V5		 13.124.378,00 
QR	BIG SELLERS	QR SELLERS	BS FARMING	-	account_money	-	202607	PLANO V5		 14.130.363,00 
QR	BIG SELLERS	QR SELLERS	BS FARMING	-	account_money	-	202608	PLANO V5		 13.957.094,00 
QR	BIG SELLERS	QR SELLERS	BS FARMING	-	account_money	-	202609	PLANO V5		 13.472.566,00 
QR	BIG SELLERS	QR SELLERS	BS FARMING	-	account_money	-	202610	PLANO V5		 14.805.269,00 
QR	BIG SELLERS	QR SELLERS	BS FARMING	-	account_money	-	202611	PLANO V5		 15.617.210,00 
QR	BIG SELLERS	QR SELLERS	BS FARMING	-	account_money	-	202612	PLANO V5		 16.755.553,00 
QR	BIG SELLERS	QR SELLERS	BS FARMING	-	bank_transfer	-	202601	PLANO V5		 233.854.459,00 
QR	BIG SELLERS	QR SELLERS	BS FARMING	-	bank_transfer	-	202602	PLANO V5		 192.741.540,00 
QR	BIG SELLERS	QR SELLERS	BS FARMING	-	bank_transfer	-	202603	PLANO V5		 220.235.519,00 
QR	BIG SELLERS	QR SELLERS	BS FARMING	-	bank_transfer	-	202604	PLANO V5		 225.423.127,00 
QR	BIG SELLERS	QR SELLERS	BS FARMING	-	bank_transfer	-	202605	PLANO V5		 248.362.404,00 
QR	BIG SELLERS	QR SELLERS	BS FARMING	-	bank_transfer	-	202606	PLANO V5		 248.787.705,00 
QR	BIG SELLERS	QR SELLERS	BS FARMING	-	bank_transfer	-	202607	PLANO V5		 267.857.318,00 
QR	BIG SELLERS	QR SELLERS	BS FARMING	-	bank_transfer	-	202608	PLANO V5		 264.572.798,00 
QR	BIG SELLERS	QR SELLERS	BS FARMING	-	bank_transfer	-	202609	PLANO V5		 255.388.008,00 
QR	BIG SELLERS	QR SELLERS	BS FARMING	-	bank_transfer	-	202610	PLANO V5		 280.650.929,00 
QR	BIG SELLERS	QR SELLERS	BS FARMING	-	bank_transfer	-	202611	PLANO V5		 296.042.223,00 
QR	BIG SELLERS	QR SELLERS	BS FARMING	-	bank_transfer	-	202612	PLANO V5		 317.620.814,00 
QR	BIG SELLERS	QR SELLERS	BS FARMING	-	consumer_credits	-	202601	PLANO V5		 -   
QR	BIG SELLERS	QR SELLERS	BS FARMING	-	consumer_credits	-	202602	PLANO V5		 -   
QR	BIG SELLERS	QR SELLERS	BS FARMING	-	consumer_credits	-	202603	PLANO V5		 -   
QR	BIG SELLERS	QR SELLERS	BS FARMING	-	consumer_credits	-	202604	PLANO V5		 -   
QR	BIG SELLERS	QR SELLERS	BS FARMING	-	consumer_credits	-	202605	PLANO V5		 -   
QR	BIG SELLERS	QR SELLERS	BS FARMING	-	consumer_credits	-	202606	PLANO V5		 -   
QR	BIG SELLERS	QR SELLERS	BS FARMING	-	consumer_credits	-	202607	PLANO V5		 -   
QR	BIG SELLERS	QR SELLERS	BS FARMING	-	consumer_credits	-	202608	PLANO V5		 -   
QR	BIG SELLERS	QR SELLERS	BS FARMING	-	consumer_credits	-	202609	PLANO V5		 -   
QR	BIG SELLERS	QR SELLERS	BS FARMING	-	consumer_credits	-	202610	PLANO V5		 -   
QR	BIG SELLERS	QR SELLERS	BS FARMING	-	consumer_credits	-	202611	PLANO V5		 -   
QR	BIG SELLERS	QR SELLERS	BS FARMING	-	consumer_credits	-	202612	PLANO V5		 -   
QR	BIG SELLERS	QR SELLERS	BS FARMING	-	credit_card	-	202601	PLANO V5		 -   
QR	BIG SELLERS	QR SELLERS	BS FARMING	-	credit_card	-	202602	PLANO V5		 -   
QR	BIG SELLERS	QR SELLERS	BS FARMING	-	credit_card	-	202603	PLANO V5		 -   
QR	BIG SELLERS	QR SELLERS	BS FARMING	-	credit_card	-	202604	PLANO V5		 -   
QR	BIG SELLERS	QR SELLERS	BS FARMING	-	credit_card	-	202605	PLANO V5		 -   
QR	BIG SELLERS	QR SELLERS	BS FARMING	-	credit_card	-	202606	PLANO V5		 -   
QR	BIG SELLERS	QR SELLERS	BS FARMING	-	credit_card	-	202607	PLANO V5		 -   
QR	BIG SELLERS	QR SELLERS	BS FARMING	-	credit_card	-	202608	PLANO V5		 -   
QR	BIG SELLERS	QR SELLERS	BS FARMING	-	credit_card	-	202609	PLANO V5		 -   
QR	BIG SELLERS	QR SELLERS	BS FARMING	-	credit_card	-	202610	PLANO V5		 -   
QR	BIG SELLERS	QR SELLERS	BS FARMING	-	credit_card	-	202611	PLANO V5		 -   
QR	BIG SELLERS	QR SELLERS	BS FARMING	-	credit_card	-	202612	PLANO V5		 -   
QR	BIG SELLERS	QR SELLERS	BS FARMING	-	credit_card	1x	202601	PLANO V5		 12.513.603,00 
QR	BIG SELLERS	QR SELLERS	BS FARMING	-	credit_card	1x	202602	PLANO V5		 10.236.244,00 
QR	BIG SELLERS	QR SELLERS	BS FARMING	-	credit_card	1x	202603	PLANO V5		 11.696.412,00 
QR	BIG SELLERS	QR SELLERS	BS FARMING	-	credit_card	1x	202604	PLANO V5		 11.971.919,00 
QR	BIG SELLERS	QR SELLERS	BS FARMING	-	credit_card	1x	202605	PLANO V5		 13.190.193,00 
QR	BIG SELLERS	QR SELLERS	BS FARMING	-	credit_card	1x	202606	PLANO V5		 13.212.780,00 
QR	BIG SELLERS	QR SELLERS	BS FARMING	-	credit_card	1x	202607	PLANO V5		 14.225.541,00 
QR	BIG SELLERS	QR SELLERS	BS FARMING	-	credit_card	1x	202608	PLANO V5		 14.051.105,00 
QR	BIG SELLERS	QR SELLERS	BS FARMING	-	credit_card	1x	202609	PLANO V5		 13.563.313,00 
QR	BIG SELLERS	QR SELLERS	BS FARMING	-	credit_card	1x	202610	PLANO V5		 14.904.993,00 
QR	BIG SELLERS	QR SELLERS	BS FARMING	-	credit_card	1x	202611	PLANO V5		 15.722.404,00 
QR	BIG SELLERS	QR SELLERS	BS FARMING	-	credit_card	1x	202612	PLANO V5		 16.868.414,00 
QR	BIG SELLERS	QR SELLERS	BS FARMING	-	credit_card	2 a 6x	202601	PLANO V5		 802.487,00 
QR	BIG SELLERS	QR SELLERS	BS FARMING	-	credit_card	2 a 6x	202602	PLANO V5		 656.442,00 
QR	BIG SELLERS	QR SELLERS	BS FARMING	-	credit_card	2 a 6x	202603	PLANO V5		 750.082,00 
QR	BIG SELLERS	QR SELLERS	BS FARMING	-	credit_card	2 a 6x	202604	PLANO V5		 767.750,00 
QR	BIG SELLERS	QR SELLERS	BS FARMING	-	credit_card	2 a 6x	202605	PLANO V5		 845.877,00 
QR	BIG SELLERS	QR SELLERS	BS FARMING	-	credit_card	2 a 6x	202606	PLANO V5		 847.325,00 
QR	BIG SELLERS	QR SELLERS	BS FARMING	-	credit_card	2 a 6x	202607	PLANO V5		 912.273,00 
QR	BIG SELLERS	QR SELLERS	BS FARMING	-	credit_card	2 a 6x	202608	PLANO V5		 901.086,00 
QR	BIG SELLERS	QR SELLERS	BS FARMING	-	credit_card	2 a 6x	202609	PLANO V5		 869.804,00 
QR	BIG SELLERS	QR SELLERS	BS FARMING	-	credit_card	2 a 6x	202610	PLANO V5		 955.845,00 
QR	BIG SELLERS	QR SELLERS	BS FARMING	-	credit_card	2 a 6x	202611	PLANO V5		 1.008.265,00 
QR	BIG SELLERS	QR SELLERS	BS FARMING	-	credit_card	2 a 6x	202612	PLANO V5		 1.081.758,00 
QR	BIG SELLERS	QR SELLERS	BS FARMING	-	credit_card	7 a 12x	202601	PLANO V5		 202.908,00 
QR	BIG SELLERS	QR SELLERS	BS FARMING	-	credit_card	7 a 12x	202602	PLANO V5		 165.981,00 
QR	BIG SELLERS	QR SELLERS	BS FARMING	-	credit_card	7 a 12x	202603	PLANO V5		 189.657,00 
QR	BIG SELLERS	QR SELLERS	BS FARMING	-	credit_card	7 a 12x	202604	PLANO V5		 194.125,00 
QR	BIG SELLERS	QR SELLERS	BS FARMING	-	credit_card	7 a 12x	202605	PLANO V5		 213.879,00 
QR	BIG SELLERS	QR SELLERS	BS FARMING	-	credit_card	7 a 12x	202606	PLANO V5		 214.245,00 
QR	BIG SELLERS	QR SELLERS	BS FARMING	-	credit_card	7 a 12x	202607	PLANO V5		 230.667,00 
QR	BIG SELLERS	QR SELLERS	BS FARMING	-	credit_card	7 a 12x	202608	PLANO V5		 227.839,00 
QR	BIG SELLERS	QR SELLERS	BS FARMING	-	credit_card	7 a 12x	202609	PLANO V5		 219.929,00 
QR	BIG SELLERS	QR SELLERS	BS FARMING	-	credit_card	7 a 12x	202610	PLANO V5		 241.684,00 
QR	BIG SELLERS	QR SELLERS	BS FARMING	-	credit_card	7 a 12x	202611	PLANO V5		 254.939,00 
QR	BIG SELLERS	QR SELLERS	BS FARMING	-	credit_card	7 a 12x	202612	PLANO V5		 273.521,00 
QR	BIG SELLERS	QR SELLERS	BS FARMING	-	credit_card	Maior que 12x	202601	PLANO V5		 -   
QR	BIG SELLERS	QR SELLERS	BS FARMING	-	credit_card	Maior que 12x	202602	PLANO V5		 -   
QR	BIG SELLERS	QR SELLERS	BS FARMING	-	credit_card	Maior que 12x	202603	PLANO V5		 -   
QR	BIG SELLERS	QR SELLERS	BS FARMING	-	credit_card	Maior que 12x	202604	PLANO V5		 -   
QR	BIG SELLERS	QR SELLERS	BS FARMING	-	credit_card	Maior que 12x	202605	PLANO V5		 -   
QR	BIG SELLERS	QR SELLERS	BS FARMING	-	credit_card	Maior que 12x	202606	PLANO V5		 -   
QR	BIG SELLERS	QR SELLERS	BS FARMING	-	credit_card	Maior que 12x	202607	PLANO V5		 -   
QR	BIG SELLERS	QR SELLERS	BS FARMING	-	credit_card	Maior que 12x	202608	PLANO V5		 -   
QR	BIG SELLERS	QR SELLERS	BS FARMING	-	credit_card	Maior que 12x	202609	PLANO V5		 -   
QR	BIG SELLERS	QR SELLERS	BS FARMING	-	credit_card	Maior que 12x	202610	PLANO V5		 -   
QR	BIG SELLERS	QR SELLERS	BS FARMING	-	credit_card	Maior que 12x	202611	PLANO V5		 -   
QR	BIG SELLERS	QR SELLERS	BS FARMING	-	credit_card	Maior que 12x	202612	PLANO V5		 -   
QR	BIG SELLERS	QR SELLERS	BS FARMING	-	debit_card	-	202601	PLANO V5		 501.001,00 
QR	BIG SELLERS	QR SELLERS	BS FARMING	-	debit_card	-	202602	PLANO V5		 382.452,00 
QR	BIG SELLERS	QR SELLERS	BS FARMING	-	debit_card	-	202603	PLANO V5		 437.008,00 
QR	BIG SELLERS	QR SELLERS	BS FARMING	-	debit_card	-	202604	PLANO V5		 447.302,00 
QR	BIG SELLERS	QR SELLERS	BS FARMING	-	debit_card	-	202605	PLANO V5		 492.820,00 
QR	BIG SELLERS	QR SELLERS	BS FARMING	-	debit_card	-	202606	PLANO V5		 493.664,00 
QR	BIG SELLERS	QR SELLERS	BS FARMING	-	debit_card	-	202607	PLANO V5		 531.503,00 
QR	BIG SELLERS	QR SELLERS	BS FARMING	-	debit_card	-	202608	PLANO V5		 524.986,00 
QR	BIG SELLERS	QR SELLERS	BS FARMING	-	debit_card	-	202609	PLANO V5		 506.760,00 
QR	BIG SELLERS	QR SELLERS	BS FARMING	-	debit_card	-	202610	PLANO V5		 556.889,00 
QR	BIG SELLERS	QR SELLERS	BS FARMING	-	debit_card	-	202611	PLANO V5		 587.430,00 
QR	BIG SELLERS	QR SELLERS	BS FARMING	-	debit_card	-	202612	PLANO V5		 630.247,00 
QR	BIG SELLERS	QR SELLERS	BS FARMING	-	digital_currency	-	202601	PLANO V5		 12.654.641,00 
QR	BIG SELLERS	QR SELLERS	BS FARMING	-	digital_currency	-	202602	PLANO V5		 9.660.249,00 
QR	BIG SELLERS	QR SELLERS	BS FARMING	-	digital_currency	-	202603	PLANO V5		 11.038.254,00 
QR	BIG SELLERS	QR SELLERS	BS FARMING	-	digital_currency	-	202604	PLANO V5		 11.298.258,00 
QR	BIG SELLERS	QR SELLERS	BS FARMING	-	digital_currency	-	202605	PLANO V5		 12.447.980,00 
QR	BIG SELLERS	QR SELLERS	BS FARMING	-	digital_currency	-	202606	PLANO V5		 12.469.296,00 
QR	BIG SELLERS	QR SELLERS	BS FARMING	-	digital_currency	-	202607	PLANO V5		 13.425.069,00 
QR	BIG SELLERS	QR SELLERS	BS FARMING	-	digital_currency	-	202608	PLANO V5		 13.260.448,00 
QR	BIG SELLERS	QR SELLERS	BS FARMING	-	digital_currency	-	202609	PLANO V5		 12.800.104,00 
QR	BIG SELLERS	QR SELLERS	BS FARMING	-	digital_currency	-	202610	PLANO V5		 14.066.288,00 
QR	BIG SELLERS	QR SELLERS	BS FARMING	-	digital_currency	-	202611	PLANO V5		 14.837.703,00 
QR	BIG SELLERS	QR SELLERS	BS FARMING	-	digital_currency	-	202612	PLANO V5		 15.919.227,00 
QR	BIG SELLERS	QR SELLERS	BS FARMING	-	ticket	-	202601	PLANO V5		 -   
QR	BIG SELLERS	QR SELLERS	BS FARMING	-	ticket	-	202602	PLANO V5		 -   
QR	BIG SELLERS	QR SELLERS	BS FARMING	-	ticket	-	202603	PLANO V5		 -   
QR	BIG SELLERS	QR SELLERS	BS FARMING	-	ticket	-	202604	PLANO V5		 -   
QR	BIG SELLERS	QR SELLERS	BS FARMING	-	ticket	-	202605	PLANO V5		 -   
QR	BIG SELLERS	QR SELLERS	BS FARMING	-	ticket	-	202606	PLANO V5		 -   
QR	BIG SELLERS	QR SELLERS	BS FARMING	-	ticket	-	202607	PLANO V5		 -   
QR	BIG SELLERS	QR SELLERS	BS FARMING	-	ticket	-	202608	PLANO V5		 -   
QR	BIG SELLERS	QR SELLERS	BS FARMING	-	ticket	-	202609	PLANO V5		 -   
QR	BIG SELLERS	QR SELLERS	BS FARMING	-	ticket	-	202610	PLANO V5		 -   
QR	BIG SELLERS	QR SELLERS	BS FARMING	-	ticket	-	202611	PLANO V5		 -   
QR	BIG SELLERS	QR SELLERS	BS FARMING	-	ticket	-	202612	PLANO V5		 -   
QR	BIG SELLERS	QR SELLERS	BS HUNTING	-	account_money	-	202601	PLANO V5		 229.921,00 
QR	BIG SELLERS	QR SELLERS	BS HUNTING	-	account_money	-	202602	PLANO V5		 416.330,00 
QR	BIG SELLERS	QR SELLERS	BS HUNTING	-	account_money	-	202603	PLANO V5		 696.219,00 
QR	BIG SELLERS	QR SELLERS	BS HUNTING	-	account_money	-	202604	PLANO V5		 978.197,00 
QR	BIG SELLERS	QR SELLERS	BS HUNTING	-	account_money	-	202605	PLANO V5		 1.272.728,00 
QR	BIG SELLERS	QR SELLERS	BS HUNTING	-	account_money	-	202606	PLANO V5		 1.568.767,00 
QR	BIG SELLERS	QR SELLERS	BS HUNTING	-	account_money	-	202607	PLANO V5		 1.871.641,00 
QR	BIG SELLERS	QR SELLERS	BS HUNTING	-	account_money	-	202608	PLANO V5		 2.173.748,00 
QR	BIG SELLERS	QR SELLERS	BS HUNTING	-	account_money	-	202609	PLANO V5		 2.433.598,00 
QR	BIG SELLERS	QR SELLERS	BS HUNTING	-	account_money	-	202610	PLANO V5		 2.790.527,00 
QR	BIG SELLERS	QR SELLERS	BS HUNTING	-	account_money	-	202611	PLANO V5		 3.515.291,00 
QR	BIG SELLERS	QR SELLERS	BS HUNTING	-	account_money	-	202612	PLANO V5		 4.042.729,00 
QR	BIG SELLERS	QR SELLERS	BS HUNTING	-	bank_transfer	-	202601	PLANO V5		 4.430.193,00 
QR	BIG SELLERS	QR SELLERS	BS HUNTING	-	bank_transfer	-	202602	PLANO V5		 8.021.979,00 
QR	BIG SELLERS	QR SELLERS	BS HUNTING	-	bank_transfer	-	202603	PLANO V5		 13.414.971,00 
QR	BIG SELLERS	QR SELLERS	BS HUNTING	-	bank_transfer	-	202604	PLANO V5		 18.848.218,00 
QR	BIG SELLERS	QR SELLERS	BS HUNTING	-	bank_transfer	-	202605	PLANO V5		 24.523.340,00 
QR	BIG SELLERS	QR SELLERS	BS HUNTING	-	bank_transfer	-	202606	PLANO V5		 30.227.518,00 
QR	BIG SELLERS	QR SELLERS	BS HUNTING	-	bank_transfer	-	202607	PLANO V5		 36.063.409,00 
QR	BIG SELLERS	QR SELLERS	BS HUNTING	-	bank_transfer	-	202608	PLANO V5		 41.884.498,00 
QR	BIG SELLERS	QR SELLERS	BS HUNTING	-	bank_transfer	-	202609	PLANO V5		 46.891.372,00 
QR	BIG SELLERS	QR SELLERS	BS HUNTING	-	bank_transfer	-	202610	PLANO V5		 53.768.816,00 
QR	BIG SELLERS	QR SELLERS	BS HUNTING	-	bank_transfer	-	202611	PLANO V5		 62.201.102,00 
QR	BIG SELLERS	QR SELLERS	BS HUNTING	-	bank_transfer	-	202612	PLANO V5		 71.883.114,00 
QR	BIG SELLERS	QR SELLERS	BS HUNTING	-	consumer_credits	-	202601	PLANO V5		 -   
QR	BIG SELLERS	QR SELLERS	BS HUNTING	-	consumer_credits	-	202602	PLANO V5		 -   
QR	BIG SELLERS	QR SELLERS	BS HUNTING	-	consumer_credits	-	202603	PLANO V5		 -   
QR	BIG SELLERS	QR SELLERS	BS HUNTING	-	consumer_credits	-	202604	PLANO V5		 -   
QR	BIG SELLERS	QR SELLERS	BS HUNTING	-	consumer_credits	-	202605	PLANO V5		 -   
QR	BIG SELLERS	QR SELLERS	BS HUNTING	-	consumer_credits	-	202606	PLANO V5		 -   
QR	BIG SELLERS	QR SELLERS	BS HUNTING	-	consumer_credits	-	202607	PLANO V5		 -   
QR	BIG SELLERS	QR SELLERS	BS HUNTING	-	consumer_credits	-	202608	PLANO V5		 -   
QR	BIG SELLERS	QR SELLERS	BS HUNTING	-	consumer_credits	-	202609	PLANO V5		 -   
QR	BIG SELLERS	QR SELLERS	BS HUNTING	-	consumer_credits	-	202610	PLANO V5		 -   
QR	BIG SELLERS	QR SELLERS	BS HUNTING	-	consumer_credits	-	202611	PLANO V5		 -   
QR	BIG SELLERS	QR SELLERS	BS HUNTING	-	consumer_credits	-	202612	PLANO V5		 -   
QR	BIG SELLERS	QR SELLERS	BS HUNTING	-	credit_card	-	202601	PLANO V5		 -   
QR	BIG SELLERS	QR SELLERS	BS HUNTING	-	credit_card	-	202602	PLANO V5		 -   
QR	BIG SELLERS	QR SELLERS	BS HUNTING	-	credit_card	-	202603	PLANO V5		 -   
QR	BIG SELLERS	QR SELLERS	BS HUNTING	-	credit_card	-	202604	PLANO V5		 -   
QR	BIG SELLERS	QR SELLERS	BS HUNTING	-	credit_card	-	202605	PLANO V5		 -   
QR	BIG SELLERS	QR SELLERS	BS HUNTING	-	credit_card	-	202606	PLANO V5		 -   
QR	BIG SELLERS	QR SELLERS	BS HUNTING	-	credit_card	-	202607	PLANO V5		 -   
QR	BIG SELLERS	QR SELLERS	BS HUNTING	-	credit_card	-	202608	PLANO V5		 -   
QR	BIG SELLERS	QR SELLERS	BS HUNTING	-	credit_card	-	202609	PLANO V5		 -   
QR	BIG SELLERS	QR SELLERS	BS HUNTING	-	credit_card	-	202610	PLANO V5		 -   
QR	BIG SELLERS	QR SELLERS	BS HUNTING	-	credit_card	-	202611	PLANO V5		 -   
QR	BIG SELLERS	QR SELLERS	BS HUNTING	-	credit_card	-	202612	PLANO V5		 -   
QR	BIG SELLERS	QR SELLERS	BS HUNTING	-	credit_card	1x	202601	PLANO V5		 4.434,00 
QR	BIG SELLERS	QR SELLERS	BS HUNTING	-	credit_card	1x	202602	PLANO V5		 8.029,00 
QR	BIG SELLERS	QR SELLERS	BS HUNTING	-	credit_card	1x	202603	PLANO V5		 13.427,00 
QR	BIG SELLERS	QR SELLERS	BS HUNTING	-	credit_card	1x	202604	PLANO V5		 18.866,00 
QR	BIG SELLERS	QR SELLERS	BS HUNTING	-	credit_card	1x	202605	PLANO V5		 24.546,00 
QR	BIG SELLERS	QR SELLERS	BS HUNTING	-	credit_card	1x	202606	PLANO V5		 30.256,00 
QR	BIG SELLERS	QR SELLERS	BS HUNTING	-	credit_card	1x	202607	PLANO V5		 36.097,00 
QR	BIG SELLERS	QR SELLERS	BS HUNTING	-	credit_card	1x	202608	PLANO V5		 41.923,00 
QR	BIG SELLERS	QR SELLERS	BS HUNTING	-	credit_card	1x	202609	PLANO V5		 46.935,00 
QR	BIG SELLERS	QR SELLERS	BS HUNTING	-	credit_card	1x	202610	PLANO V5		 53.819,00 
QR	BIG SELLERS	QR SELLERS	BS HUNTING	-	credit_card	1x	202611	PLANO V5		 62.259,00 
QR	BIG SELLERS	QR SELLERS	BS HUNTING	-	credit_card	1x	202612	PLANO V5		 71.950,00 
QR	BIG SELLERS	QR SELLERS	BS HUNTING	-	credit_card	2 a 6x	202601	PLANO V5		 1.883,00 
QR	BIG SELLERS	QR SELLERS	BS HUNTING	-	credit_card	2 a 6x	202602	PLANO V5		 3.409,00 
QR	BIG SELLERS	QR SELLERS	BS HUNTING	-	credit_card	2 a 6x	202603	PLANO V5		 5.701,00 
QR	BIG SELLERS	QR SELLERS	BS HUNTING	-	credit_card	2 a 6x	202604	PLANO V5		 8.009,00 
QR	BIG SELLERS	QR SELLERS	BS HUNTING	-	credit_card	2 a 6x	202605	PLANO V5		 10.421,00 
QR	BIG SELLERS	QR SELLERS	BS HUNTING	-	credit_card	2 a 6x	202606	PLANO V5		 12.845,00 
QR	BIG SELLERS	QR SELLERS	BS HUNTING	-	credit_card	2 a 6x	202607	PLANO V5		 15.325,00 
QR	BIG SELLERS	QR SELLERS	BS HUNTING	-	credit_card	2 a 6x	202608	PLANO V5		 17.798,00 
QR	BIG SELLERS	QR SELLERS	BS HUNTING	-	credit_card	2 a 6x	202609	PLANO V5		 19.926,00 
QR	BIG SELLERS	QR SELLERS	BS HUNTING	-	credit_card	2 a 6x	202610	PLANO V5		 22.848,00 
QR	BIG SELLERS	QR SELLERS	BS HUNTING	-	credit_card	2 a 6x	202611	PLANO V5		 24.502,00 
QR	BIG SELLERS	QR SELLERS	BS HUNTING	-	credit_card	2 a 6x	202612	PLANO V5		 23.803,00 
QR	BIG SELLERS	QR SELLERS	BS HUNTING	-	credit_card	7 a 12x	202601	PLANO V5		 106,00 
QR	BIG SELLERS	QR SELLERS	BS HUNTING	-	credit_card	7 a 12x	202602	PLANO V5		 192,00 
QR	BIG SELLERS	QR SELLERS	BS HUNTING	-	credit_card	7 a 12x	202603	PLANO V5		 321,00 
QR	BIG SELLERS	QR SELLERS	BS HUNTING	-	credit_card	7 a 12x	202604	PLANO V5		 451,00 
QR	BIG SELLERS	QR SELLERS	BS HUNTING	-	credit_card	7 a 12x	202605	PLANO V5		 587,00 
QR	BIG SELLERS	QR SELLERS	BS HUNTING	-	credit_card	7 a 12x	202606	PLANO V5		 724,00 
QR	BIG SELLERS	QR SELLERS	BS HUNTING	-	credit_card	7 a 12x	202607	PLANO V5		 864,00 
QR	BIG SELLERS	QR SELLERS	BS HUNTING	-	credit_card	7 a 12x	202608	PLANO V5		 1.003,00 
QR	BIG SELLERS	QR SELLERS	BS HUNTING	-	credit_card	7 a 12x	202609	PLANO V5		 1.123,00 
QR	BIG SELLERS	QR SELLERS	BS HUNTING	-	credit_card	7 a 12x	202610	PLANO V5		 1.288,00 
QR	BIG SELLERS	QR SELLERS	BS HUNTING	-	credit_card	7 a 12x	202611	PLANO V5		 3.419,00 
QR	BIG SELLERS	QR SELLERS	BS HUNTING	-	credit_card	7 a 12x	202612	PLANO V5		 8.463,00 
QR	BIG SELLERS	QR SELLERS	BS HUNTING	-	credit_card	Maior que 12x	202601	PLANO V5		 -   
QR	BIG SELLERS	QR SELLERS	BS HUNTING	-	credit_card	Maior que 12x	202602	PLANO V5		 -   
QR	BIG SELLERS	QR SELLERS	BS HUNTING	-	credit_card	Maior que 12x	202603	PLANO V5		 -   
QR	BIG SELLERS	QR SELLERS	BS HUNTING	-	credit_card	Maior que 12x	202604	PLANO V5		 -   
QR	BIG SELLERS	QR SELLERS	BS HUNTING	-	credit_card	Maior que 12x	202605	PLANO V5		 -   
QR	BIG SELLERS	QR SELLERS	BS HUNTING	-	credit_card	Maior que 12x	202606	PLANO V5		 -   
QR	BIG SELLERS	QR SELLERS	BS HUNTING	-	credit_card	Maior que 12x	202607	PLANO V5		 -   
QR	BIG SELLERS	QR SELLERS	BS HUNTING	-	credit_card	Maior que 12x	202608	PLANO V5		 -   
QR	BIG SELLERS	QR SELLERS	BS HUNTING	-	credit_card	Maior que 12x	202609	PLANO V5		 -   
QR	BIG SELLERS	QR SELLERS	BS HUNTING	-	credit_card	Maior que 12x	202610	PLANO V5		 -   
QR	BIG SELLERS	QR SELLERS	BS HUNTING	-	credit_card	Maior que 12x	202611	PLANO V5		 -   
QR	BIG SELLERS	QR SELLERS	BS HUNTING	-	credit_card	Maior que 12x	202612	PLANO V5		 -   
QR	BIG SELLERS	QR SELLERS	BS HUNTING	-	debit_card	-	202601	PLANO V5		 1.410,00 
QR	BIG SELLERS	QR SELLERS	BS HUNTING	-	debit_card	-	202602	PLANO V5		 2.553,00 
QR	BIG SELLERS	QR SELLERS	BS HUNTING	-	debit_card	-	202603	PLANO V5		 4.269,00 
QR	BIG SELLERS	QR SELLERS	BS HUNTING	-	debit_card	-	202604	PLANO V5		 5.998,00 
QR	BIG SELLERS	QR SELLERS	BS HUNTING	-	debit_card	-	202605	PLANO V5		 7.803,00 
QR	BIG SELLERS	QR SELLERS	BS HUNTING	-	debit_card	-	202606	PLANO V5		 9.618,00 
QR	BIG SELLERS	QR SELLERS	BS HUNTING	-	debit_card	-	202607	PLANO V5		 11.475,00 
QR	BIG SELLERS	QR SELLERS	BS HUNTING	-	debit_card	-	202608	PLANO V5		 13.328,00 
QR	BIG SELLERS	QR SELLERS	BS HUNTING	-	debit_card	-	202609	PLANO V5		 14.921,00 
QR	BIG SELLERS	QR SELLERS	BS HUNTING	-	debit_card	-	202610	PLANO V5		 17.109,00 
QR	BIG SELLERS	QR SELLERS	BS HUNTING	-	debit_card	-	202611	PLANO V5		 -   
QR	BIG SELLERS	QR SELLERS	BS HUNTING	-	debit_card	-	202612	PLANO V5		 -   
QR	BIG SELLERS	QR SELLERS	BS HUNTING	-	digital_currency	-	202601	PLANO V5		 95.686,00 
QR	BIG SELLERS	QR SELLERS	BS HUNTING	-	digital_currency	-	202602	PLANO V5		 173.263,00 
QR	BIG SELLERS	QR SELLERS	BS HUNTING	-	digital_currency	-	202603	PLANO V5		 289.744,00 
QR	BIG SELLERS	QR SELLERS	BS HUNTING	-	digital_currency	-	202604	PLANO V5		 407.095,00 
QR	BIG SELLERS	QR SELLERS	BS HUNTING	-	digital_currency	-	202605	PLANO V5		 529.670,00 
QR	BIG SELLERS	QR SELLERS	BS HUNTING	-	digital_currency	-	202606	PLANO V5		 652.872,00 
QR	BIG SELLERS	QR SELLERS	BS HUNTING	-	digital_currency	-	202607	PLANO V5		 778.919,00 
QR	BIG SELLERS	QR SELLERS	BS HUNTING	-	digital_currency	-	202608	PLANO V5		 904.646,00 
QR	BIG SELLERS	QR SELLERS	BS HUNTING	-	digital_currency	-	202609	PLANO V5		 1.012.787,00 
QR	BIG SELLERS	QR SELLERS	BS HUNTING	-	digital_currency	-	202610	PLANO V5		 1.161.330,00 
QR	BIG SELLERS	QR SELLERS	BS HUNTING	-	digital_currency	-	202611	PLANO V5		 1.076.109,00 
QR	BIG SELLERS	QR SELLERS	BS HUNTING	-	digital_currency	-	202612	PLANO V5		 1.263.353,00 
QR	BIG SELLERS	QR SELLERS	BS HUNTING	-	ticket	-	202601	PLANO V5		 -   
QR	BIG SELLERS	QR SELLERS	BS HUNTING	-	ticket	-	202602	PLANO V5		 -   
QR	BIG SELLERS	QR SELLERS	BS HUNTING	-	ticket	-	202603	PLANO V5		 -   
QR	BIG SELLERS	QR SELLERS	BS HUNTING	-	ticket	-	202604	PLANO V5		 -   
QR	BIG SELLERS	QR SELLERS	BS HUNTING	-	ticket	-	202605	PLANO V5		 -   
QR	BIG SELLERS	QR SELLERS	BS HUNTING	-	ticket	-	202606	PLANO V5		 -   
QR	BIG SELLERS	QR SELLERS	BS HUNTING	-	ticket	-	202607	PLANO V5		 -   
QR	BIG SELLERS	QR SELLERS	BS HUNTING	-	ticket	-	202608	PLANO V5		 -   
QR	BIG SELLERS	QR SELLERS	BS HUNTING	-	ticket	-	202609	PLANO V5		 -   
QR	BIG SELLERS	QR SELLERS	BS HUNTING	-	ticket	-	202610	PLANO V5		 -   
QR	BIG SELLERS	QR SELLERS	BS HUNTING	-	ticket	-	202611	PLANO V5		 -   
QR	BIG SELLERS	QR SELLERS	BS HUNTING	-	ticket	-	202612	PLANO V5		 -   
QR	BIG SELLERS	QR SELLERS	BS SIN TAG	-	account_money	-	202601	PLANO V5		 -   
QR	BIG SELLERS	QR SELLERS	BS SIN TAG	-	account_money	-	202602	PLANO V5		 -   
QR	BIG SELLERS	QR SELLERS	BS SIN TAG	-	account_money	-	202603	PLANO V5		 -   
QR	BIG SELLERS	QR SELLERS	BS SIN TAG	-	account_money	-	202604	PLANO V5		 -   
QR	BIG SELLERS	QR SELLERS	BS SIN TAG	-	account_money	-	202605	PLANO V5		 -   
QR	BIG SELLERS	QR SELLERS	BS SIN TAG	-	account_money	-	202606	PLANO V5		 -   
QR	BIG SELLERS	QR SELLERS	BS SIN TAG	-	account_money	-	202607	PLANO V5		 -   
QR	BIG SELLERS	QR SELLERS	BS SIN TAG	-	account_money	-	202608	PLANO V5		 -   
QR	BIG SELLERS	QR SELLERS	BS SIN TAG	-	account_money	-	202609	PLANO V5		 -   
QR	BIG SELLERS	QR SELLERS	BS SIN TAG	-	account_money	-	202610	PLANO V5		 -   
QR	BIG SELLERS	QR SELLERS	BS SIN TAG	-	account_money	-	202611	PLANO V5		 -   
QR	BIG SELLERS	QR SELLERS	BS SIN TAG	-	account_money	-	202612	PLANO V5		 -   
QR	BIG SELLERS	QR SELLERS	BS SIN TAG	-	bank_transfer	-	202601	PLANO V5		 -   
QR	BIG SELLERS	QR SELLERS	BS SIN TAG	-	bank_transfer	-	202602	PLANO V5		 -   
QR	BIG SELLERS	QR SELLERS	BS SIN TAG	-	bank_transfer	-	202603	PLANO V5		 -   
QR	BIG SELLERS	QR SELLERS	BS SIN TAG	-	bank_transfer	-	202604	PLANO V5		 -   
QR	BIG SELLERS	QR SELLERS	BS SIN TAG	-	bank_transfer	-	202605	PLANO V5		 -   
QR	BIG SELLERS	QR SELLERS	BS SIN TAG	-	bank_transfer	-	202606	PLANO V5		 -   
QR	BIG SELLERS	QR SELLERS	BS SIN TAG	-	bank_transfer	-	202607	PLANO V5		 -   
QR	BIG SELLERS	QR SELLERS	BS SIN TAG	-	bank_transfer	-	202608	PLANO V5		 -   
QR	BIG SELLERS	QR SELLERS	BS SIN TAG	-	bank_transfer	-	202609	PLANO V5		 -   
QR	BIG SELLERS	QR SELLERS	BS SIN TAG	-	bank_transfer	-	202610	PLANO V5		 -   
QR	BIG SELLERS	QR SELLERS	BS SIN TAG	-	bank_transfer	-	202611	PLANO V5		 -   
QR	BIG SELLERS	QR SELLERS	BS SIN TAG	-	bank_transfer	-	202612	PLANO V5		 -   
QR	BIG SELLERS	QR SELLERS	BS SIN TAG	-	consumer_credits	-	202601	PLANO V5		 -   
QR	BIG SELLERS	QR SELLERS	BS SIN TAG	-	consumer_credits	-	202602	PLANO V5		 -   
QR	BIG SELLERS	QR SELLERS	BS SIN TAG	-	consumer_credits	-	202603	PLANO V5		 -   
QR	BIG SELLERS	QR SELLERS	BS SIN TAG	-	consumer_credits	-	202604	PLANO V5		 -   
QR	BIG SELLERS	QR SELLERS	BS SIN TAG	-	consumer_credits	-	202605	PLANO V5		 -   
QR	BIG SELLERS	QR SELLERS	BS SIN TAG	-	consumer_credits	-	202606	PLANO V5		 -   
QR	BIG SELLERS	QR SELLERS	BS SIN TAG	-	consumer_credits	-	202607	PLANO V5		 -   
QR	BIG SELLERS	QR SELLERS	BS SIN TAG	-	consumer_credits	-	202608	PLANO V5		 -   
QR	BIG SELLERS	QR SELLERS	BS SIN TAG	-	consumer_credits	-	202609	PLANO V5		 -   
QR	BIG SELLERS	QR SELLERS	BS SIN TAG	-	consumer_credits	-	202610	PLANO V5		 -   
QR	BIG SELLERS	QR SELLERS	BS SIN TAG	-	consumer_credits	-	202611	PLANO V5		 -   
QR	BIG SELLERS	QR SELLERS	BS SIN TAG	-	consumer_credits	-	202612	PLANO V5		 -   
QR	BIG SELLERS	QR SELLERS	BS SIN TAG	-	credit_card	-	202601	PLANO V5		 -   
QR	BIG SELLERS	QR SELLERS	BS SIN TAG	-	credit_card	-	202602	PLANO V5		 -   
QR	BIG SELLERS	QR SELLERS	BS SIN TAG	-	credit_card	-	202603	PLANO V5		 -   
QR	BIG SELLERS	QR SELLERS	BS SIN TAG	-	credit_card	-	202604	PLANO V5		 -   
QR	BIG SELLERS	QR SELLERS	BS SIN TAG	-	credit_card	-	202605	PLANO V5		 -   
QR	BIG SELLERS	QR SELLERS	BS SIN TAG	-	credit_card	-	202606	PLANO V5		 -   
QR	BIG SELLERS	QR SELLERS	BS SIN TAG	-	credit_card	-	202607	PLANO V5		 -   
QR	BIG SELLERS	QR SELLERS	BS SIN TAG	-	credit_card	-	202608	PLANO V5		 -   
QR	BIG SELLERS	QR SELLERS	BS SIN TAG	-	credit_card	-	202609	PLANO V5		 -   
QR	BIG SELLERS	QR SELLERS	BS SIN TAG	-	credit_card	-	202610	PLANO V5		 -   
QR	BIG SELLERS	QR SELLERS	BS SIN TAG	-	credit_card	-	202611	PLANO V5		 -   
QR	BIG SELLERS	QR SELLERS	BS SIN TAG	-	credit_card	-	202612	PLANO V5		 -   
QR	BIG SELLERS	QR SELLERS	BS SIN TAG	-	credit_card	1x	202601	PLANO V5		 -   
QR	BIG SELLERS	QR SELLERS	BS SIN TAG	-	credit_card	1x	202602	PLANO V5		 -   
QR	BIG SELLERS	QR SELLERS	BS SIN TAG	-	credit_card	1x	202603	PLANO V5		 -   
QR	BIG SELLERS	QR SELLERS	BS SIN TAG	-	credit_card	1x	202604	PLANO V5		 -   
QR	BIG SELLERS	QR SELLERS	BS SIN TAG	-	credit_card	1x	202605	PLANO V5		 -   
QR	BIG SELLERS	QR SELLERS	BS SIN TAG	-	credit_card	1x	202606	PLANO V5		 -   
QR	BIG SELLERS	QR SELLERS	BS SIN TAG	-	credit_card	1x	202607	PLANO V5		 -   
QR	BIG SELLERS	QR SELLERS	BS SIN TAG	-	credit_card	1x	202608	PLANO V5		 -   
QR	BIG SELLERS	QR SELLERS	BS SIN TAG	-	credit_card	1x	202609	PLANO V5		 -   
QR	BIG SELLERS	QR SELLERS	BS SIN TAG	-	credit_card	1x	202610	PLANO V5		 -   
QR	BIG SELLERS	QR SELLERS	BS SIN TAG	-	credit_card	1x	202611	PLANO V5		 -   
QR	BIG SELLERS	QR SELLERS	BS SIN TAG	-	credit_card	1x	202612	PLANO V5		 -   
QR	BIG SELLERS	QR SELLERS	BS SIN TAG	-	credit_card	2 a 6x	202601	PLANO V5		 -   
QR	BIG SELLERS	QR SELLERS	BS SIN TAG	-	credit_card	2 a 6x	202602	PLANO V5		 -   
QR	BIG SELLERS	QR SELLERS	BS SIN TAG	-	credit_card	2 a 6x	202603	PLANO V5		 -   
QR	BIG SELLERS	QR SELLERS	BS SIN TAG	-	credit_card	2 a 6x	202604	PLANO V5		 -   
QR	BIG SELLERS	QR SELLERS	BS SIN TAG	-	credit_card	2 a 6x	202605	PLANO V5		 -   
QR	BIG SELLERS	QR SELLERS	BS SIN TAG	-	credit_card	2 a 6x	202606	PLANO V5		 -   
QR	BIG SELLERS	QR SELLERS	BS SIN TAG	-	credit_card	2 a 6x	202607	PLANO V5		 -   
QR	BIG SELLERS	QR SELLERS	BS SIN TAG	-	credit_card	2 a 6x	202608	PLANO V5		 -   
QR	BIG SELLERS	QR SELLERS	BS SIN TAG	-	credit_card	2 a 6x	202609	PLANO V5		 -   
QR	BIG SELLERS	QR SELLERS	BS SIN TAG	-	credit_card	2 a 6x	202610	PLANO V5		 -   
QR	BIG SELLERS	QR SELLERS	BS SIN TAG	-	credit_card	2 a 6x	202611	PLANO V5		 -   
QR	BIG SELLERS	QR SELLERS	BS SIN TAG	-	credit_card	2 a 6x	202612	PLANO V5		 -   
QR	BIG SELLERS	QR SELLERS	BS SIN TAG	-	credit_card	7 a 12x	202601	PLANO V5		 -   
QR	BIG SELLERS	QR SELLERS	BS SIN TAG	-	credit_card	7 a 12x	202602	PLANO V5		 -   
QR	BIG SELLERS	QR SELLERS	BS SIN TAG	-	credit_card	7 a 12x	202603	PLANO V5		 -   
QR	BIG SELLERS	QR SELLERS	BS SIN TAG	-	credit_card	7 a 12x	202604	PLANO V5		 -   
QR	BIG SELLERS	QR SELLERS	BS SIN TAG	-	credit_card	7 a 12x	202605	PLANO V5		 -   
QR	BIG SELLERS	QR SELLERS	BS SIN TAG	-	credit_card	7 a 12x	202606	PLANO V5		 -   
QR	BIG SELLERS	QR SELLERS	BS SIN TAG	-	credit_card	7 a 12x	202607	PLANO V5		 -   
QR	BIG SELLERS	QR SELLERS	BS SIN TAG	-	credit_card	7 a 12x	202608	PLANO V5		 -   
QR	BIG SELLERS	QR SELLERS	BS SIN TAG	-	credit_card	7 a 12x	202609	PLANO V5		 -   
QR	BIG SELLERS	QR SELLERS	BS SIN TAG	-	credit_card	7 a 12x	202610	PLANO V5		 -   
QR	BIG SELLERS	QR SELLERS	BS SIN TAG	-	credit_card	7 a 12x	202611	PLANO V5		 -   
QR	BIG SELLERS	QR SELLERS	BS SIN TAG	-	credit_card	7 a 12x	202612	PLANO V5		 -   
QR	BIG SELLERS	QR SELLERS	BS SIN TAG	-	credit_card	Maior que 12x	202601	PLANO V5		 -   
QR	BIG SELLERS	QR SELLERS	BS SIN TAG	-	credit_card	Maior que 12x	202602	PLANO V5		 -   
QR	BIG SELLERS	QR SELLERS	BS SIN TAG	-	credit_card	Maior que 12x	202603	PLANO V5		 -   
QR	BIG SELLERS	QR SELLERS	BS SIN TAG	-	credit_card	Maior que 12x	202604	PLANO V5		 -   
QR	BIG SELLERS	QR SELLERS	BS SIN TAG	-	credit_card	Maior que 12x	202605	PLANO V5		 -   
QR	BIG SELLERS	QR SELLERS	BS SIN TAG	-	credit_card	Maior que 12x	202606	PLANO V5		 -   
QR	BIG SELLERS	QR SELLERS	BS SIN TAG	-	credit_card	Maior que 12x	202607	PLANO V5		 -   
QR	BIG SELLERS	QR SELLERS	BS SIN TAG	-	credit_card	Maior que 12x	202608	PLANO V5		 -   
QR	BIG SELLERS	QR SELLERS	BS SIN TAG	-	credit_card	Maior que 12x	202609	PLANO V5		 -   
QR	BIG SELLERS	QR SELLERS	BS SIN TAG	-	credit_card	Maior que 12x	202610	PLANO V5		 -   
QR	BIG SELLERS	QR SELLERS	BS SIN TAG	-	credit_card	Maior que 12x	202611	PLANO V5		 -   
QR	BIG SELLERS	QR SELLERS	BS SIN TAG	-	credit_card	Maior que 12x	202612	PLANO V5		 -   
QR	BIG SELLERS	QR SELLERS	BS SIN TAG	-	debit_card	-	202601	PLANO V5		 -   
QR	BIG SELLERS	QR SELLERS	BS SIN TAG	-	debit_card	-	202602	PLANO V5		 -   
QR	BIG SELLERS	QR SELLERS	BS SIN TAG	-	debit_card	-	202603	PLANO V5		 -   
QR	BIG SELLERS	QR SELLERS	BS SIN TAG	-	debit_card	-	202604	PLANO V5		 -   
QR	BIG SELLERS	QR SELLERS	BS SIN TAG	-	debit_card	-	202605	PLANO V5		 -   
QR	BIG SELLERS	QR SELLERS	BS SIN TAG	-	debit_card	-	202606	PLANO V5		 -   
QR	BIG SELLERS	QR SELLERS	BS SIN TAG	-	debit_card	-	202607	PLANO V5		 -   
QR	BIG SELLERS	QR SELLERS	BS SIN TAG	-	debit_card	-	202608	PLANO V5		 -   
QR	BIG SELLERS	QR SELLERS	BS SIN TAG	-	debit_card	-	202609	PLANO V5		 -   
QR	BIG SELLERS	QR SELLERS	BS SIN TAG	-	debit_card	-	202610	PLANO V5		 -   
QR	BIG SELLERS	QR SELLERS	BS SIN TAG	-	debit_card	-	202611	PLANO V5		 -   
QR	BIG SELLERS	QR SELLERS	BS SIN TAG	-	debit_card	-	202612	PLANO V5		 -   
QR	BIG SELLERS	QR SELLERS	BS SIN TAG	-	digital_currency	-	202601	PLANO V5		 -   
QR	BIG SELLERS	QR SELLERS	BS SIN TAG	-	digital_currency	-	202602	PLANO V5		 -   
QR	BIG SELLERS	QR SELLERS	BS SIN TAG	-	digital_currency	-	202603	PLANO V5		 -   
QR	BIG SELLERS	QR SELLERS	BS SIN TAG	-	digital_currency	-	202604	PLANO V5		 -   
QR	BIG SELLERS	QR SELLERS	BS SIN TAG	-	digital_currency	-	202605	PLANO V5		 -   
QR	BIG SELLERS	QR SELLERS	BS SIN TAG	-	digital_currency	-	202606	PLANO V5		 -   
QR	BIG SELLERS	QR SELLERS	BS SIN TAG	-	digital_currency	-	202607	PLANO V5		 -   
QR	BIG SELLERS	QR SELLERS	BS SIN TAG	-	digital_currency	-	202608	PLANO V5		 -   
QR	BIG SELLERS	QR SELLERS	BS SIN TAG	-	digital_currency	-	202609	PLANO V5		 -   
QR	BIG SELLERS	QR SELLERS	BS SIN TAG	-	digital_currency	-	202610	PLANO V5		 -   
QR	BIG SELLERS	QR SELLERS	BS SIN TAG	-	digital_currency	-	202611	PLANO V5		 -   
QR	BIG SELLERS	QR SELLERS	BS SIN TAG	-	digital_currency	-	202612	PLANO V5		 -   
QR	BIG SELLERS	QR SELLERS	BS SIN TAG	-	ticket	-	202601	PLANO V5		 -   
QR	BIG SELLERS	QR SELLERS	BS SIN TAG	-	ticket	-	202602	PLANO V5		 -   
QR	BIG SELLERS	QR SELLERS	BS SIN TAG	-	ticket	-	202603	PLANO V5		 -   
QR	BIG SELLERS	QR SELLERS	BS SIN TAG	-	ticket	-	202604	PLANO V5		 -   
QR	BIG SELLERS	QR SELLERS	BS SIN TAG	-	ticket	-	202605	PLANO V5		 -   
QR	BIG SELLERS	QR SELLERS	BS SIN TAG	-	ticket	-	202606	PLANO V5		 -   
QR	BIG SELLERS	QR SELLERS	BS SIN TAG	-	ticket	-	202607	PLANO V5		 -   
QR	BIG SELLERS	QR SELLERS	BS SIN TAG	-	ticket	-	202608	PLANO V5		 -   
QR	BIG SELLERS	QR SELLERS	BS SIN TAG	-	ticket	-	202609	PLANO V5		 -   
QR	BIG SELLERS	QR SELLERS	BS SIN TAG	-	ticket	-	202610	PLANO V5		 -   
QR	BIG SELLERS	QR SELLERS	BS SIN TAG	-	ticket	-	202611	PLANO V5		 -   
QR	BIG SELLERS	QR SELLERS	BS SIN TAG	-	ticket	-	202612	PLANO V5		 -   
QR	LONGTAIL	QR SELLERS	-	AQUISICAO	account_money	-	202601	PLANO V5		 6.797.500,00 
QR	LONGTAIL	QR SELLERS	-	AQUISICAO	account_money	-	202602	PLANO V5		 8.253.709,00 
QR	LONGTAIL	QR SELLERS	-	AQUISICAO	account_money	-	202603	PLANO V5		 11.309.149,00 
QR	LONGTAIL	QR SELLERS	-	AQUISICAO	account_money	-	202604	PLANO V5		 13.257.801,00 
QR	LONGTAIL	QR SELLERS	-	AQUISICAO	account_money	-	202605	PLANO V5		 14.620.089,00 
QR	LONGTAIL	QR SELLERS	-	AQUISICAO	account_money	-	202606	PLANO V5		 16.393.761,00 
QR	LONGTAIL	QR SELLERS	-	AQUISICAO	account_money	-	202607	PLANO V5		 16.540.704,00 
QR	LONGTAIL	QR SELLERS	-	AQUISICAO	account_money	-	202608	PLANO V5		 16.204.656,00 
QR	LONGTAIL	QR SELLERS	-	AQUISICAO	account_money	-	202609	PLANO V5		 15.731.478,00 
QR	LONGTAIL	QR SELLERS	-	AQUISICAO	account_money	-	202610	PLANO V5		 16.817.730,00 
QR	LONGTAIL	QR SELLERS	-	AQUISICAO	account_money	-	202611	PLANO V5		 16.077.394,00 
QR	LONGTAIL	QR SELLERS	-	AQUISICAO	account_money	-	202612	PLANO V5		 14.971.935,00 
QR	LONGTAIL	QR SELLERS	-	AQUISICAO	bank_transfer	-	202601	PLANO V5		 79.343.263,00 
QR	LONGTAIL	QR SELLERS	-	AQUISICAO	bank_transfer	-	202602	PLANO V5		 103.930.688,00 
QR	LONGTAIL	QR SELLERS	-	AQUISICAO	bank_transfer	-	202603	PLANO V5		 140.349.785,00 
QR	LONGTAIL	QR SELLERS	-	AQUISICAO	bank_transfer	-	202604	PLANO V5		 154.527.704,00 
QR	LONGTAIL	QR SELLERS	-	AQUISICAO	bank_transfer	-	202605	PLANO V5		 174.741.348,00 
QR	LONGTAIL	QR SELLERS	-	AQUISICAO	bank_transfer	-	202606	PLANO V5		 197.162.076,00 
QR	LONGTAIL	QR SELLERS	-	AQUISICAO	bank_transfer	-	202607	PLANO V5		 204.691.264,00 
QR	LONGTAIL	QR SELLERS	-	AQUISICAO	bank_transfer	-	202608	PLANO V5		 218.939.470,00 
QR	LONGTAIL	QR SELLERS	-	AQUISICAO	bank_transfer	-	202609	PLANO V5		 232.061.364,00 
QR	LONGTAIL	QR SELLERS	-	AQUISICAO	bank_transfer	-	202610	PLANO V5		 247.606.675,00 
QR	LONGTAIL	QR SELLERS	-	AQUISICAO	bank_transfer	-	202611	PLANO V5		 249.966.237,00 
QR	LONGTAIL	QR SELLERS	-	AQUISICAO	bank_transfer	-	202612	PLANO V5		 260.829.112,00 
QR	LONGTAIL	QR SELLERS	-	AQUISICAO	consumer_credits	-	202601	PLANO V5		 -   
QR	LONGTAIL	QR SELLERS	-	AQUISICAO	consumer_credits	-	202602	PLANO V5		 -   
QR	LONGTAIL	QR SELLERS	-	AQUISICAO	consumer_credits	-	202603	PLANO V5		 -   
QR	LONGTAIL	QR SELLERS	-	AQUISICAO	consumer_credits	-	202604	PLANO V5		 -   
QR	LONGTAIL	QR SELLERS	-	AQUISICAO	consumer_credits	-	202605	PLANO V5		 -   
QR	LONGTAIL	QR SELLERS	-	AQUISICAO	consumer_credits	-	202606	PLANO V5		 -   
QR	LONGTAIL	QR SELLERS	-	AQUISICAO	consumer_credits	-	202607	PLANO V5		 -   
QR	LONGTAIL	QR SELLERS	-	AQUISICAO	consumer_credits	-	202608	PLANO V5		 -   
QR	LONGTAIL	QR SELLERS	-	AQUISICAO	consumer_credits	-	202609	PLANO V5		 -   
QR	LONGTAIL	QR SELLERS	-	AQUISICAO	consumer_credits	-	202610	PLANO V5		 -   
QR	LONGTAIL	QR SELLERS	-	AQUISICAO	consumer_credits	-	202611	PLANO V5		 -   
QR	LONGTAIL	QR SELLERS	-	AQUISICAO	consumer_credits	-	202612	PLANO V5		 -   
QR	LONGTAIL	QR SELLERS	-	AQUISICAO	credit_card	-	202601	PLANO V5		 -   
QR	LONGTAIL	QR SELLERS	-	AQUISICAO	credit_card	-	202602	PLANO V5		 -   
QR	LONGTAIL	QR SELLERS	-	AQUISICAO	credit_card	-	202603	PLANO V5		 -   
QR	LONGTAIL	QR SELLERS	-	AQUISICAO	credit_card	-	202604	PLANO V5		 -   
QR	LONGTAIL	QR SELLERS	-	AQUISICAO	credit_card	-	202605	PLANO V5		 -   
QR	LONGTAIL	QR SELLERS	-	AQUISICAO	credit_card	-	202606	PLANO V5		 -   
QR	LONGTAIL	QR SELLERS	-	AQUISICAO	credit_card	-	202607	PLANO V5		 -   
QR	LONGTAIL	QR SELLERS	-	AQUISICAO	credit_card	-	202608	PLANO V5		 -   
QR	LONGTAIL	QR SELLERS	-	AQUISICAO	credit_card	-	202609	PLANO V5		 -   
QR	LONGTAIL	QR SELLERS	-	AQUISICAO	credit_card	-	202610	PLANO V5		 -   
QR	LONGTAIL	QR SELLERS	-	AQUISICAO	credit_card	-	202611	PLANO V5		 -   
QR	LONGTAIL	QR SELLERS	-	AQUISICAO	credit_card	-	202612	PLANO V5		 -   
QR	LONGTAIL	QR SELLERS	-	AQUISICAO	credit_card	1x	202601	PLANO V5		 585.192,00 
QR	LONGTAIL	QR SELLERS	-	AQUISICAO	credit_card	1x	202602	PLANO V5		 455.408,00 
QR	LONGTAIL	QR SELLERS	-	AQUISICAO	credit_card	1x	202603	PLANO V5		 601.785,00 
QR	LONGTAIL	QR SELLERS	-	AQUISICAO	credit_card	1x	202604	PLANO V5		 700.530,00 
QR	LONGTAIL	QR SELLERS	-	AQUISICAO	credit_card	1x	202605	PLANO V5		 771.317,00 
QR	LONGTAIL	QR SELLERS	-	AQUISICAO	credit_card	1x	202606	PLANO V5		 938.726,00 
QR	LONGTAIL	QR SELLERS	-	AQUISICAO	credit_card	1x	202607	PLANO V5		 981.739,00 
QR	LONGTAIL	QR SELLERS	-	AQUISICAO	credit_card	1x	202608	PLANO V5		 943.151,00 
QR	LONGTAIL	QR SELLERS	-	AQUISICAO	credit_card	1x	202609	PLANO V5		 951.469,00 
QR	LONGTAIL	QR SELLERS	-	AQUISICAO	credit_card	1x	202610	PLANO V5		 994.889,00 
QR	LONGTAIL	QR SELLERS	-	AQUISICAO	credit_card	1x	202611	PLANO V5		 872.730,00 
QR	LONGTAIL	QR SELLERS	-	AQUISICAO	credit_card	1x	202612	PLANO V5		 681.756,00 
QR	LONGTAIL	QR SELLERS	-	AQUISICAO	credit_card	2 a 6x	202601	PLANO V5		 161.393,00 
QR	LONGTAIL	QR SELLERS	-	AQUISICAO	credit_card	2 a 6x	202602	PLANO V5		 143.217,00 
QR	LONGTAIL	QR SELLERS	-	AQUISICAO	credit_card	2 a 6x	202603	PLANO V5		 184.088,00 
QR	LONGTAIL	QR SELLERS	-	AQUISICAO	credit_card	2 a 6x	202604	PLANO V5		 218.164,00 
QR	LONGTAIL	QR SELLERS	-	AQUISICAO	credit_card	2 a 6x	202605	PLANO V5		 249.038,00 
QR	LONGTAIL	QR SELLERS	-	AQUISICAO	credit_card	2 a 6x	202606	PLANO V5		 272.515,00 
QR	LONGTAIL	QR SELLERS	-	AQUISICAO	credit_card	2 a 6x	202607	PLANO V5		 272.568,00 
QR	LONGTAIL	QR SELLERS	-	AQUISICAO	credit_card	2 a 6x	202608	PLANO V5		 249.885,00 
QR	LONGTAIL	QR SELLERS	-	AQUISICAO	credit_card	2 a 6x	202609	PLANO V5		 265.331,00 
QR	LONGTAIL	QR SELLERS	-	AQUISICAO	credit_card	2 a 6x	202610	PLANO V5		 212.167,00 
QR	LONGTAIL	QR SELLERS	-	AQUISICAO	credit_card	2 a 6x	202611	PLANO V5		 185.323,00 
QR	LONGTAIL	QR SELLERS	-	AQUISICAO	credit_card	2 a 6x	202612	PLANO V5		 143.645,00 
QR	LONGTAIL	QR SELLERS	-	AQUISICAO	credit_card	7 a 12x	202601	PLANO V5		 64.613,00 
QR	LONGTAIL	QR SELLERS	-	AQUISICAO	credit_card	7 a 12x	202602	PLANO V5		 58.162,00 
QR	LONGTAIL	QR SELLERS	-	AQUISICAO	credit_card	7 a 12x	202603	PLANO V5		 74.235,00 
QR	LONGTAIL	QR SELLERS	-	AQUISICAO	credit_card	7 a 12x	202604	PLANO V5		 89.289,00 
QR	LONGTAIL	QR SELLERS	-	AQUISICAO	credit_card	7 a 12x	202605	PLANO V5		 102.518,00 
QR	LONGTAIL	QR SELLERS	-	AQUISICAO	credit_card	7 a 12x	202606	PLANO V5		 110.948,00 
QR	LONGTAIL	QR SELLERS	-	AQUISICAO	credit_card	7 a 12x	202607	PLANO V5		 111.116,00 
QR	LONGTAIL	QR SELLERS	-	AQUISICAO	credit_card	7 a 12x	202608	PLANO V5		 102.024,00 
QR	LONGTAIL	QR SELLERS	-	AQUISICAO	credit_card	7 a 12x	202609	PLANO V5		 108.270,00 
QR	LONGTAIL	QR SELLERS	-	AQUISICAO	credit_card	7 a 12x	202610	PLANO V5		 86.292,00 
QR	LONGTAIL	QR SELLERS	-	AQUISICAO	credit_card	7 a 12x	202611	PLANO V5		 75.679,00 
QR	LONGTAIL	QR SELLERS	-	AQUISICAO	credit_card	7 a 12x	202612	PLANO V5		 58.539,00 
QR	LONGTAIL	QR SELLERS	-	AQUISICAO	credit_card	Maior que 12x	202601	PLANO V5		 -   
QR	LONGTAIL	QR SELLERS	-	AQUISICAO	credit_card	Maior que 12x	202602	PLANO V5		 -   
QR	LONGTAIL	QR SELLERS	-	AQUISICAO	credit_card	Maior que 12x	202603	PLANO V5		 -   
QR	LONGTAIL	QR SELLERS	-	AQUISICAO	credit_card	Maior que 12x	202604	PLANO V5		 -   
QR	LONGTAIL	QR SELLERS	-	AQUISICAO	credit_card	Maior que 12x	202605	PLANO V5		 -   
QR	LONGTAIL	QR SELLERS	-	AQUISICAO	credit_card	Maior que 12x	202606	PLANO V5		 -   
QR	LONGTAIL	QR SELLERS	-	AQUISICAO	credit_card	Maior que 12x	202607	PLANO V5		 -   
QR	LONGTAIL	QR SELLERS	-	AQUISICAO	credit_card	Maior que 12x	202608	PLANO V5		 -   
QR	LONGTAIL	QR SELLERS	-	AQUISICAO	credit_card	Maior que 12x	202609	PLANO V5		 -   
QR	LONGTAIL	QR SELLERS	-	AQUISICAO	credit_card	Maior que 12x	202610	PLANO V5		 -   
QR	LONGTAIL	QR SELLERS	-	AQUISICAO	credit_card	Maior que 12x	202611	PLANO V5		 -   
QR	LONGTAIL	QR SELLERS	-	AQUISICAO	credit_card	Maior que 12x	202612	PLANO V5		 -   
QR	LONGTAIL	QR SELLERS	-	AQUISICAO	debit_card	-	202601	PLANO V5		 745,00 
QR	LONGTAIL	QR SELLERS	-	AQUISICAO	debit_card	-	202602	PLANO V5		 1.218,00 
QR	LONGTAIL	QR SELLERS	-	AQUISICAO	debit_card	-	202603	PLANO V5		 1.108,00 
QR	LONGTAIL	QR SELLERS	-	AQUISICAO	debit_card	-	202604	PLANO V5		 1.493,00 
QR	LONGTAIL	QR SELLERS	-	AQUISICAO	debit_card	-	202605	PLANO V5		 1.707,00 
QR	LONGTAIL	QR SELLERS	-	AQUISICAO	debit_card	-	202606	PLANO V5		 1.761,00 
QR	LONGTAIL	QR SELLERS	-	AQUISICAO	debit_card	-	202607	PLANO V5		 1.887,00 
QR	LONGTAIL	QR SELLERS	-	AQUISICAO	debit_card	-	202608	PLANO V5		 1.986,00 
QR	LONGTAIL	QR SELLERS	-	AQUISICAO	debit_card	-	202609	PLANO V5		 2.063,00 
QR	LONGTAIL	QR SELLERS	-	AQUISICAO	debit_card	-	202610	PLANO V5		 2.220,00 
QR	LONGTAIL	QR SELLERS	-	AQUISICAO	debit_card	-	202611	PLANO V5		 2.225,00 
QR	LONGTAIL	QR SELLERS	-	AQUISICAO	debit_card	-	202612	PLANO V5		 2.291,00 
QR	LONGTAIL	QR SELLERS	-	AQUISICAO	digital_currency	-	202601	PLANO V5		 6.496.041,00 
QR	LONGTAIL	QR SELLERS	-	AQUISICAO	digital_currency	-	202602	PLANO V5		 6.129.659,00 
QR	LONGTAIL	QR SELLERS	-	AQUISICAO	digital_currency	-	202603	PLANO V5		 9.601.082,00 
QR	LONGTAIL	QR SELLERS	-	AQUISICAO	digital_currency	-	202604	PLANO V5		 10.058.694,00 
QR	LONGTAIL	QR SELLERS	-	AQUISICAO	digital_currency	-	202605	PLANO V5		 10.990.874,00 
QR	LONGTAIL	QR SELLERS	-	AQUISICAO	digital_currency	-	202606	PLANO V5		 8.553.331,00 
QR	LONGTAIL	QR SELLERS	-	AQUISICAO	digital_currency	-	202607	PLANO V5		 6.516.637,00 
QR	LONGTAIL	QR SELLERS	-	AQUISICAO	digital_currency	-	202608	PLANO V5		 5.828.291,00 
QR	LONGTAIL	QR SELLERS	-	AQUISICAO	digital_currency	-	202609	PLANO V5		 5.371.212,00 
QR	LONGTAIL	QR SELLERS	-	AQUISICAO	digital_currency	-	202610	PLANO V5		 5.726.008,00 
QR	LONGTAIL	QR SELLERS	-	AQUISICAO	digital_currency	-	202611	PLANO V5		 5.522.250,00 
QR	LONGTAIL	QR SELLERS	-	AQUISICAO	digital_currency	-	202612	PLANO V5		 4.439.852,00 
QR	LONGTAIL	QR SELLERS	-	AQUISICAO	ticket	-	202601	PLANO V5		 -   
QR	LONGTAIL	QR SELLERS	-	AQUISICAO	ticket	-	202602	PLANO V5		 -   
QR	LONGTAIL	QR SELLERS	-	AQUISICAO	ticket	-	202603	PLANO V5		 -   
QR	LONGTAIL	QR SELLERS	-	AQUISICAO	ticket	-	202604	PLANO V5		 -   
QR	LONGTAIL	QR SELLERS	-	AQUISICAO	ticket	-	202605	PLANO V5		 -   
QR	LONGTAIL	QR SELLERS	-	AQUISICAO	ticket	-	202606	PLANO V5		 -   
QR	LONGTAIL	QR SELLERS	-	AQUISICAO	ticket	-	202607	PLANO V5		 -   
QR	LONGTAIL	QR SELLERS	-	AQUISICAO	ticket	-	202608	PLANO V5		 -   
QR	LONGTAIL	QR SELLERS	-	AQUISICAO	ticket	-	202609	PLANO V5		 -   
QR	LONGTAIL	QR SELLERS	-	AQUISICAO	ticket	-	202610	PLANO V5		 -   
QR	LONGTAIL	QR SELLERS	-	AQUISICAO	ticket	-	202611	PLANO V5		 -   
QR	LONGTAIL	QR SELLERS	-	AQUISICAO	ticket	-	202612	PLANO V5		 -   
QR	LONGTAIL	QR SELLERS	-	LEGADO	account_money	-	202601	PLANO V5		 52.627.577,00 
QR	LONGTAIL	QR SELLERS	-	LEGADO	account_money	-	202602	PLANO V5		 50.535.521,00 
QR	LONGTAIL	QR SELLERS	-	LEGADO	account_money	-	202603	PLANO V5		 51.578.229,00 
QR	LONGTAIL	QR SELLERS	-	LEGADO	account_money	-	202604	PLANO V5		 49.126.807,00 
QR	LONGTAIL	QR SELLERS	-	LEGADO	account_money	-	202605	PLANO V5		 50.035.106,00 
QR	LONGTAIL	QR SELLERS	-	LEGADO	account_money	-	202606	PLANO V5		 46.832.980,00 
QR	LONGTAIL	QR SELLERS	-	LEGADO	account_money	-	202607	PLANO V5		 64.953.148,00 
QR	LONGTAIL	QR SELLERS	-	LEGADO	account_money	-	202608	PLANO V5		 71.796.611,00 
QR	LONGTAIL	QR SELLERS	-	LEGADO	account_money	-	202609	PLANO V5		 30.014.158,00 
QR	LONGTAIL	QR SELLERS	-	LEGADO	account_money	-	202610	PLANO V5		 30.753.220,00 
QR	LONGTAIL	QR SELLERS	-	LEGADO	account_money	-	202611	PLANO V5		 29.395.145,00 
QR	LONGTAIL	QR SELLERS	-	LEGADO	account_money	-	202612	PLANO V5		 40.553.437,00 
QR	LONGTAIL	QR SELLERS	-	LEGADO	bank_transfer	-	202601	PLANO V5		 964.423.010,00 
QR	LONGTAIL	QR SELLERS	-	LEGADO	bank_transfer	-	202602	PLANO V5		 890.289.461,00 
QR	LONGTAIL	QR SELLERS	-	LEGADO	bank_transfer	-	202603	PLANO V5		 938.321.742,00 
QR	LONGTAIL	QR SELLERS	-	LEGADO	bank_transfer	-	202604	PLANO V5		 874.945.224,00 
QR	LONGTAIL	QR SELLERS	-	LEGADO	bank_transfer	-	202605	PLANO V5		 913.427.604,00 
QR	LONGTAIL	QR SELLERS	-	LEGADO	bank_transfer	-	202606	PLANO V5		 837.349.610,00 
QR	LONGTAIL	QR SELLERS	-	LEGADO	bank_transfer	-	202607	PLANO V5		 863.309.132,00 
QR	LONGTAIL	QR SELLERS	-	LEGADO	bank_transfer	-	202608	PLANO V5		 833.645.581,00 
QR	LONGTAIL	QR SELLERS	-	LEGADO	bank_transfer	-	202609	PLANO V5		 807.631.982,00 
QR	LONGTAIL	QR SELLERS	-	LEGADO	bank_transfer	-	202610	PLANO V5		 829.209.199,00 
QR	LONGTAIL	QR SELLERS	-	LEGADO	bank_transfer	-	202611	PLANO V5		 823.415.418,00 
QR	LONGTAIL	QR SELLERS	-	LEGADO	bank_transfer	-	202612	PLANO V5		 930.353.584,00 
QR	LONGTAIL	QR SELLERS	-	LEGADO	consumer_credits	-	202601	PLANO V5		 -   
QR	LONGTAIL	QR SELLERS	-	LEGADO	consumer_credits	-	202602	PLANO V5		 -   
QR	LONGTAIL	QR SELLERS	-	LEGADO	consumer_credits	-	202603	PLANO V5		 -   
QR	LONGTAIL	QR SELLERS	-	LEGADO	consumer_credits	-	202604	PLANO V5		 -   
QR	LONGTAIL	QR SELLERS	-	LEGADO	consumer_credits	-	202605	PLANO V5		 -   
QR	LONGTAIL	QR SELLERS	-	LEGADO	consumer_credits	-	202606	PLANO V5		 -   
QR	LONGTAIL	QR SELLERS	-	LEGADO	consumer_credits	-	202607	PLANO V5		 -   
QR	LONGTAIL	QR SELLERS	-	LEGADO	consumer_credits	-	202608	PLANO V5		 -   
QR	LONGTAIL	QR SELLERS	-	LEGADO	consumer_credits	-	202609	PLANO V5		 -   
QR	LONGTAIL	QR SELLERS	-	LEGADO	consumer_credits	-	202610	PLANO V5		 -   
QR	LONGTAIL	QR SELLERS	-	LEGADO	consumer_credits	-	202611	PLANO V5		 -   
QR	LONGTAIL	QR SELLERS	-	LEGADO	consumer_credits	-	202612	PLANO V5		 -   
QR	LONGTAIL	QR SELLERS	-	LEGADO	credit_card	-	202601	PLANO V5		 -   
QR	LONGTAIL	QR SELLERS	-	LEGADO	credit_card	-	202602	PLANO V5		 -   
QR	LONGTAIL	QR SELLERS	-	LEGADO	credit_card	-	202603	PLANO V5		 -   
QR	LONGTAIL	QR SELLERS	-	LEGADO	credit_card	-	202604	PLANO V5		 -   
QR	LONGTAIL	QR SELLERS	-	LEGADO	credit_card	-	202605	PLANO V5		 -   
QR	LONGTAIL	QR SELLERS	-	LEGADO	credit_card	-	202606	PLANO V5		 -   
QR	LONGTAIL	QR SELLERS	-	LEGADO	credit_card	-	202607	PLANO V5		 -   
QR	LONGTAIL	QR SELLERS	-	LEGADO	credit_card	-	202608	PLANO V5		 -   
QR	LONGTAIL	QR SELLERS	-	LEGADO	credit_card	-	202609	PLANO V5		 -   
QR	LONGTAIL	QR SELLERS	-	LEGADO	credit_card	-	202610	PLANO V5		 -   
QR	LONGTAIL	QR SELLERS	-	LEGADO	credit_card	-	202611	PLANO V5		 -   
QR	LONGTAIL	QR SELLERS	-	LEGADO	credit_card	-	202612	PLANO V5		 -   
QR	LONGTAIL	QR SELLERS	-	LEGADO	credit_card	1x	202601	PLANO V5		 4.571.833,00 
QR	LONGTAIL	QR SELLERS	-	LEGADO	credit_card	1x	202602	PLANO V5		 4.288.254,00 
QR	LONGTAIL	QR SELLERS	-	LEGADO	credit_card	1x	202603	PLANO V5		 4.372.806,00 
QR	LONGTAIL	QR SELLERS	-	LEGADO	credit_card	1x	202604	PLANO V5		 3.726.926,00 
QR	LONGTAIL	QR SELLERS	-	LEGADO	credit_card	1x	202605	PLANO V5		 3.690.768,00 
QR	LONGTAIL	QR SELLERS	-	LEGADO	credit_card	1x	202606	PLANO V5		 3.539.003,00 
QR	LONGTAIL	QR SELLERS	-	LEGADO	credit_card	1x	202607	PLANO V5		 3.170.948,00 
QR	LONGTAIL	QR SELLERS	-	LEGADO	credit_card	1x	202608	PLANO V5		 3.082.114,00 
QR	LONGTAIL	QR SELLERS	-	LEGADO	credit_card	1x	202609	PLANO V5		 2.891.465,00 
QR	LONGTAIL	QR SELLERS	-	LEGADO	credit_card	1x	202610	PLANO V5		 2.647.219,00 
QR	LONGTAIL	QR SELLERS	-	LEGADO	credit_card	1x	202611	PLANO V5		 1.804.602,00 
QR	LONGTAIL	QR SELLERS	-	LEGADO	credit_card	1x	202612	PLANO V5		 2.461.230,00 
QR	LONGTAIL	QR SELLERS	-	LEGADO	credit_card	2 a 6x	202601	PLANO V5		 1.525.866,00 
QR	LONGTAIL	QR SELLERS	-	LEGADO	credit_card	2 a 6x	202602	PLANO V5		 1.291.481,00 
QR	LONGTAIL	QR SELLERS	-	LEGADO	credit_card	2 a 6x	202603	PLANO V5		 1.326.813,00 
QR	LONGTAIL	QR SELLERS	-	LEGADO	credit_card	2 a 6x	202604	PLANO V5		 1.183.910,00 
QR	LONGTAIL	QR SELLERS	-	LEGADO	credit_card	2 a 6x	202605	PLANO V5		 1.200.908,00 
QR	LONGTAIL	QR SELLERS	-	LEGADO	credit_card	2 a 6x	202606	PLANO V5		 1.116.146,00 
QR	LONGTAIL	QR SELLERS	-	LEGADO	credit_card	2 a 6x	202607	PLANO V5		 1.029.016,00 
QR	LONGTAIL	QR SELLERS	-	LEGADO	credit_card	2 a 6x	202608	PLANO V5		 931.050,00 
QR	LONGTAIL	QR SELLERS	-	LEGADO	credit_card	2 a 6x	202609	PLANO V5		 840.342,00 
QR	LONGTAIL	QR SELLERS	-	LEGADO	credit_card	2 a 6x	202610	PLANO V5		 732.329,00 
QR	LONGTAIL	QR SELLERS	-	LEGADO	credit_card	2 a 6x	202611	PLANO V5		 512.039,00 
QR	LONGTAIL	QR SELLERS	-	LEGADO	credit_card	2 a 6x	202612	PLANO V5		 630.236,00 
QR	LONGTAIL	QR SELLERS	-	LEGADO	credit_card	7 a 12x	202601	PLANO V5		 753.709,00 
QR	LONGTAIL	QR SELLERS	-	LEGADO	credit_card	7 a 12x	202602	PLANO V5		 624.208,00 
QR	LONGTAIL	QR SELLERS	-	LEGADO	credit_card	7 a 12x	202603	PLANO V5		 651.571,00 
QR	LONGTAIL	QR SELLERS	-	LEGADO	credit_card	7 a 12x	202604	PLANO V5		 564.798,00 
QR	LONGTAIL	QR SELLERS	-	LEGADO	credit_card	7 a 12x	202605	PLANO V5		 579.445,00 
QR	LONGTAIL	QR SELLERS	-	LEGADO	credit_card	7 a 12x	202606	PLANO V5		 546.754,00 
QR	LONGTAIL	QR SELLERS	-	LEGADO	credit_card	7 a 12x	202607	PLANO V5		 496.234,00 
QR	LONGTAIL	QR SELLERS	-	LEGADO	credit_card	7 a 12x	202608	PLANO V5		 443.654,00 
QR	LONGTAIL	QR SELLERS	-	LEGADO	credit_card	7 a 12x	202609	PLANO V5		 391.369,00 
QR	LONGTAIL	QR SELLERS	-	LEGADO	credit_card	7 a 12x	202610	PLANO V5		 348.035,00 
QR	LONGTAIL	QR SELLERS	-	LEGADO	credit_card	7 a 12x	202611	PLANO V5		 246.477,00 
QR	LONGTAIL	QR SELLERS	-	LEGADO	credit_card	7 a 12x	202612	PLANO V5		 313.722,00 
QR	LONGTAIL	QR SELLERS	-	LEGADO	credit_card	Maior que 12x	202601	PLANO V5		 -   
QR	LONGTAIL	QR SELLERS	-	LEGADO	credit_card	Maior que 12x	202602	PLANO V5		 -   
QR	LONGTAIL	QR SELLERS	-	LEGADO	credit_card	Maior que 12x	202603	PLANO V5		 -   
QR	LONGTAIL	QR SELLERS	-	LEGADO	credit_card	Maior que 12x	202604	PLANO V5		 -   
QR	LONGTAIL	QR SELLERS	-	LEGADO	credit_card	Maior que 12x	202605	PLANO V5		 -   
QR	LONGTAIL	QR SELLERS	-	LEGADO	credit_card	Maior que 12x	202606	PLANO V5		 -   
QR	LONGTAIL	QR SELLERS	-	LEGADO	credit_card	Maior que 12x	202607	PLANO V5		 -   
QR	LONGTAIL	QR SELLERS	-	LEGADO	credit_card	Maior que 12x	202608	PLANO V5		 -   
QR	LONGTAIL	QR SELLERS	-	LEGADO	credit_card	Maior que 12x	202609	PLANO V5		 -   
QR	LONGTAIL	QR SELLERS	-	LEGADO	credit_card	Maior que 12x	202610	PLANO V5		 -   
QR	LONGTAIL	QR SELLERS	-	LEGADO	credit_card	Maior que 12x	202611	PLANO V5		 -   
QR	LONGTAIL	QR SELLERS	-	LEGADO	credit_card	Maior que 12x	202612	PLANO V5		 -   
QR	LONGTAIL	QR SELLERS	-	LEGADO	debit_card	-	202601	PLANO V5		 18.606,00 
QR	LONGTAIL	QR SELLERS	-	LEGADO	debit_card	-	202602	PLANO V5		 16.827,00 
QR	LONGTAIL	QR SELLERS	-	LEGADO	debit_card	-	202603	PLANO V5		 19.342,00 
QR	LONGTAIL	QR SELLERS	-	LEGADO	debit_card	-	202604	PLANO V5		 11.331,00 
QR	LONGTAIL	QR SELLERS	-	LEGADO	debit_card	-	202605	PLANO V5		 16.258,00 
QR	LONGTAIL	QR SELLERS	-	LEGADO	debit_card	-	202606	PLANO V5		 19.027,00 
QR	LONGTAIL	QR SELLERS	-	LEGADO	debit_card	-	202607	PLANO V5		 15.571,00 
QR	LONGTAIL	QR SELLERS	-	LEGADO	debit_card	-	202608	PLANO V5		 16.579,00 
QR	LONGTAIL	QR SELLERS	-	LEGADO	debit_card	-	202609	PLANO V5		 15.788,00 
QR	LONGTAIL	QR SELLERS	-	LEGADO	debit_card	-	202610	PLANO V5		 15.448,00 
QR	LONGTAIL	QR SELLERS	-	LEGADO	debit_card	-	202611	PLANO V5		 15.610,00 
QR	LONGTAIL	QR SELLERS	-	LEGADO	debit_card	-	202612	PLANO V5		 39.103,00 
QR	LONGTAIL	QR SELLERS	-	LEGADO	digital_currency	-	202601	PLANO V5		 22.117.656,00 
QR	LONGTAIL	QR SELLERS	-	LEGADO	digital_currency	-	202602	PLANO V5		 22.991.832,00 
QR	LONGTAIL	QR SELLERS	-	LEGADO	digital_currency	-	202603	PLANO V5		 23.428.244,00 
QR	LONGTAIL	QR SELLERS	-	LEGADO	digital_currency	-	202604	PLANO V5		 20.566.683,00 
QR	LONGTAIL	QR SELLERS	-	LEGADO	digital_currency	-	202605	PLANO V5		 15.239.840,00 
QR	LONGTAIL	QR SELLERS	-	LEGADO	digital_currency	-	202606	PLANO V5		 10.128.008,00 
QR	LONGTAIL	QR SELLERS	-	LEGADO	digital_currency	-	202607	PLANO V5		 8.874.866,00 
QR	LONGTAIL	QR SELLERS	-	LEGADO	digital_currency	-	202608	PLANO V5		 7.658.738,00 
QR	LONGTAIL	QR SELLERS	-	LEGADO	digital_currency	-	202609	PLANO V5		 7.719.395,00 
QR	LONGTAIL	QR SELLERS	-	LEGADO	digital_currency	-	202610	PLANO V5		 7.664.276,00 
QR	LONGTAIL	QR SELLERS	-	LEGADO	digital_currency	-	202611	PLANO V5		 5.767.319,00 
QR	LONGTAIL	QR SELLERS	-	LEGADO	digital_currency	-	202612	PLANO V5		 13.631.447,00 
QR	LONGTAIL	QR SELLERS	-	LEGADO	ticket	-	202601	PLANO V5		 -   
QR	LONGTAIL	QR SELLERS	-	LEGADO	ticket	-	202602	PLANO V5		 -   
QR	LONGTAIL	QR SELLERS	-	LEGADO	ticket	-	202603	PLANO V5		 -   
QR	LONGTAIL	QR SELLERS	-	LEGADO	ticket	-	202604	PLANO V5		 -   
QR	LONGTAIL	QR SELLERS	-	LEGADO	ticket	-	202605	PLANO V5		 -   
QR	LONGTAIL	QR SELLERS	-	LEGADO	ticket	-	202606	PLANO V5		 -   
QR	LONGTAIL	QR SELLERS	-	LEGADO	ticket	-	202607	PLANO V5		 -   
QR	LONGTAIL	QR SELLERS	-	LEGADO	ticket	-	202608	PLANO V5		 -   
QR	LONGTAIL	QR SELLERS	-	LEGADO	ticket	-	202609	PLANO V5		 -   
QR	LONGTAIL	QR SELLERS	-	LEGADO	ticket	-	202610	PLANO V5		 -   
QR	LONGTAIL	QR SELLERS	-	LEGADO	ticket	-	202611	PLANO V5		 -   
QR	LONGTAIL	QR SELLERS	-	LEGADO	ticket	-	202612	PLANO V5		 -   
QR	SMB	QR SELLERS	-	AQUISICAO	account_money	-	202601	PLANO V5		 22.222.571,00 
QR	SMB	QR SELLERS	-	AQUISICAO	account_money	-	202602	PLANO V5		 36.945.237,00 
QR	SMB	QR SELLERS	-	AQUISICAO	account_money	-	202603	PLANO V5		 53.923.701,00 
QR	SMB	QR SELLERS	-	AQUISICAO	account_money	-	202604	PLANO V5		 78.142.494,00 
QR	SMB	QR SELLERS	-	AQUISICAO	account_money	-	202605	PLANO V5		 93.638.044,00 
QR	SMB	QR SELLERS	-	AQUISICAO	account_money	-	202606	PLANO V5		 94.007.412,00 
QR	SMB	QR SELLERS	-	AQUISICAO	account_money	-	202607	PLANO V5		 121.282.938,00 
QR	SMB	QR SELLERS	-	AQUISICAO	account_money	-	202608	PLANO V5		 110.492.359,00 
QR	SMB	QR SELLERS	-	AQUISICAO	account_money	-	202609	PLANO V5		 113.863.574,00 
QR	SMB	QR SELLERS	-	AQUISICAO	account_money	-	202610	PLANO V5		 132.698.157,00 
QR	SMB	QR SELLERS	-	AQUISICAO	account_money	-	202611	PLANO V5		 138.735.318,00 
QR	SMB	QR SELLERS	-	AQUISICAO	account_money	-	202612	PLANO V5		 143.912.848,00 
QR	SMB	QR SELLERS	-	AQUISICAO	bank_transfer	-	202601	PLANO V5		 82.420.318,00 
QR	SMB	QR SELLERS	-	AQUISICAO	bank_transfer	-	202602	PLANO V5		 176.053.024,00 
QR	SMB	QR SELLERS	-	AQUISICAO	bank_transfer	-	202603	PLANO V5		 283.956.237,00 
QR	SMB	QR SELLERS	-	AQUISICAO	bank_transfer	-	202604	PLANO V5		 364.185.561,00 
QR	SMB	QR SELLERS	-	AQUISICAO	bank_transfer	-	202605	PLANO V5		 482.867.620,00 
QR	SMB	QR SELLERS	-	AQUISICAO	bank_transfer	-	202606	PLANO V5		 550.651.972,00 
QR	SMB	QR SELLERS	-	AQUISICAO	bank_transfer	-	202607	PLANO V5		 670.218.333,00 
QR	SMB	QR SELLERS	-	AQUISICAO	bank_transfer	-	202608	PLANO V5		 765.433.112,00 
QR	SMB	QR SELLERS	-	AQUISICAO	bank_transfer	-	202609	PLANO V5		 850.545.170,00 
QR	SMB	QR SELLERS	-	AQUISICAO	bank_transfer	-	202610	PLANO V5		 947.227.748,00 
QR	SMB	QR SELLERS	-	AQUISICAO	bank_transfer	-	202611	PLANO V5		 1.056.522.100,00 
QR	SMB	QR SELLERS	-	AQUISICAO	bank_transfer	-	202612	PLANO V5		 1.365.339.523,00 
QR	SMB	QR SELLERS	-	AQUISICAO	consumer_credits	-	202601	PLANO V5		 -   
QR	SMB	QR SELLERS	-	AQUISICAO	consumer_credits	-	202602	PLANO V5		 -   
QR	SMB	QR SELLERS	-	AQUISICAO	consumer_credits	-	202603	PLANO V5		 -   
QR	SMB	QR SELLERS	-	AQUISICAO	consumer_credits	-	202604	PLANO V5		 -   
QR	SMB	QR SELLERS	-	AQUISICAO	consumer_credits	-	202605	PLANO V5		 -   
QR	SMB	QR SELLERS	-	AQUISICAO	consumer_credits	-	202606	PLANO V5		 -   
QR	SMB	QR SELLERS	-	AQUISICAO	consumer_credits	-	202607	PLANO V5		 -   
QR	SMB	QR SELLERS	-	AQUISICAO	consumer_credits	-	202608	PLANO V5		 -   
QR	SMB	QR SELLERS	-	AQUISICAO	consumer_credits	-	202609	PLANO V5		 -   
QR	SMB	QR SELLERS	-	AQUISICAO	consumer_credits	-	202610	PLANO V5		 -   
QR	SMB	QR SELLERS	-	AQUISICAO	consumer_credits	-	202611	PLANO V5		 -   
QR	SMB	QR SELLERS	-	AQUISICAO	consumer_credits	-	202612	PLANO V5		 -   
QR	SMB	QR SELLERS	-	AQUISICAO	credit_card	-	202601	PLANO V5		 -   
QR	SMB	QR SELLERS	-	AQUISICAO	credit_card	-	202602	PLANO V5		 -   
QR	SMB	QR SELLERS	-	AQUISICAO	credit_card	-	202603	PLANO V5		 -   
QR	SMB	QR SELLERS	-	AQUISICAO	credit_card	-	202604	PLANO V5		 -   
QR	SMB	QR SELLERS	-	AQUISICAO	credit_card	-	202605	PLANO V5		 -   
QR	SMB	QR SELLERS	-	AQUISICAO	credit_card	-	202606	PLANO V5		 -   
QR	SMB	QR SELLERS	-	AQUISICAO	credit_card	-	202607	PLANO V5		 -   
QR	SMB	QR SELLERS	-	AQUISICAO	credit_card	-	202608	PLANO V5		 -   
QR	SMB	QR SELLERS	-	AQUISICAO	credit_card	-	202609	PLANO V5		 -   
QR	SMB	QR SELLERS	-	AQUISICAO	credit_card	-	202610	PLANO V5		 -   
QR	SMB	QR SELLERS	-	AQUISICAO	credit_card	-	202611	PLANO V5		 -   
QR	SMB	QR SELLERS	-	AQUISICAO	credit_card	-	202612	PLANO V5		 -   
QR	SMB	QR SELLERS	-	AQUISICAO	credit_card	1x	202601	PLANO V5		 173.693,00 
QR	SMB	QR SELLERS	-	AQUISICAO	credit_card	1x	202602	PLANO V5		 227.256,00 
QR	SMB	QR SELLERS	-	AQUISICAO	credit_card	1x	202603	PLANO V5		 337.629,00 
QR	SMB	QR SELLERS	-	AQUISICAO	credit_card	1x	202604	PLANO V5		 463.143,00 
QR	SMB	QR SELLERS	-	AQUISICAO	credit_card	1x	202605	PLANO V5		 550.663,00 
QR	SMB	QR SELLERS	-	AQUISICAO	credit_card	1x	202606	PLANO V5		 677.470,00 
QR	SMB	QR SELLERS	-	AQUISICAO	credit_card	1x	202607	PLANO V5		 806.530,00 
QR	SMB	QR SELLERS	-	AQUISICAO	credit_card	1x	202608	PLANO V5		 874.824,00 
QR	SMB	QR SELLERS	-	AQUISICAO	credit_card	1x	202609	PLANO V5		 877.701,00 
QR	SMB	QR SELLERS	-	AQUISICAO	credit_card	1x	202610	PLANO V5		 1.081.553,00 
QR	SMB	QR SELLERS	-	AQUISICAO	credit_card	1x	202611	PLANO V5		 966.980,00 
QR	SMB	QR SELLERS	-	AQUISICAO	credit_card	1x	202612	PLANO V5		 1.168.728,00 
QR	SMB	QR SELLERS	-	AQUISICAO	credit_card	2 a 6x	202601	PLANO V5		 81.691,00 
QR	SMB	QR SELLERS	-	AQUISICAO	credit_card	2 a 6x	202602	PLANO V5		 74.294,00 
QR	SMB	QR SELLERS	-	AQUISICAO	credit_card	2 a 6x	202603	PLANO V5		 90.386,00 
QR	SMB	QR SELLERS	-	AQUISICAO	credit_card	2 a 6x	202604	PLANO V5		 162.628,00 
QR	SMB	QR SELLERS	-	AQUISICAO	credit_card	2 a 6x	202605	PLANO V5		 146.848,00 
QR	SMB	QR SELLERS	-	AQUISICAO	credit_card	2 a 6x	202606	PLANO V5		 179.873,00 
QR	SMB	QR SELLERS	-	AQUISICAO	credit_card	2 a 6x	202607	PLANO V5		 245.984,00 
QR	SMB	QR SELLERS	-	AQUISICAO	credit_card	2 a 6x	202608	PLANO V5		 283.770,00 
QR	SMB	QR SELLERS	-	AQUISICAO	credit_card	2 a 6x	202609	PLANO V5		 338.694,00 
QR	SMB	QR SELLERS	-	AQUISICAO	credit_card	2 a 6x	202610	PLANO V5		 439.092,00 
QR	SMB	QR SELLERS	-	AQUISICAO	credit_card	2 a 6x	202611	PLANO V5		 326.427,00 
QR	SMB	QR SELLERS	-	AQUISICAO	credit_card	2 a 6x	202612	PLANO V5		 373.605,00 
QR	SMB	QR SELLERS	-	AQUISICAO	credit_card	7 a 12x	202601	PLANO V5		 6.313,00 
QR	SMB	QR SELLERS	-	AQUISICAO	credit_card	7 a 12x	202602	PLANO V5		 11.741,00 
QR	SMB	QR SELLERS	-	AQUISICAO	credit_card	7 a 12x	202603	PLANO V5		 15.691,00 
QR	SMB	QR SELLERS	-	AQUISICAO	credit_card	7 a 12x	202604	PLANO V5		 29.431,00 
QR	SMB	QR SELLERS	-	AQUISICAO	credit_card	7 a 12x	202605	PLANO V5		 26.363,00 
QR	SMB	QR SELLERS	-	AQUISICAO	credit_card	7 a 12x	202606	PLANO V5		 32.417,00 
QR	SMB	QR SELLERS	-	AQUISICAO	credit_card	7 a 12x	202607	PLANO V5		 41.898,00 
QR	SMB	QR SELLERS	-	AQUISICAO	credit_card	7 a 12x	202608	PLANO V5		 41.687,00 
QR	SMB	QR SELLERS	-	AQUISICAO	credit_card	7 a 12x	202609	PLANO V5		 53.636,00 
QR	SMB	QR SELLERS	-	AQUISICAO	credit_card	7 a 12x	202610	PLANO V5		 69.795,00 
QR	SMB	QR SELLERS	-	AQUISICAO	credit_card	7 a 12x	202611	PLANO V5		 52.813,00 
QR	SMB	QR SELLERS	-	AQUISICAO	credit_card	7 a 12x	202612	PLANO V5		 64.616,00 
QR	SMB	QR SELLERS	-	AQUISICAO	credit_card	Maior que 12x	202601	PLANO V5		 -   
QR	SMB	QR SELLERS	-	AQUISICAO	credit_card	Maior que 12x	202602	PLANO V5		 -   
QR	SMB	QR SELLERS	-	AQUISICAO	credit_card	Maior que 12x	202603	PLANO V5		 -   
QR	SMB	QR SELLERS	-	AQUISICAO	credit_card	Maior que 12x	202604	PLANO V5		 -   
QR	SMB	QR SELLERS	-	AQUISICAO	credit_card	Maior que 12x	202605	PLANO V5		 -   
QR	SMB	QR SELLERS	-	AQUISICAO	credit_card	Maior que 12x	202606	PLANO V5		 -   
QR	SMB	QR SELLERS	-	AQUISICAO	credit_card	Maior que 12x	202607	PLANO V5		 -   
QR	SMB	QR SELLERS	-	AQUISICAO	credit_card	Maior que 12x	202608	PLANO V5		 -   
QR	SMB	QR SELLERS	-	AQUISICAO	credit_card	Maior que 12x	202609	PLANO V5		 -   
QR	SMB	QR SELLERS	-	AQUISICAO	credit_card	Maior que 12x	202610	PLANO V5		 -   
QR	SMB	QR SELLERS	-	AQUISICAO	credit_card	Maior que 12x	202611	PLANO V5		 -   
QR	SMB	QR SELLERS	-	AQUISICAO	credit_card	Maior que 12x	202612	PLANO V5		 -   
QR	SMB	QR SELLERS	-	AQUISICAO	debit_card	-	202601	PLANO V5		 359,00 
QR	SMB	QR SELLERS	-	AQUISICAO	debit_card	-	202602	PLANO V5		 951,00 
QR	SMB	QR SELLERS	-	AQUISICAO	debit_card	-	202603	PLANO V5		 1.013,00 
QR	SMB	QR SELLERS	-	AQUISICAO	debit_card	-	202604	PLANO V5		 1.605,00 
QR	SMB	QR SELLERS	-	AQUISICAO	debit_card	-	202605	PLANO V5		 2.130,00 
QR	SMB	QR SELLERS	-	AQUISICAO	debit_card	-	202606	PLANO V5		 2.216,00 
QR	SMB	QR SELLERS	-	AQUISICAO	debit_card	-	202607	PLANO V5		 2.837,00 
QR	SMB	QR SELLERS	-	AQUISICAO	debit_card	-	202608	PLANO V5		 3.128,00 
QR	SMB	QR SELLERS	-	AQUISICAO	debit_card	-	202609	PLANO V5		 3.404,00 
QR	SMB	QR SELLERS	-	AQUISICAO	debit_card	-	202610	PLANO V5		 3.846,00 
QR	SMB	QR SELLERS	-	AQUISICAO	debit_card	-	202611	PLANO V5		 4.247,00 
QR	SMB	QR SELLERS	-	AQUISICAO	debit_card	-	202612	PLANO V5		 5.352,00 
QR	SMB	QR SELLERS	-	AQUISICAO	digital_currency	-	202601	PLANO V5		 653.408,00 
QR	SMB	QR SELLERS	-	AQUISICAO	digital_currency	-	202602	PLANO V5		 699.658,00 
QR	SMB	QR SELLERS	-	AQUISICAO	digital_currency	-	202603	PLANO V5		 1.226.311,00 
QR	SMB	QR SELLERS	-	AQUISICAO	digital_currency	-	202604	PLANO V5		 1.374.212,00 
QR	SMB	QR SELLERS	-	AQUISICAO	digital_currency	-	202605	PLANO V5		 1.551.277,00 
QR	SMB	QR SELLERS	-	AQUISICAO	digital_currency	-	202606	PLANO V5		 1.455.755,00 
QR	SMB	QR SELLERS	-	AQUISICAO	digital_currency	-	202607	PLANO V5		 1.749.461,00 
QR	SMB	QR SELLERS	-	AQUISICAO	digital_currency	-	202608	PLANO V5		 1.690.945,00 
QR	SMB	QR SELLERS	-	AQUISICAO	digital_currency	-	202609	PLANO V5		 1.797.674,00 
QR	SMB	QR SELLERS	-	AQUISICAO	digital_currency	-	202610	PLANO V5		 1.923.222,00 
QR	SMB	QR SELLERS	-	AQUISICAO	digital_currency	-	202611	PLANO V5		 2.248.364,00 
QR	SMB	QR SELLERS	-	AQUISICAO	digital_currency	-	202612	PLANO V5		 2.128.116,00 
QR	SMB	QR SELLERS	-	AQUISICAO	ticket	-	202601	PLANO V5		 -   
QR	SMB	QR SELLERS	-	AQUISICAO	ticket	-	202602	PLANO V5		 -   
QR	SMB	QR SELLERS	-	AQUISICAO	ticket	-	202603	PLANO V5		 -   
QR	SMB	QR SELLERS	-	AQUISICAO	ticket	-	202604	PLANO V5		 -   
QR	SMB	QR SELLERS	-	AQUISICAO	ticket	-	202605	PLANO V5		 -   
QR	SMB	QR SELLERS	-	AQUISICAO	ticket	-	202606	PLANO V5		 -   
QR	SMB	QR SELLERS	-	AQUISICAO	ticket	-	202607	PLANO V5		 -   
QR	SMB	QR SELLERS	-	AQUISICAO	ticket	-	202608	PLANO V5		 -   
QR	SMB	QR SELLERS	-	AQUISICAO	ticket	-	202609	PLANO V5		 -   
QR	SMB	QR SELLERS	-	AQUISICAO	ticket	-	202610	PLANO V5		 -   
QR	SMB	QR SELLERS	-	AQUISICAO	ticket	-	202611	PLANO V5		 -   
QR	SMB	QR SELLERS	-	AQUISICAO	ticket	-	202612	PLANO V5		 -   
QR	SMB	QR SELLERS	-	LEGADO	account_money	-	202601	PLANO V5		 206.279.966,00 
QR	SMB	QR SELLERS	-	LEGADO	account_money	-	202602	PLANO V5		 181.810.501,00 
QR	SMB	QR SELLERS	-	LEGADO	account_money	-	202603	PLANO V5		 186.436.366,00 
QR	SMB	QR SELLERS	-	LEGADO	account_money	-	202604	PLANO V5		 178.281.107,00 
QR	SMB	QR SELLERS	-	LEGADO	account_money	-	202605	PLANO V5		 174.766.613,00 
QR	SMB	QR SELLERS	-	LEGADO	account_money	-	202606	PLANO V5		 166.379.910,00 
QR	SMB	QR SELLERS	-	LEGADO	account_money	-	202607	PLANO V5		 167.584.696,00 
QR	SMB	QR SELLERS	-	LEGADO	account_money	-	202608	PLANO V5		 167.427.159,00 
QR	SMB	QR SELLERS	-	LEGADO	account_money	-	202609	PLANO V5		 158.089.335,00 
QR	SMB	QR SELLERS	-	LEGADO	account_money	-	202610	PLANO V5		 159.097.611,00 
QR	SMB	QR SELLERS	-	LEGADO	account_money	-	202611	PLANO V5		 151.189.612,00 
QR	SMB	QR SELLERS	-	LEGADO	account_money	-	202612	PLANO V5		 224.991.462,00 
QR	SMB	QR SELLERS	-	LEGADO	bank_transfer	-	202601	PLANO V5		 1.729.610.079,00 
QR	SMB	QR SELLERS	-	LEGADO	bank_transfer	-	202602	PLANO V5		 1.615.472.934,00 
QR	SMB	QR SELLERS	-	LEGADO	bank_transfer	-	202603	PLANO V5		 1.727.208.652,00 
QR	SMB	QR SELLERS	-	LEGADO	bank_transfer	-	202604	PLANO V5		 1.599.078.758,00 
QR	SMB	QR SELLERS	-	LEGADO	bank_transfer	-	202605	PLANO V5		 1.650.580.596,00 
QR	SMB	QR SELLERS	-	LEGADO	bank_transfer	-	202606	PLANO V5		 1.543.085.606,00 
QR	SMB	QR SELLERS	-	LEGADO	bank_transfer	-	202607	PLANO V5		 1.563.686.623,00 
QR	SMB	QR SELLERS	-	LEGADO	bank_transfer	-	202608	PLANO V5		 1.547.692.501,00 
QR	SMB	QR SELLERS	-	LEGADO	bank_transfer	-	202609	PLANO V5		 1.430.350.491,00 
QR	SMB	QR SELLERS	-	LEGADO	bank_transfer	-	202610	PLANO V5		 1.495.961.505,00 
QR	SMB	QR SELLERS	-	LEGADO	bank_transfer	-	202611	PLANO V5		 1.457.561.426,00 
QR	SMB	QR SELLERS	-	LEGADO	bank_transfer	-	202612	PLANO V5		 1.518.606.021,00 
QR	SMB	QR SELLERS	-	LEGADO	consumer_credits	-	202601	PLANO V5		 -   
QR	SMB	QR SELLERS	-	LEGADO	consumer_credits	-	202602	PLANO V5		 -   
QR	SMB	QR SELLERS	-	LEGADO	consumer_credits	-	202603	PLANO V5		 -   
QR	SMB	QR SELLERS	-	LEGADO	consumer_credits	-	202604	PLANO V5		 -   
QR	SMB	QR SELLERS	-	LEGADO	consumer_credits	-	202605	PLANO V5		 -   
QR	SMB	QR SELLERS	-	LEGADO	consumer_credits	-	202606	PLANO V5		 -   
QR	SMB	QR SELLERS	-	LEGADO	consumer_credits	-	202607	PLANO V5		 -   
QR	SMB	QR SELLERS	-	LEGADO	consumer_credits	-	202608	PLANO V5		 -   
QR	SMB	QR SELLERS	-	LEGADO	consumer_credits	-	202609	PLANO V5		 -   
QR	SMB	QR SELLERS	-	LEGADO	consumer_credits	-	202610	PLANO V5		 -   
QR	SMB	QR SELLERS	-	LEGADO	consumer_credits	-	202611	PLANO V5		 -   
QR	SMB	QR SELLERS	-	LEGADO	consumer_credits	-	202612	PLANO V5		 -   
QR	SMB	QR SELLERS	-	LEGADO	credit_card	-	202601	PLANO V5		 -   
QR	SMB	QR SELLERS	-	LEGADO	credit_card	-	202602	PLANO V5		 -   
QR	SMB	QR SELLERS	-	LEGADO	credit_card	-	202603	PLANO V5		 -   
QR	SMB	QR SELLERS	-	LEGADO	credit_card	-	202604	PLANO V5		 -   
QR	SMB	QR SELLERS	-	LEGADO	credit_card	-	202605	PLANO V5		 -   
QR	SMB	QR SELLERS	-	LEGADO	credit_card	-	202606	PLANO V5		 -   
QR	SMB	QR SELLERS	-	LEGADO	credit_card	-	202607	PLANO V5		 -   
QR	SMB	QR SELLERS	-	LEGADO	credit_card	-	202608	PLANO V5		 -   
QR	SMB	QR SELLERS	-	LEGADO	credit_card	-	202609	PLANO V5		 -   
QR	SMB	QR SELLERS	-	LEGADO	credit_card	-	202610	PLANO V5		 -   
QR	SMB	QR SELLERS	-	LEGADO	credit_card	-	202611	PLANO V5		 -   
QR	SMB	QR SELLERS	-	LEGADO	credit_card	-	202612	PLANO V5		 -   
QR	SMB	QR SELLERS	-	LEGADO	credit_card	1x	202601	PLANO V5		 3.860.487,00 
QR	SMB	QR SELLERS	-	LEGADO	credit_card	1x	202602	PLANO V5		 3.551.157,00 
QR	SMB	QR SELLERS	-	LEGADO	credit_card	1x	202603	PLANO V5		 4.151.536,00 
QR	SMB	QR SELLERS	-	LEGADO	credit_card	1x	202604	PLANO V5		 3.701.415,00 
QR	SMB	QR SELLERS	-	LEGADO	credit_card	1x	202605	PLANO V5		 3.506.668,00 
QR	SMB	QR SELLERS	-	LEGADO	credit_card	1x	202606	PLANO V5		 3.266.700,00 
QR	SMB	QR SELLERS	-	LEGADO	credit_card	1x	202607	PLANO V5		 2.679.393,00 
QR	SMB	QR SELLERS	-	LEGADO	credit_card	1x	202608	PLANO V5		 2.465.225,00 
QR	SMB	QR SELLERS	-	LEGADO	credit_card	1x	202609	PLANO V5		 2.180.365,00 
QR	SMB	QR SELLERS	-	LEGADO	credit_card	1x	202610	PLANO V5		 2.097.252,00 
QR	SMB	QR SELLERS	-	LEGADO	credit_card	1x	202611	PLANO V5		 1.640.556,00 
QR	SMB	QR SELLERS	-	LEGADO	credit_card	1x	202612	PLANO V5		 1.456.364,00 
QR	SMB	QR SELLERS	-	LEGADO	credit_card	2 a 6x	202601	PLANO V5		 1.270.285,00 
QR	SMB	QR SELLERS	-	LEGADO	credit_card	2 a 6x	202602	PLANO V5		 1.146.503,00 
QR	SMB	QR SELLERS	-	LEGADO	credit_card	2 a 6x	202603	PLANO V5		 1.191.819,00 
QR	SMB	QR SELLERS	-	LEGADO	credit_card	2 a 6x	202604	PLANO V5		 1.224.079,00 
QR	SMB	QR SELLERS	-	LEGADO	credit_card	2 a 6x	202605	PLANO V5		 1.094.842,00 
QR	SMB	QR SELLERS	-	LEGADO	credit_card	2 a 6x	202606	PLANO V5		 1.052.608,00 
QR	SMB	QR SELLERS	-	LEGADO	credit_card	2 a 6x	202607	PLANO V5		 1.039.401,00 
QR	SMB	QR SELLERS	-	LEGADO	credit_card	2 a 6x	202608	PLANO V5		 1.001.028,00 
QR	SMB	QR SELLERS	-	LEGADO	credit_card	2 a 6x	202609	PLANO V5		 882.135,00 
QR	SMB	QR SELLERS	-	LEGADO	credit_card	2 a 6x	202610	PLANO V5		 832.555,00 
QR	SMB	QR SELLERS	-	LEGADO	credit_card	2 a 6x	202611	PLANO V5		 599.041,00 
QR	SMB	QR SELLERS	-	LEGADO	credit_card	2 a 6x	202612	PLANO V5		 636.421,00 
QR	SMB	QR SELLERS	-	LEGADO	credit_card	7 a 12x	202601	PLANO V5		 503.707,00 
QR	SMB	QR SELLERS	-	LEGADO	credit_card	7 a 12x	202602	PLANO V5		 465.758,00 
QR	SMB	QR SELLERS	-	LEGADO	credit_card	7 a 12x	202603	PLANO V5		 498.943,00 
QR	SMB	QR SELLERS	-	LEGADO	credit_card	7 a 12x	202604	PLANO V5		 495.879,00 
QR	SMB	QR SELLERS	-	LEGADO	credit_card	7 a 12x	202605	PLANO V5		 422.080,00 
QR	SMB	QR SELLERS	-	LEGADO	credit_card	7 a 12x	202606	PLANO V5		 419.528,00 
QR	SMB	QR SELLERS	-	LEGADO	credit_card	7 a 12x	202607	PLANO V5		 402.065,00 
QR	SMB	QR SELLERS	-	LEGADO	credit_card	7 a 12x	202608	PLANO V5		 381.684,00 
QR	SMB	QR SELLERS	-	LEGADO	credit_card	7 a 12x	202609	PLANO V5		 341.589,00 
QR	SMB	QR SELLERS	-	LEGADO	credit_card	7 a 12x	202610	PLANO V5		 317.976,00 
QR	SMB	QR SELLERS	-	LEGADO	credit_card	7 a 12x	202611	PLANO V5		 230.653,00 
QR	SMB	QR SELLERS	-	LEGADO	credit_card	7 a 12x	202612	PLANO V5		 239.755,00 
QR	SMB	QR SELLERS	-	LEGADO	credit_card	Maior que 12x	202601	PLANO V5		 -   
QR	SMB	QR SELLERS	-	LEGADO	credit_card	Maior que 12x	202602	PLANO V5		 -   
QR	SMB	QR SELLERS	-	LEGADO	credit_card	Maior que 12x	202603	PLANO V5		 -   
QR	SMB	QR SELLERS	-	LEGADO	credit_card	Maior que 12x	202604	PLANO V5		 -   
QR	SMB	QR SELLERS	-	LEGADO	credit_card	Maior que 12x	202605	PLANO V5		 -   
QR	SMB	QR SELLERS	-	LEGADO	credit_card	Maior que 12x	202606	PLANO V5		 -   
QR	SMB	QR SELLERS	-	LEGADO	credit_card	Maior que 12x	202607	PLANO V5		 -   
QR	SMB	QR SELLERS	-	LEGADO	credit_card	Maior que 12x	202608	PLANO V5		 -   
QR	SMB	QR SELLERS	-	LEGADO	credit_card	Maior que 12x	202609	PLANO V5		 -   
QR	SMB	QR SELLERS	-	LEGADO	credit_card	Maior que 12x	202610	PLANO V5		 -   
QR	SMB	QR SELLERS	-	LEGADO	credit_card	Maior que 12x	202611	PLANO V5		 -   
QR	SMB	QR SELLERS	-	LEGADO	credit_card	Maior que 12x	202612	PLANO V5		 -   
QR	SMB	QR SELLERS	-	LEGADO	debit_card	-	202601	PLANO V5		 12.832,00 
QR	SMB	QR SELLERS	-	LEGADO	debit_card	-	202602	PLANO V5		 11.601,00 
QR	SMB	QR SELLERS	-	LEGADO	debit_card	-	202603	PLANO V5		 10.181,00 
QR	SMB	QR SELLERS	-	LEGADO	debit_card	-	202604	PLANO V5		 15.875,00 
QR	SMB	QR SELLERS	-	LEGADO	debit_card	-	202605	PLANO V5		 16.990,00 
QR	SMB	QR SELLERS	-	LEGADO	debit_card	-	202606	PLANO V5		 13.617,00 
QR	SMB	QR SELLERS	-	LEGADO	debit_card	-	202607	PLANO V5		 15.106,00 
QR	SMB	QR SELLERS	-	LEGADO	debit_card	-	202608	PLANO V5		 14.853,00 
QR	SMB	QR SELLERS	-	LEGADO	debit_card	-	202609	PLANO V5		 13.418,00 
QR	SMB	QR SELLERS	-	LEGADO	debit_card	-	202610	PLANO V5		 14.248,00 
QR	SMB	QR SELLERS	-	LEGADO	debit_card	-	202611	PLANO V5		 13.780,00 
QR	SMB	QR SELLERS	-	LEGADO	debit_card	-	202612	PLANO V5		 19.648,00 
QR	SMB	QR SELLERS	-	LEGADO	digital_currency	-	202601	PLANO V5		 4.883.430,00 
QR	SMB	QR SELLERS	-	LEGADO	digital_currency	-	202602	PLANO V5		 5.023.915,00 
QR	SMB	QR SELLERS	-	LEGADO	digital_currency	-	202603	PLANO V5		 5.077.212,00 
QR	SMB	QR SELLERS	-	LEGADO	digital_currency	-	202604	PLANO V5		 4.629.773,00 
QR	SMB	QR SELLERS	-	LEGADO	digital_currency	-	202605	PLANO V5		 3.505.386,00 
QR	SMB	QR SELLERS	-	LEGADO	digital_currency	-	202606	PLANO V5		 2.516.433,00 
QR	SMB	QR SELLERS	-	LEGADO	digital_currency	-	202607	PLANO V5		 2.307.345,00 
QR	SMB	QR SELLERS	-	LEGADO	digital_currency	-	202608	PLANO V5		 2.128.082,00 
QR	SMB	QR SELLERS	-	LEGADO	digital_currency	-	202609	PLANO V5		 2.081.304,00 
QR	SMB	QR SELLERS	-	LEGADO	digital_currency	-	202610	PLANO V5		 2.292.054,00 
QR	SMB	QR SELLERS	-	LEGADO	digital_currency	-	202611	PLANO V5		 1.859.107,00 
QR	SMB	QR SELLERS	-	LEGADO	digital_currency	-	202612	PLANO V5		 2.731.701,00 
QR	SMB	QR SELLERS	-	LEGADO	ticket	-	202601	PLANO V5		 -   
QR	SMB	QR SELLERS	-	LEGADO	ticket	-	202602	PLANO V5		 -   
QR	SMB	QR SELLERS	-	LEGADO	ticket	-	202603	PLANO V5		 -   
QR	SMB	QR SELLERS	-	LEGADO	ticket	-	202604	PLANO V5		 -   
QR	SMB	QR SELLERS	-	LEGADO	ticket	-	202605	PLANO V5		 -   
QR	SMB	QR SELLERS	-	LEGADO	ticket	-	202606	PLANO V5		 -   
QR	SMB	QR SELLERS	-	LEGADO	ticket	-	202607	PLANO V5		 -   
QR	SMB	QR SELLERS	-	LEGADO	ticket	-	202608	PLANO V5		 -   
QR	SMB	QR SELLERS	-	LEGADO	ticket	-	202609	PLANO V5		 -   
QR	SMB	QR SELLERS	-	LEGADO	ticket	-	202610	PLANO V5		 -   
QR	SMB	QR SELLERS	-	LEGADO	ticket	-	202611	PLANO V5		 -   
QR	SMB	QR SELLERS	-	LEGADO	ticket	-	202612	PLANO V5		 -