MES	CARTEIRA	PRODUTO	CANAL	SUB_CANAL	MOP	SUM de TPV
202401	AQUISICAO	OP - CHECKOUT			ACCOUNT_MONEY	6519270,99
202401	AQUISICAO	OP - CHECKOUT			CREDIT_CARD	6403,98
202401	AQUISICAO	OP - CHECKOUT			DEBIT_CARD	434
202401	AQUISICAO	OP - CHECKOUT			PIX	55359055
202401	AQUISICAO	OP - CHECKOUT			TICKET	491,03
202401	AQUISICAO	OP - LINK			ACCOUNT_MONEY	33327623,56
202401	AQUISICAO	OP - LINK			CREDIT_CARD	48116085,47
202401	AQUISICAO	OP - LINK			DEBIT_CARD	515,96
202401	AQUISICAO	OP - LINK			PIX	1059489,42
202401	AQUISICAO	OP - LINK			TICKET	1569695,64
202401	AQUISICAO	POINT	CANAIS DIGITAIS	APP	ACCOUNT_MONEY	6749838,4
202401	AQUISICAO	POINT	CANAIS DIGITAIS	APP	CREDIT_CARD	4836757,61
202401	AQUISICAO	POINT	CANAIS DIGITAIS	APP	DEBIT_CARD	4227864
202401	AQUISICAO	POINT	CANAIS DIGITAIS	DIGITAL_OUTROS	ACCOUNT_MONEY	1931021,04
202401	AQUISICAO	POINT	CANAIS DIGITAIS	DIGITAL_OUTROS	CREDIT_CARD	2736220,96
202401	AQUISICAO	POINT	CANAIS DIGITAIS	DIGITAL_OUTROS	DEBIT_CARD	3489865
202401	AQUISICAO	POINT	CANAIS DIGITAIS	LANDING	ACCOUNT_MONEY	5225118,65
202401	AQUISICAO	POINT	CANAIS DIGITAIS	LANDING	CREDIT_CARD	2075561,36
202401	AQUISICAO	POINT	CANAIS DIGITAIS	LANDING	DEBIT_CARD	3382257
202401	AQUISICAO	POINT	CANAIS DIGITAIS	TO	ACCOUNT_MONEY	8848285,85
202401	AQUISICAO	POINT	CANAIS DIGITAIS	TO	CREDIT_CARD	7228161,11
202401	AQUISICAO	POINT	CANAIS DIGITAIS	TO	DEBIT_CARD	9080258
202401	AQUISICAO	POINT	FDV PROPRIA		ACCOUNT_MONEY	6903897,19
202401	AQUISICAO	POINT	FDV PROPRIA		CREDIT_CARD	5178107,83
202401	AQUISICAO	POINT	FDV PROPRIA		DEBIT_CARD	7829203
202401	AQUISICAO	POINT	FDV TERCEIRA		ACCOUNT_MONEY	3093723,18
202401	AQUISICAO	POINT	FDV TERCEIRA		CREDIT_CARD	4456,81
202401	AQUISICAO	POINT	FDV TERCEIRA		DEBIT_CARD	2802735
202401	AQUISICAO	POINT	MgM		ACCOUNT_MONEY	4648518,82
202401	AQUISICAO	POINT	MgM		CREDIT_CARD	2452267,18
202401	AQUISICAO	POINT	MgM		DEBIT_CARD	4176395
202401	AQUISICAO	POINT	RESELLERS		ACCOUNT_MONEY	7795441,76
202401	AQUISICAO	POINT	RESELLERS		CREDIT_CARD	5627156,25
202401	AQUISICAO	POINT	RESELLERS		DEBIT_CARD	6680858
202401	AQUISICAO	POINT	TELEVENDAS		ACCOUNT_MONEY	4146523,49
202401	AQUISICAO	POINT	TELEVENDAS		CREDIT_CARD	5769,51
202401	AQUISICAO	POINT	TELEVENDAS		DEBIT_CARD	2464890
202401	AQUISICAO	QR			ACCOUNT_MONEY	7888915
202401	AQUISICAO	QR			CREDIT_CARD	3609,86
202401	AQUISICAO	QR			DEBIT_CARD	120,17
202401	AQUISICAO	QR			PIX	45273815
202401	AQUISICAO	TAP			ACCOUNT_MONEY	991371,62
202401	AQUISICAO	TAP			CREDIT_CARD	18799036,22
202401	AQUISICAO	TAP			DEBIT_CARD	1237957,29
202401	ENGAGEMENT	OP - CHECKOUT			ACCOUNT_MONEY	15221059,12
202401	ENGAGEMENT	OP - CHECKOUT			CREDIT_CARD	179098300
202401	ENGAGEMENT	OP - CHECKOUT			DEBIT_CARD	19,91
202401	ENGAGEMENT	OP - CHECKOUT			PIX	460902765
202401	ENGAGEMENT	OP - CHECKOUT			TICKET	19247830
202401	ENGAGEMENT	OP - LINK			ACCOUNT_MONEY	10105768,08
202401	ENGAGEMENT	OP - LINK			CREDIT_CARD	749984547
202401	ENGAGEMENT	OP - LINK			DEBIT_CARD	196,87
202401	ENGAGEMENT	OP - LINK			PIX	12513953
202401	ENGAGEMENT	OP - LINK			TICKET	9192013
202401	ENGAGEMENT	POINT			ACCOUNT_MONEY	16966839,44
202401	ENGAGEMENT	POINT			CREDIT_CARD	4770705769
202401	ENGAGEMENT	POINT			DEBIT_CARD	3101905545
202401	ENGAGEMENT	QR			ACCOUNT_MONEY	89514551
202401	ENGAGEMENT	QR			CREDIT_CARD	26325547,12
202401	ENGAGEMENT	QR			DEBIT_CARD	14,61
202401	ENGAGEMENT	QR			PIX	1158530771
202401	ENGAGEMENT	TAP			ACCOUNT_MONEY	24857166,23
202401	ENGAGEMENT	TAP			CREDIT_CARD	105715445,8
202401	ENGAGEMENT	TAP			DEBIT_CARD	6709760
202402	AQUISICAO	OP - CHECKOUT			ACCOUNT_MONEY	10487398,78
202402	AQUISICAO	OP - CHECKOUT			CREDIT_CARD	2975645,24
202402	AQUISICAO	OP - CHECKOUT			DEBIT_CARD	964
202402	AQUISICAO	OP - CHECKOUT			PIX	108412092
202402	AQUISICAO	OP - CHECKOUT			TICKET	810,01
202402	AQUISICAO	OP - LINK			ACCOUNT_MONEY	45039389,23
202402	AQUISICAO	OP - LINK			CREDIT_CARD	66007926,67
202402	AQUISICAO	OP - LINK			DEBIT_CARD	18,31
202402	AQUISICAO	OP - LINK			PIX	1498047,35
202402	AQUISICAO	OP - LINK			TICKET	1572,41
202402	AQUISICAO	POINT	CANAIS DIGITAIS	APP	ACCOUNT_MONEY	12660120,9
202402	AQUISICAO	POINT	CANAIS DIGITAIS	APP	CREDIT_CARD	14978573,11
202402	AQUISICAO	POINT	CANAIS DIGITAIS	APP	DEBIT_CARD	12340450
202402	AQUISICAO	POINT	CANAIS DIGITAIS	DIGITAL_OUTROS	ACCOUNT_MONEY	5304052,38
202402	AQUISICAO	POINT	CANAIS DIGITAIS	DIGITAL_OUTROS	CREDIT_CARD	11468241,59
202402	AQUISICAO	POINT	CANAIS DIGITAIS	DIGITAL_OUTROS	DEBIT_CARD	13662385
202402	AQUISICAO	POINT	CANAIS DIGITAIS	LANDING	ACCOUNT_MONEY	11106997,88
202402	AQUISICAO	POINT	CANAIS DIGITAIS	LANDING	CREDIT_CARD	9550933,13
202402	AQUISICAO	POINT	CANAIS DIGITAIS	LANDING	DEBIT_CARD	10235053
202402	AQUISICAO	POINT	CANAIS DIGITAIS	TO	ACCOUNT_MONEY	9851446,69
202402	AQUISICAO	POINT	CANAIS DIGITAIS	TO	CREDIT_CARD	28695249,28
202402	AQUISICAO	POINT	CANAIS DIGITAIS	TO	DEBIT_CARD	25261834
202402	AQUISICAO	POINT	FDV PROPRIA		ACCOUNT_MONEY	6717945,34
202402	AQUISICAO	POINT	FDV PROPRIA		CREDIT_CARD	27521866,68
202402	AQUISICAO	POINT	FDV PROPRIA		DEBIT_CARD	20341359
202402	AQUISICAO	POINT	FDV TERCEIRA		ACCOUNT_MONEY	3974544,48
202402	AQUISICAO	POINT	FDV TERCEIRA		CREDIT_CARD	4177182,54
202402	AQUISICAO	POINT	FDV TERCEIRA		DEBIT_CARD	6926681
202402	AQUISICAO	POINT	MgM		ACCOUNT_MONEY	9056933
202402	AQUISICAO	POINT	MgM		CREDIT_CARD	9678710,99
202402	AQUISICAO	POINT	MgM		DEBIT_CARD	13211585
202402	AQUISICAO	POINT	RESELLERS		ACCOUNT_MONEY	10481876,63
202402	AQUISICAO	POINT	RESELLERS		CREDIT_CARD	20148586,37
202402	AQUISICAO	POINT	RESELLERS		DEBIT_CARD	18853365
202402	AQUISICAO	POINT	TELEVENDAS		ACCOUNT_MONEY	6449950,92
202402	AQUISICAO	POINT	TELEVENDAS		CREDIT_CARD	4990542,13
202402	AQUISICAO	POINT	TELEVENDAS		DEBIT_CARD	6852546
202402	AQUISICAO	QR			ACCOUNT_MONEY	16466933
202402	AQUISICAO	QR			CREDIT_CARD	1190443,86
202402	AQUISICAO	QR			DEBIT_CARD	4,23
202402	AQUISICAO	QR			PIX	98414224
202402	AQUISICAO	TAP			ACCOUNT_MONEY	988545,47
202402	AQUISICAO	TAP			CREDIT_CARD	41711253,13
202402	AQUISICAO	TAP			DEBIT_CARD	2660017,55
202402	ENGAGEMENT	OP - CHECKOUT			ACCOUNT_MONEY	12451447,02
202402	ENGAGEMENT	OP - CHECKOUT			CREDIT_CARD	156433368,1
202402	ENGAGEMENT	OP - CHECKOUT			DEBIT_CARD	12,9
202402	ENGAGEMENT	OP - CHECKOUT			PIX	355352637
202402	ENGAGEMENT	OP - CHECKOUT			TICKET	16252465
202402	ENGAGEMENT	OP - LINK			ACCOUNT_MONEY	6471182,27
202402	ENGAGEMENT	OP - LINK			CREDIT_CARD	728637979,5
202402	ENGAGEMENT	OP - LINK			DEBIT_CARD	205,53
202402	ENGAGEMENT	OP - LINK			PIX	13004487
202402	ENGAGEMENT	OP - LINK			TICKET	8173949
202402	ENGAGEMENT	POINT			ACCOUNT_MONEY	17666683,31
202402	ENGAGEMENT	POINT			CREDIT_CARD	4636463357
202402	ENGAGEMENT	POINT			DEBIT_CARD	2944438152
202402	ENGAGEMENT	QR			ACCOUNT_MONEY	83230556
202402	ENGAGEMENT	QR			CREDIT_CARD	24941923,93
202402	ENGAGEMENT	QR			DEBIT_CARD	13,36
202402	ENGAGEMENT	QR			PIX	1096579747
202402	ENGAGEMENT	TAP			ACCOUNT_MONEY	33613865,56
202402	ENGAGEMENT	TAP			CREDIT_CARD	111532670
202402	ENGAGEMENT	TAP			DEBIT_CARD	6751337,46
202403	AQUISICAO	OP - CHECKOUT			ACCOUNT_MONEY	17337373,44
202403	AQUISICAO	OP - CHECKOUT			CREDIT_CARD	5628734,95
202403	AQUISICAO	OP - CHECKOUT			DEBIT_CARD	419
202403	AQUISICAO	OP - CHECKOUT			PIX	151442422
202403	AQUISICAO	OP - CHECKOUT			TICKET	1282,59
202403	AQUISICAO	OP - LINK			ACCOUNT_MONEY	54468591,2
202403	AQUISICAO	OP - LINK			CREDIT_CARD	92120457,75
202403	AQUISICAO	OP - LINK			DEBIT_CARD	26,47
202403	AQUISICAO	OP - LINK			PIX	1984841,6
202403	AQUISICAO	OP - LINK			TICKET	3071434
202403	AQUISICAO	POINT	CANAIS DIGITAIS	APP	ACCOUNT_MONEY	12530981,16
202403	AQUISICAO	POINT	CANAIS DIGITAIS	APP	CREDIT_CARD	33377067,86
202403	AQUISICAO	POINT	CANAIS DIGITAIS	APP	DEBIT_CARD	22011333
202403	AQUISICAO	POINT	CANAIS DIGITAIS	DIGITAL_OUTROS	ACCOUNT_MONEY	8852378,76
202403	AQUISICAO	POINT	CANAIS DIGITAIS	DIGITAL_OUTROS	CREDIT_CARD	10629641,25
202403	AQUISICAO	POINT	CANAIS DIGITAIS	DIGITAL_OUTROS	DEBIT_CARD	14766810
202403	AQUISICAO	POINT	CANAIS DIGITAIS	LANDING	ACCOUNT_MONEY	12002433,55
202403	AQUISICAO	POINT	CANAIS DIGITAIS	LANDING	CREDIT_CARD	23152483,46
202403	AQUISICAO	POINT	CANAIS DIGITAIS	LANDING	DEBIT_CARD	17976994
202403	AQUISICAO	POINT	CANAIS DIGITAIS	TO	ACCOUNT_MONEY	10237669,34
202403	AQUISICAO	POINT	CANAIS DIGITAIS	TO	CREDIT_CARD	49649084,67
202403	AQUISICAO	POINT	CANAIS DIGITAIS	TO	DEBIT_CARD	41292835
202403	AQUISICAO	POINT	FDV PROPRIA		ACCOUNT_MONEY	8248137,61
202403	AQUISICAO	POINT	FDV PROPRIA		CREDIT_CARD	58903949,4
202403	AQUISICAO	POINT	FDV PROPRIA		DEBIT_CARD	38769562
202403	AQUISICAO	POINT	FDV TERCEIRA		ACCOUNT_MONEY	7107813,07
202403	AQUISICAO	POINT	FDV TERCEIRA		CREDIT_CARD	11071467,92
202403	AQUISICAO	POINT	FDV TERCEIRA		DEBIT_CARD	13967290
202403	AQUISICAO	POINT	MgM		ACCOUNT_MONEY	9543067,38
202403	AQUISICAO	POINT	MgM		CREDIT_CARD	20547171,62
202403	AQUISICAO	POINT	MgM		DEBIT_CARD	23091581
202403	AQUISICAO	POINT	RESELLERS		ACCOUNT_MONEY	9972661,36
202403	AQUISICAO	POINT	RESELLERS		CREDIT_CARD	34985455,63
202403	AQUISICAO	POINT	RESELLERS		DEBIT_CARD	28078804
202403	AQUISICAO	POINT	TELEVENDAS		ACCOUNT_MONEY	9527502,75
202403	AQUISICAO	POINT	TELEVENDAS		CREDIT_CARD	9352559,26
202403	AQUISICAO	POINT	TELEVENDAS		DEBIT_CARD	13324661
202403	AQUISICAO	QR			ACCOUNT_MONEY	30627577
202403	AQUISICAO	QR			CREDIT_CARD	1575938,3
202403	AQUISICAO	QR			DEBIT_CARD	582,78
202403	AQUISICAO	QR			PIX	159802384
202403	AQUISICAO	TAP			ACCOUNT_MONEY	763955,52
202403	AQUISICAO	TAP			CREDIT_CARD	78676543,58
202403	AQUISICAO	TAP			DEBIT_CARD	4316161,45
202403	ENGAGEMENT	OP - CHECKOUT			ACCOUNT_MONEY	10284045,45
202403	ENGAGEMENT	OP - CHECKOUT			CREDIT_CARD	162374252
202403	ENGAGEMENT	OP - CHECKOUT			DEBIT_CARD	14,57
202403	ENGAGEMENT	OP - CHECKOUT			PIX	304182766
202403	ENGAGEMENT	OP - CHECKOUT			TICKET	15557337
202403	ENGAGEMENT	OP - LINK			ACCOUNT_MONEY	5623493,64
202403	ENGAGEMENT	OP - LINK			CREDIT_CARD	772737376,4
202403	ENGAGEMENT	OP - LINK			DEBIT_CARD	201,67
202403	ENGAGEMENT	OP - LINK			PIX	13790247
202403	ENGAGEMENT	OP - LINK			TICKET	9128083
202403	ENGAGEMENT	POINT			ACCOUNT_MONEY	18336527,4
202403	ENGAGEMENT	POINT			CREDIT_CARD	4738887377
202403	ENGAGEMENT	POINT			DEBIT_CARD	3056608722
202403	ENGAGEMENT	QR			ACCOUNT_MONEY	86277688
202403	ENGAGEMENT	QR			CREDIT_CARD	23749455,4
202403	ENGAGEMENT	QR			DEBIT_CARD	14,43
202403	ENGAGEMENT	QR			PIX	1157873147
202403	ENGAGEMENT	TAP			ACCOUNT_MONEY	45682742,29
202403	ENGAGEMENT	TAP			CREDIT_CARD	121516779,2
202403	ENGAGEMENT	TAP			DEBIT_CARD	7085358,53
202404	AQUISICAO	OP - CHECKOUT			ACCOUNT_MONEY	22913397,59
202404	AQUISICAO	OP - CHECKOUT			CREDIT_CARD	8327058,16
202404	AQUISICAO	OP - CHECKOUT			DEBIT_CARD	888
202404	AQUISICAO	OP - CHECKOUT			PIX	153412563
202404	AQUISICAO	OP - CHECKOUT			TICKET	1766,29
202404	AQUISICAO	OP - LINK			ACCOUNT_MONEY	63404518,62
202404	AQUISICAO	OP - LINK			CREDIT_CARD	113151349,8
202404	AQUISICAO	OP - LINK			DEBIT_CARD	33,49
202404	AQUISICAO	OP - LINK			PIX	2485757,07
202404	AQUISICAO	OP - LINK			TICKET	5378852
202404	AQUISICAO	POINT	CANAIS DIGITAIS	APP	ACCOUNT_MONEY	8910022,05
202404	AQUISICAO	POINT	CANAIS DIGITAIS	APP	CREDIT_CARD	52725113,94
202404	AQUISICAO	POINT	CANAIS DIGITAIS	APP	DEBIT_CARD	29793922
202404	AQUISICAO	POINT	CANAIS DIGITAIS	DIGITAL_OUTROS	ACCOUNT_MONEY	9907837,11
202404	AQUISICAO	POINT	CANAIS DIGITAIS	DIGITAL_OUTROS	CREDIT_CARD	15190894,88
202404	AQUISICAO	POINT	CANAIS DIGITAIS	DIGITAL_OUTROS	DEBIT_CARD	20333346
202404	AQUISICAO	POINT	CANAIS DIGITAIS	LANDING	ACCOUNT_MONEY	11953831,2
202404	AQUISICAO	POINT	CANAIS DIGITAIS	LANDING	CREDIT_CARD	33549667,8
202404	AQUISICAO	POINT	CANAIS DIGITAIS	LANDING	DEBIT_CARD	24014070
202404	AQUISICAO	POINT	CANAIS DIGITAIS	TO	ACCOUNT_MONEY	8340561,58
202404	AQUISICAO	POINT	CANAIS DIGITAIS	TO	CREDIT_CARD	73620838,45
202404	AQUISICAO	POINT	CANAIS DIGITAIS	TO	DEBIT_CARD	55179357
202404	AQUISICAO	POINT	FDV PROPRIA		ACCOUNT_MONEY	7002785,2
202404	AQUISICAO	POINT	FDV PROPRIA		CREDIT_CARD	94263389,79
202404	AQUISICAO	POINT	FDV PROPRIA		DEBIT_CARD	55831677
202404	AQUISICAO	POINT	FDV TERCEIRA		ACCOUNT_MONEY	7587454,95
202404	AQUISICAO	POINT	FDV TERCEIRA		CREDIT_CARD	24326625,03
202404	AQUISICAO	POINT	FDV TERCEIRA		DEBIT_CARD	23835320
202404	AQUISICAO	POINT	MgM		ACCOUNT_MONEY	11379065,55
202404	AQUISICAO	POINT	MgM		CREDIT_CARD	27883253,43
202404	AQUISICAO	POINT	MgM		DEBIT_CARD	29320369
202404	AQUISICAO	POINT	RESELLERS		ACCOUNT_MONEY	8470791,73
202404	AQUISICAO	POINT	RESELLERS		CREDIT_CARD	45935469,3
202404	AQUISICAO	POINT	RESELLERS		DEBIT_CARD	36067153
202404	AQUISICAO	POINT	TELEVENDAS		ACCOUNT_MONEY	9994120,43
202404	AQUISICAO	POINT	TELEVENDAS		CREDIT_CARD	18659365,56
202404	AQUISICAO	POINT	TELEVENDAS		DEBIT_CARD	19150731
202404	AQUISICAO	QR			ACCOUNT_MONEY	39574888
202404	AQUISICAO	QR			CREDIT_CARD	1996133,85
202404	AQUISICAO	QR			DEBIT_CARD	190,7
202404	AQUISICAO	QR			PIX	215955415
202404	AQUISICAO	TAP			ACCOUNT_MONEY	819969,05
202404	AQUISICAO	TAP			CREDIT_CARD	106333089,4
202404	AQUISICAO	TAP			DEBIT_CARD	5696758,87
202404	ENGAGEMENT	OP - CHECKOUT			ACCOUNT_MONEY	7211536,79
202404	ENGAGEMENT	OP - CHECKOUT			CREDIT_CARD	160827479,7
202404	ENGAGEMENT	OP - CHECKOUT			DEBIT_CARD	15,48
202404	ENGAGEMENT	OP - CHECKOUT			PIX	248264351
202404	ENGAGEMENT	OP - CHECKOUT			TICKET	15226343
202404	ENGAGEMENT	OP - LINK			ACCOUNT_MONEY	5086760,44
202404	ENGAGEMENT	OP - LINK			CREDIT_CARD	765336679,3
202404	ENGAGEMENT	OP - LINK			DEBIT_CARD	198,45
202404	ENGAGEMENT	OP - LINK			PIX	13531761
202404	ENGAGEMENT	OP - LINK			TICKET	9455731
202404	ENGAGEMENT	POINT			ACCOUNT_MONEY	15749514,3
202404	ENGAGEMENT	POINT			CREDIT_CARD	4470525141
202404	ENGAGEMENT	POINT			DEBIT_CARD	2817729077
202404	ENGAGEMENT	QR			ACCOUNT_MONEY	81997479
202404	ENGAGEMENT	QR			CREDIT_CARD	21794141,12
202404	ENGAGEMENT	QR			DEBIT_CARD	19,81
202404	ENGAGEMENT	QR			PIX	1099821136
202404	ENGAGEMENT	TAP			ACCOUNT_MONEY	52646315,6
202404	ENGAGEMENT	TAP			CREDIT_CARD	118138760,4
202404	ENGAGEMENT	TAP			DEBIT_CARD	6589197,02
202405	AQUISICAO	OP - CHECKOUT			ACCOUNT_MONEY	24939397,24
202405	AQUISICAO	OP - CHECKOUT			CREDIT_CARD	11451938,08
202405	AQUISICAO	OP - CHECKOUT			DEBIT_CARD	725
202405	AQUISICAO	OP - CHECKOUT			PIX	160806339
202405	AQUISICAO	OP - CHECKOUT			TICKET	1032991,7
202405	AQUISICAO	OP - LINK			ACCOUNT_MONEY	71371425,77
202405	AQUISICAO	OP - LINK			CREDIT_CARD	141854467,3
202405	AQUISICAO	OP - LINK			DEBIT_CARD	42,99
202405	AQUISICAO	OP - LINK			PIX	3883431
202405	AQUISICAO	OP - LINK			TICKET	5827310
202405	AQUISICAO	POINT	CANAIS DIGITAIS	APP	ACCOUNT_MONEY	7809127,05
202405	AQUISICAO	POINT	CANAIS DIGITAIS	APP	CREDIT_CARD	73646053,93
202405	AQUISICAO	POINT	CANAIS DIGITAIS	APP	DEBIT_CARD	41502147
202405	AQUISICAO	POINT	CANAIS DIGITAIS	DIGITAL_OUTROS	ACCOUNT_MONEY	9992492,74
202405	AQUISICAO	POINT	CANAIS DIGITAIS	DIGITAL_OUTROS	CREDIT_CARD	22920063,27
202405	AQUISICAO	POINT	CANAIS DIGITAIS	DIGITAL_OUTROS	DEBIT_CARD	29310301
202405	AQUISICAO	POINT	CANAIS DIGITAIS	LANDING	ACCOUNT_MONEY	10523667,8
202405	AQUISICAO	POINT	CANAIS DIGITAIS	LANDING	CREDIT_CARD	45349870,23
202405	AQUISICAO	POINT	CANAIS DIGITAIS	LANDING	DEBIT_CARD	32497156
202405	AQUISICAO	POINT	CANAIS DIGITAIS	TO	ACCOUNT_MONEY	7843487,8
202405	AQUISICAO	POINT	CANAIS DIGITAIS	TO	CREDIT_CARD	98950443,22
202405	AQUISICAO	POINT	CANAIS DIGITAIS	TO	DEBIT_CARD	76806897
202405	AQUISICAO	POINT	FDV PROPRIA		ACCOUNT_MONEY	6553641,8
202405	AQUISICAO	POINT	FDV PROPRIA		CREDIT_CARD	132404890,2
202405	AQUISICAO	POINT	FDV PROPRIA		DEBIT_CARD	75602953
202405	AQUISICAO	POINT	FDV TERCEIRA		ACCOUNT_MONEY	6094453,45
202405	AQUISICAO	POINT	FDV TERCEIRA		CREDIT_CARD	46766136,56
202405	AQUISICAO	POINT	FDV TERCEIRA		DEBIT_CARD	38796118
202405	AQUISICAO	POINT	MgM		ACCOUNT_MONEY	11228993,77
202405	AQUISICAO	POINT	MgM		CREDIT_CARD	39398078,21
202405	AQUISICAO	POINT	MgM		DEBIT_CARD	40614204
202405	AQUISICAO	POINT	RESELLERS		ACCOUNT_MONEY	9098319,57
202405	AQUISICAO	POINT	RESELLERS		CREDIT_CARD	60027573,42
202405	AQUISICAO	POINT	RESELLERS		DEBIT_CARD	49186917
202405	AQUISICAO	POINT	TELEVENDAS		ACCOUNT_MONEY	9438925,76
202405	AQUISICAO	POINT	TELEVENDAS		CREDIT_CARD	31880550,25
202405	AQUISICAO	POINT	TELEVENDAS		DEBIT_CARD	28669484
202405	AQUISICAO	QR			ACCOUNT_MONEY	51598973
202405	AQUISICAO	QR			CREDIT_CARD	2358304,44
202405	AQUISICAO	QR			DEBIT_CARD	359,11
202405	AQUISICAO	QR			PIX	323336357
202405	AQUISICAO	TAP			ACCOUNT_MONEY	2283711,38
202405	AQUISICAO	TAP			CREDIT_CARD	142739725,1
202405	AQUISICAO	TAP			DEBIT_CARD	8262149,15
202405	ENGAGEMENT	OP - CHECKOUT			ACCOUNT_MONEY	5847337,23
202405	ENGAGEMENT	OP - CHECKOUT			CREDIT_CARD	165844646,9
202405	ENGAGEMENT	OP - CHECKOUT			DEBIT_CARD	8,89
202405	ENGAGEMENT	OP - CHECKOUT			PIX	216577020
202405	ENGAGEMENT	OP - CHECKOUT			TICKET	14335722
202405	ENGAGEMENT	OP - LINK			ACCOUNT_MONEY	3558448,18
202405	ENGAGEMENT	OP - LINK			CREDIT_CARD	765242968,6
202405	ENGAGEMENT	OP - LINK			DEBIT_CARD	202,35
202405	ENGAGEMENT	OP - LINK			PIX	12743387
202405	ENGAGEMENT	OP - LINK			TICKET	8302827
202405	ENGAGEMENT	POINT			ACCOUNT_MONEY	16704143,83
202405	ENGAGEMENT	POINT			CREDIT_CARD	4408838822
202405	ENGAGEMENT	POINT			DEBIT_CARD	2945934871
202405	ENGAGEMENT	QR			ACCOUNT_MONEY	85460821
202405	ENGAGEMENT	QR			CREDIT_CARD	21804233,05
202405	ENGAGEMENT	QR			DEBIT_CARD	14,02
202405	ENGAGEMENT	QR			PIX	1204906977
202405	ENGAGEMENT	TAP			ACCOUNT_MONEY	64750807,26
202405	ENGAGEMENT	TAP			CREDIT_CARD	127428928,3
202405	ENGAGEMENT	TAP			DEBIT_CARD	7787520,48
202406	AQUISICAO	OP - CHECKOUT			ACCOUNT_MONEY	24786260,95
202406	AQUISICAO	OP - CHECKOUT			CREDIT_CARD	13186052,86
202406	AQUISICAO	OP - CHECKOUT			DEBIT_CARD	1218
202406	AQUISICAO	OP - CHECKOUT			PIX	139624981
202406	AQUISICAO	OP - CHECKOUT			TICKET	1013676,2
202406	AQUISICAO	OP - LINK			ACCOUNT_MONEY	78068387,67
202406	AQUISICAO	OP - LINK			CREDIT_CARD	155623088,6
202406	AQUISICAO	OP - LINK			DEBIT_CARD	26,69
202406	AQUISICAO	OP - LINK			PIX	4789855
202406	AQUISICAO	OP - LINK			TICKET	5148754
202406	AQUISICAO	POINT	CANAIS DIGITAIS	APP	ACCOUNT_MONEY	5638975,38
202406	AQUISICAO	POINT	CANAIS DIGITAIS	APP	CREDIT_CARD	94826783,61
202406	AQUISICAO	POINT	CANAIS DIGITAIS	APP	DEBIT_CARD	54830462
202406	AQUISICAO	POINT	CANAIS DIGITAIS	DIGITAL_OUTROS	ACCOUNT_MONEY	8034960,19
202406	AQUISICAO	POINT	CANAIS DIGITAIS	DIGITAL_OUTROS	CREDIT_CARD	32156000,79
202406	AQUISICAO	POINT	CANAIS DIGITAIS	DIGITAL_OUTROS	DEBIT_CARD	38501660
202406	AQUISICAO	POINT	CANAIS DIGITAIS	LANDING	ACCOUNT_MONEY	7877112
202406	AQUISICAO	POINT	CANAIS DIGITAIS	LANDING	CREDIT_CARD	59243489,97
202406	AQUISICAO	POINT	CANAIS DIGITAIS	LANDING	DEBIT_CARD	41812909
202406	AQUISICAO	POINT	CANAIS DIGITAIS	TO	ACCOUNT_MONEY	8434766,34
202406	AQUISICAO	POINT	CANAIS DIGITAIS	TO	CREDIT_CARD	115952030,7
202406	AQUISICAO	POINT	CANAIS DIGITAIS	TO	DEBIT_CARD	96689178
202406	AQUISICAO	POINT	FDV PROPRIA		ACCOUNT_MONEY	8024834,13
202406	AQUISICAO	POINT	FDV PROPRIA		CREDIT_CARD	163807562,9
202406	AQUISICAO	POINT	FDV PROPRIA		DEBIT_CARD	95224612
202406	AQUISICAO	POINT	FDV TERCEIRA		ACCOUNT_MONEY	6828291,88
202406	AQUISICAO	POINT	FDV TERCEIRA		CREDIT_CARD	71318443,14
202406	AQUISICAO	POINT	FDV TERCEIRA		DEBIT_CARD	56208831
202406	AQUISICAO	POINT	MgM		ACCOUNT_MONEY	10096400,49
202406	AQUISICAO	POINT	MgM		CREDIT_CARD	52104291,51
202406	AQUISICAO	POINT	MgM		DEBIT_CARD	52551148
202406	AQUISICAO	POINT	RESELLERS		ACCOUNT_MONEY	9544170,28
202406	AQUISICAO	POINT	RESELLERS		CREDIT_CARD	73195423,72
202406	AQUISICAO	POINT	RESELLERS		DEBIT_CARD	64648024
202406	AQUISICAO	POINT	TELEVENDAS		ACCOUNT_MONEY	7981055,34
202406	AQUISICAO	POINT	TELEVENDAS		CREDIT_CARD	44396879,65
202406	AQUISICAO	POINT	TELEVENDAS		DEBIT_CARD	37467951
202406	AQUISICAO	QR			ACCOUNT_MONEY	63672439
202406	AQUISICAO	QR			CREDIT_CARD	2884995,41
202406	AQUISICAO	QR			DEBIT_CARD	458,38
202406	AQUISICAO	QR			PIX	416121617
202406	AQUISICAO	TAP			CREDIT_CARD	187216458,6
202406	AQUISICAO	TAP			DEBIT_CARD	12430278
202406	ENGAGEMENT	OP - CHECKOUT			ACCOUNT_MONEY	8176983,89
202406	ENGAGEMENT	OP - CHECKOUT			CREDIT_CARD	157417678,3
202406	ENGAGEMENT	OP - CHECKOUT			DEBIT_CARD	7,75
202406	ENGAGEMENT	OP - CHECKOUT			PIX	197599039
202406	ENGAGEMENT	OP - CHECKOUT			TICKET	13758820
202406	ENGAGEMENT	OP - LINK			ACCOUNT_MONEY	3132702
202406	ENGAGEMENT	OP - LINK			CREDIT_CARD	734173674,1
202406	ENGAGEMENT	OP - LINK			DEBIT_CARD	122,69
202406	ENGAGEMENT	OP - LINK			PIX	12029386
202406	ENGAGEMENT	OP - LINK			TICKET	8669248
202406	ENGAGEMENT	POINT			ACCOUNT_MONEY	15647828,83
202406	ENGAGEMENT	POINT			CREDIT_CARD	4220872776
202406	ENGAGEMENT	POINT			DEBIT_CARD	2946087765
202406	ENGAGEMENT	QR			ACCOUNT_MONEY	89357124
202406	ENGAGEMENT	QR			CREDIT_CARD	18667801,64
202406	ENGAGEMENT	QR			DEBIT_CARD	9,28
202406	ENGAGEMENT	QR			PIX	1264724884
202406	ENGAGEMENT	TAP			ACCOUNT_MONEY	77985657,53
202406	ENGAGEMENT	TAP			CREDIT_CARD	134194893,5
202406	ENGAGEMENT	TAP			DEBIT_CARD	9699036
202407	AQUISICAO	OP - CHECKOUT			ACCOUNT_MONEY	41525648,57
202407	AQUISICAO	OP - CHECKOUT			CREDIT_CARD	26755401,24
202407	AQUISICAO	OP - CHECKOUT			DEBIT_CARD	521,18
202407	AQUISICAO	OP - CHECKOUT			PIX	120244668
202407	AQUISICAO	OP - CHECKOUT			TICKET	4167362
202407	AQUISICAO	OP - LINK			ACCOUNT_MONEY	90218111,24
202407	AQUISICAO	OP - LINK			CREDIT_CARD	194470910,8
202407	AQUISICAO	OP - LINK			DEBIT_CARD	955,95
202407	AQUISICAO	OP - LINK			PIX	6421125
202407	AQUISICAO	OP - LINK			TICKET	7216588
202407	AQUISICAO	POINT	CANAIS DIGITAIS	APP	ACCOUNT_MONEY	7011621,36
202407	AQUISICAO	POINT	CANAIS DIGITAIS	APP	CREDIT_CARD	115785536,6
202407	AQUISICAO	POINT	CANAIS DIGITAIS	APP	DEBIT_CARD	65466835
202407	AQUISICAO	POINT	CANAIS DIGITAIS	DIGITAL_OUTROS	ACCOUNT_MONEY	9614771,49
202407	AQUISICAO	POINT	CANAIS DIGITAIS	DIGITAL_OUTROS	CREDIT_CARD	39972046,48
202407	AQUISICAO	POINT	CANAIS DIGITAIS	DIGITAL_OUTROS	DEBIT_CARD	45222474
202407	AQUISICAO	POINT	CANAIS DIGITAIS	LANDING	ACCOUNT_MONEY	8261057,68
202407	AQUISICAO	POINT	CANAIS DIGITAIS	LANDING	CREDIT_CARD	69682176,32
202407	AQUISICAO	POINT	CANAIS DIGITAIS	LANDING	DEBIT_CARD	47285688
202407	AQUISICAO	POINT	CANAIS DIGITAIS	TO	ACCOUNT_MONEY	9421158,02
202407	AQUISICAO	POINT	CANAIS DIGITAIS	TO	CREDIT_CARD	140233805
202407	AQUISICAO	POINT	CANAIS DIGITAIS	TO	DEBIT_CARD	111318207
202407	AQUISICAO	POINT	FDV PROPRIA		ACCOUNT_MONEY	10719042,23
202407	AQUISICAO	POINT	FDV PROPRIA		CREDIT_CARD	212782019,8
202407	AQUISICAO	POINT	FDV PROPRIA		DEBIT_CARD	114571174
202407	AQUISICAO	POINT	FDV TERCEIRA		ACCOUNT_MONEY	7267925,79
202407	AQUISICAO	POINT	FDV TERCEIRA		CREDIT_CARD	102310677,2
202407	AQUISICAO	POINT	FDV TERCEIRA		DEBIT_CARD	73073653
202407	AQUISICAO	POINT	MgM		ACCOUNT_MONEY	7643399,95
202407	AQUISICAO	POINT	MgM		CREDIT_CARD	72126114,05
202407	AQUISICAO	POINT	MgM		DEBIT_CARD	62895185
202407	AQUISICAO	POINT	RESELLERS		ACCOUNT_MONEY	8615590,89
202407	AQUISICAO	POINT	RESELLERS		CREDIT_CARD	90080883,13
202407	AQUISICAO	POINT	RESELLERS		DEBIT_CARD	77125045
202407	AQUISICAO	POINT	TELEVENDAS		ACCOUNT_MONEY	7863199,04
202407	AQUISICAO	POINT	TELEVENDAS		CREDIT_CARD	56543794,98
202407	AQUISICAO	POINT	TELEVENDAS		DEBIT_CARD	43218845
202407	AQUISICAO	QR			ACCOUNT_MONEY	73803086
202407	AQUISICAO	QR			CREDIT_CARD	3387599,79
202407	AQUISICAO	QR			DEBIT_CARD	12,5
202407	AQUISICAO	QR			PIX	495805771
202407	AQUISICAO	TAP			CREDIT_CARD	241499811,5
202407	AQUISICAO	TAP			DEBIT_CARD	16358032
202407	ENGAGEMENT	OP - CHECKOUT			ACCOUNT_MONEY	5675000,58
202407	ENGAGEMENT	OP - CHECKOUT			CREDIT_CARD	159507160,6
202407	ENGAGEMENT	OP - CHECKOUT			DEBIT_CARD	7,58
202407	ENGAGEMENT	OP - CHECKOUT			PIX	189930765
202407	ENGAGEMENT	OP - CHECKOUT			TICKET	14787980
202407	ENGAGEMENT	OP - LINK			ACCOUNT_MONEY	3564981
202407	ENGAGEMENT	OP - LINK			CREDIT_CARD	767459275,5
202407	ENGAGEMENT	OP - LINK			DEBIT_CARD	41,08
202407	ENGAGEMENT	OP - LINK			PIX	12590738
202407	ENGAGEMENT	OP - LINK			TICKET	8073042
202407	ENGAGEMENT	POINT			ACCOUNT_MONEY	16312639,35
202407	ENGAGEMENT	POINT			CREDIT_CARD	4248611264
202407	ENGAGEMENT	POINT			DEBIT_CARD	2840672013
202407	ENGAGEMENT	QR			ACCOUNT_MONEY	110443029
202407	ENGAGEMENT	QR			CREDIT_CARD	18851950,43
202407	ENGAGEMENT	QR			DEBIT_CARD	5,66
202407	ENGAGEMENT	QR			PIX	1282873525
202407	ENGAGEMENT	TAP			ACCOUNT_MONEY	97410495,56
202407	ENGAGEMENT	TAP			CREDIT_CARD	151226224,4
202407	ENGAGEMENT	TAP			DEBIT_CARD	11011628
202408	AQUISICAO	OP - CHECKOUT			ACCOUNT_MONEY	64305542,18
202408	AQUISICAO	OP - CHECKOUT			CREDIT_CARD	46240253,53
202408	AQUISICAO	OP - CHECKOUT			DEBIT_CARD	394,31
202408	AQUISICAO	OP - CHECKOUT			PIX	97127443
202408	AQUISICAO	OP - CHECKOUT			TICKET	9407796
202408	AQUISICAO	OP - LINK			ACCOUNT_MONEY	99547256,56
202408	AQUISICAO	OP - LINK			CREDIT_CARD	224736505,6
202408	AQUISICAO	OP - LINK			DEBIT_CARD	555,87
202408	AQUISICAO	OP - LINK			PIX	5636490
202408	AQUISICAO	OP - LINK			TICKET	7317523
202408	AQUISICAO	POINT	CANAIS DIGITAIS	APP	ACCOUNT_MONEY	8174140,67
202408	AQUISICAO	POINT	CANAIS DIGITAIS	APP	CREDIT_CARD	134795177,3
202408	AQUISICAO	POINT	CANAIS DIGITAIS	APP	DEBIT_CARD	77384958
202408	AQUISICAO	POINT	CANAIS DIGITAIS	DIGITAL_OUTROS	ACCOUNT_MONEY	10720394,78
202408	AQUISICAO	POINT	CANAIS DIGITAIS	DIGITAL_OUTROS	CREDIT_CARD	43647703,22
202408	AQUISICAO	POINT	CANAIS DIGITAIS	DIGITAL_OUTROS	DEBIT_CARD	50196070
202408	AQUISICAO	POINT	CANAIS DIGITAIS	LANDING	ACCOUNT_MONEY	7727330,94
202408	AQUISICAO	POINT	CANAIS DIGITAIS	LANDING	CREDIT_CARD	80859191,08
202408	AQUISICAO	POINT	CANAIS DIGITAIS	LANDING	DEBIT_CARD	54087801
202408	AQUISICAO	POINT	CANAIS DIGITAIS	TO	ACCOUNT_MONEY	7913977,08
202408	AQUISICAO	POINT	CANAIS DIGITAIS	TO	CREDIT_CARD	165258684,9
202408	AQUISICAO	POINT	CANAIS DIGITAIS	TO	DEBIT_CARD	127567886
202408	AQUISICAO	POINT	FDV PROPRIA		ACCOUNT_MONEY	12625042,33
202408	AQUISICAO	POINT	FDV PROPRIA		CREDIT_CARD	251747384,7
202408	AQUISICAO	POINT	FDV PROPRIA		DEBIT_CARD	135902000
202408	AQUISICAO	POINT	FDV TERCEIRA		ACCOUNT_MONEY	8622945,42
202408	AQUISICAO	POINT	FDV TERCEIRA		CREDIT_CARD	123349043,6
202408	AQUISICAO	POINT	FDV TERCEIRA		DEBIT_CARD	88159104
202408	AQUISICAO	POINT	MgM		ACCOUNT_MONEY	8956712,32
202408	AQUISICAO	POINT	MgM		CREDIT_CARD	82977828,67
202408	AQUISICAO	POINT	MgM		DEBIT_CARD	73420171
202408	AQUISICAO	POINT	RESELLERS		ACCOUNT_MONEY	8471536,04
202408	AQUISICAO	POINT	RESELLERS		CREDIT_CARD	104602228
202408	AQUISICAO	POINT	RESELLERS		DEBIT_CARD	88566145
202408	AQUISICAO	POINT	TELEVENDAS		ACCOUNT_MONEY	7082340,83
202408	AQUISICAO	POINT	TELEVENDAS		CREDIT_CARD	68419286,19
202408	AQUISICAO	POINT	TELEVENDAS		DEBIT_CARD	49736491
202408	AQUISICAO	QR			ACCOUNT_MONEY	73390136
202408	AQUISICAO	QR			CREDIT_CARD	3472061,7
202408	AQUISICAO	QR			DEBIT_CARD	140,84
202408	AQUISICAO	QR			PIX	578659310
202408	AQUISICAO	TAP			CREDIT_CARD	288829976,2
202408	AQUISICAO	TAP			DEBIT_CARD	19801722
202408	ENGAGEMENT	OP - CHECKOUT			ACCOUNT_MONEY	6249129,9
202408	ENGAGEMENT	OP - CHECKOUT			CREDIT_CARD	148366037,1
202408	ENGAGEMENT	OP - CHECKOUT			DEBIT_CARD	753,22
202408	ENGAGEMENT	OP - CHECKOUT			PIX	172016850
202408	ENGAGEMENT	OP - CHECKOUT			TICKET	13567328
202408	ENGAGEMENT	OP - LINK			ACCOUNT_MONEY	3510377
202408	ENGAGEMENT	OP - LINK			CREDIT_CARD	755155773,2
202408	ENGAGEMENT	OP - LINK			DEBIT_CARD	42,38
202408	ENGAGEMENT	OP - LINK			PIX	12144345
202408	ENGAGEMENT	OP - LINK			TICKET	7442305
202408	ENGAGEMENT	POINT			ACCOUNT_MONEY	17249954,32
202408	ENGAGEMENT	POINT			CREDIT_CARD	4166813462
202408	ENGAGEMENT	POINT			DEBIT_CARD	2804243782
202408	ENGAGEMENT	QR			ACCOUNT_MONEY	134506650
202408	ENGAGEMENT	QR			CREDIT_CARD	16334271,96
202408	ENGAGEMENT	QR			DEBIT_CARD	861,05
202408	ENGAGEMENT	QR			PIX	1323332742
202408	ENGAGEMENT	TAP			ACCOUNT_MONEY	111693955,1
202408	ENGAGEMENT	TAP			CREDIT_CARD	156453936,9
202408	ENGAGEMENT	TAP			DEBIT_CARD	11887743
202409	AQUISICAO	OP - CHECKOUT			ACCOUNT_MONEY	64098574,82
202409	AQUISICAO	OP - CHECKOUT			CREDIT_CARD	48802302,77
202409	AQUISICAO	OP - CHECKOUT			DEBIT_CARD	485,4
202409	AQUISICAO	OP - CHECKOUT			PIX	85772665
202409	AQUISICAO	OP - CHECKOUT			TICKET	9274499
202409	AQUISICAO	OP - LINK			ACCOUNT_MONEY	104137577,5
202409	AQUISICAO	OP - LINK			CREDIT_CARD	255529316,6
202409	AQUISICAO	OP - LINK			DEBIT_CARD	30,95
202409	AQUISICAO	OP - LINK			PIX	6716405
202409	AQUISICAO	OP - LINK			TICKET	7130614
202409	AQUISICAO	POINT	CANAIS DIGITAIS	APP	ACCOUNT_MONEY	8956183,73
202409	AQUISICAO	POINT	CANAIS DIGITAIS	APP	CREDIT_CARD	150841478,3
202409	AQUISICAO	POINT	CANAIS DIGITAIS	APP	DEBIT_CARD	86951390
202409	AQUISICAO	POINT	CANAIS DIGITAIS	DIGITAL_OUTROS	ACCOUNT_MONEY	9459195,11
202409	AQUISICAO	POINT	CANAIS DIGITAIS	DIGITAL_OUTROS	CREDIT_CARD	49302609,91
202409	AQUISICAO	POINT	CANAIS DIGITAIS	DIGITAL_OUTROS	DEBIT_CARD	52335761
202409	AQUISICAO	POINT	CANAIS DIGITAIS	LANDING	ACCOUNT_MONEY	8565922,09
202409	AQUISICAO	POINT	CANAIS DIGITAIS	LANDING	CREDIT_CARD	86151816,9
202409	AQUISICAO	POINT	CANAIS DIGITAIS	LANDING	DEBIT_CARD	58160989
202409	AQUISICAO	POINT	CANAIS DIGITAIS	TO	ACCOUNT_MONEY	6992636,22
202409	AQUISICAO	POINT	CANAIS DIGITAIS	TO	CREDIT_CARD	180107741,8
202409	AQUISICAO	POINT	CANAIS DIGITAIS	TO	DEBIT_CARD	137772928
202409	AQUISICAO	POINT	FDV PROPRIA		ACCOUNT_MONEY	14258039,69
202409	AQUISICAO	POINT	FDV PROPRIA		CREDIT_CARD	282670878,3
202409	AQUISICAO	POINT	FDV PROPRIA		DEBIT_CARD	146496341
202409	AQUISICAO	POINT	FDV TERCEIRA		ACCOUNT_MONEY	8447882,65
202409	AQUISICAO	POINT	FDV TERCEIRA		CREDIT_CARD	139228598,3
202409	AQUISICAO	POINT	FDV TERCEIRA		DEBIT_CARD	98934296
202409	AQUISICAO	POINT	MgM		ACCOUNT_MONEY	7116236,64
202409	AQUISICAO	POINT	MgM		CREDIT_CARD	93494626,38
202409	AQUISICAO	POINT	MgM		DEBIT_CARD	79765057
202409	AQUISICAO	POINT	RESELLERS		ACCOUNT_MONEY	9298888,27
202409	AQUISICAO	POINT	RESELLERS		CREDIT_CARD	112336303,7
202409	AQUISICAO	POINT	RESELLERS		DEBIT_CARD	97405582
202409	AQUISICAO	POINT	TELEVENDAS		ACCOUNT_MONEY	7358099,59
202409	AQUISICAO	POINT	TELEVENDAS		CREDIT_CARD	77059623,4
202409	AQUISICAO	POINT	TELEVENDAS		DEBIT_CARD	53154734
202409	AQUISICAO	QR			ACCOUNT_MONEY	75109041
202409	AQUISICAO	QR			CREDIT_CARD	3609346,51
202409	AQUISICAO	QR			DEBIT_CARD	370,93
202409	AQUISICAO	QR			PIX	630669278
202409	AQUISICAO	TAP			CREDIT_CARD	311910510,7
202409	AQUISICAO	TAP			DEBIT_CARD	22336779
202409	ENGAGEMENT	OP - CHECKOUT			ACCOUNT_MONEY	5684237
202409	ENGAGEMENT	OP - CHECKOUT			CREDIT_CARD	144265689,2
202409	ENGAGEMENT	OP - CHECKOUT			DEBIT_CARD	7,34
202409	ENGAGEMENT	OP - CHECKOUT			PIX	153687041
202409	ENGAGEMENT	OP - CHECKOUT			TICKET	12736594
202409	ENGAGEMENT	OP - LINK			ACCOUNT_MONEY	3223471
202409	ENGAGEMENT	OP - LINK			CREDIT_CARD	727578697,9
202409	ENGAGEMENT	OP - LINK			DEBIT_CARD	101,9
202409	ENGAGEMENT	OP - LINK			PIX	11659766
202409	ENGAGEMENT	OP - LINK			TICKET	7187739
202409	ENGAGEMENT	POINT			ACCOUNT_MONEY	16834127,07
202409	ENGAGEMENT	POINT			CREDIT_CARD	3973401315
202409	ENGAGEMENT	POINT			DEBIT_CARD	2653956712
202409	ENGAGEMENT	QR			ACCOUNT_MONEY	144888051
202409	ENGAGEMENT	QR			CREDIT_CARD	15504595,95
202409	ENGAGEMENT	QR			DEBIT_CARD	9,73
202409	ENGAGEMENT	QR			PIX	1291072776
202409	ENGAGEMENT	TAP			ACCOUNT_MONEY	118559421,3
202409	ENGAGEMENT	TAP			CREDIT_CARD	149114011,7
202409	ENGAGEMENT	TAP			DEBIT_CARD	11648016
202410	AQUISICAO	OP - CHECKOUT			ACCOUNT_MONEY	23946635,39
202410	AQUISICAO	OP - CHECKOUT			CREDIT_CARD	35710091,62
202410	AQUISICAO	OP - CHECKOUT			DEBIT_CARD	1133
202410	AQUISICAO	OP - CHECKOUT			PIX	89230163
202410	AQUISICAO	OP - CHECKOUT			TICKET	3598788
202410	AQUISICAO	OP - LINK			ACCOUNT_MONEY	128084120,6
202410	AQUISICAO	OP - LINK			CREDIT_CARD	325488205,1
202410	AQUISICAO	OP - LINK			DEBIT_CARD	33,3
202410	AQUISICAO	OP - LINK			PIX	8592478
202410	AQUISICAO	OP - LINK			TICKET	6751933
202410	AQUISICAO	POINT	CANAIS DIGITAIS	APP	ACCOUNT_MONEY	9442943,6
202410	AQUISICAO	POINT	CANAIS DIGITAIS	APP	CREDIT_CARD	178466327,4
202410	AQUISICAO	POINT	CANAIS DIGITAIS	APP	DEBIT_CARD	97675578
202410	AQUISICAO	POINT	CANAIS DIGITAIS	DIGITAL_OUTROS	ACCOUNT_MONEY	7736063,46
202410	AQUISICAO	POINT	CANAIS DIGITAIS	DIGITAL_OUTROS	CREDIT_CARD	60307542,52
202410	AQUISICAO	POINT	CANAIS DIGITAIS	DIGITAL_OUTROS	DEBIT_CARD	57438801
202410	AQUISICAO	POINT	CANAIS DIGITAIS	LANDING	ACCOUNT_MONEY	8815255,92
202410	AQUISICAO	POINT	CANAIS DIGITAIS	LANDING	CREDIT_CARD	99760840,09
202410	AQUISICAO	POINT	CANAIS DIGITAIS	LANDING	DEBIT_CARD	63887617
202410	AQUISICAO	POINT	CANAIS DIGITAIS	TO	ACCOUNT_MONEY	6605790,87
202410	AQUISICAO	POINT	CANAIS DIGITAIS	TO	CREDIT_CARD	204916120,1
202410	AQUISICAO	POINT	CANAIS DIGITAIS	TO	DEBIT_CARD	150269718
202410	AQUISICAO	POINT	FDV PROPRIA		ACCOUNT_MONEY	13849171,96
202410	AQUISICAO	POINT	FDV PROPRIA		CREDIT_CARD	354516841,1
202410	AQUISICAO	POINT	FDV PROPRIA		DEBIT_CARD	175443423
202410	AQUISICAO	POINT	FDV TERCEIRA		ACCOUNT_MONEY	8172126,69
202410	AQUISICAO	POINT	FDV TERCEIRA		CREDIT_CARD	176116802,3
202410	AQUISICAO	POINT	FDV TERCEIRA		DEBIT_CARD	117113709
202410	AQUISICAO	POINT	MgM		ACCOUNT_MONEY	7898477,61
202410	AQUISICAO	POINT	MgM		CREDIT_CARD	107515471,4
202410	AQUISICAO	POINT	MgM		DEBIT_CARD	88598024
202410	AQUISICAO	POINT	RESELLERS		ACCOUNT_MONEY	9883207,01
202410	AQUISICAO	POINT	RESELLERS		CREDIT_CARD	127731428
202410	AQUISICAO	POINT	RESELLERS		DEBIT_CARD	108681072
202410	AQUISICAO	POINT	TELEVENDAS		ACCOUNT_MONEY	6199562,28
202410	AQUISICAO	POINT	TELEVENDAS		CREDIT_CARD	92047136,7
202410	AQUISICAO	POINT	TELEVENDAS		DEBIT_CARD	59737075
202410	AQUISICAO	QR			ACCOUNT_MONEY	92581944
202410	AQUISICAO	QR			CREDIT_CARD	5260957,07
202410	AQUISICAO	QR			DEBIT_CARD	13,58
202410	AQUISICAO	QR			PIX	729923252
202410	AQUISICAO	TAP			CREDIT_CARD	307314483,6
202410	AQUISICAO	TAP			DEBIT_CARD	23751921
202410	ENGAGEMENT	OP - CHECKOUT			ACCOUNT_MONEY	5198556,8
202410	ENGAGEMENT	OP - CHECKOUT			CREDIT_CARD	148340361,4
202410	ENGAGEMENT	OP - CHECKOUT			DEBIT_CARD	8,35
202410	ENGAGEMENT	OP - CHECKOUT			PIX	154072672
202410	ENGAGEMENT	OP - CHECKOUT			TICKET	12439913
202410	ENGAGEMENT	OP - LINK			ACCOUNT_MONEY	2887749
202410	ENGAGEMENT	OP - LINK			CREDIT_CARD	784247474,9
202410	ENGAGEMENT	OP - LINK			DEBIT_CARD	109,1
202410	ENGAGEMENT	OP - LINK			PIX	12200200
202410	ENGAGEMENT	OP - LINK			TICKET	7610457
202410	ENGAGEMENT	POINT			ACCOUNT_MONEY	18019603,81
202410	ENGAGEMENT	POINT			CREDIT_CARD	4110740843
202410	ENGAGEMENT	POINT			DEBIT_CARD	2645817997
202410	ENGAGEMENT	QR			ACCOUNT_MONEY	100577180
202410	ENGAGEMENT	QR			CREDIT_CARD	15261662,92
202410	ENGAGEMENT	QR			DEBIT_CARD	8,67
202410	ENGAGEMENT	QR			PIX	1348584856
202410	ENGAGEMENT	TAP			ACCOUNT_MONEY	107921526,3
202410	ENGAGEMENT	TAP			CREDIT_CARD	138295133,7
202410	ENGAGEMENT	TAP			DEBIT_CARD	11737961
202411	AQUISICAO	OP - CHECKOUT			ACCOUNT_MONEY	28171604,77
202411	AQUISICAO	OP - CHECKOUT			CREDIT_CARD	45335807,24
202411	AQUISICAO	OP - CHECKOUT			DEBIT_CARD	1250
202411	AQUISICAO	OP - CHECKOUT			PIX	94812627
202411	AQUISICAO	OP - CHECKOUT			TICKET	4135561
202411	AQUISICAO	OP - LINK			ACCOUNT_MONEY	136273428,8
202411	AQUISICAO	OP - LINK			CREDIT_CARD	371430538
202411	AQUISICAO	OP - LINK			DEBIT_CARD	37,18
202411	AQUISICAO	OP - LINK			PIX	9490101
202411	AQUISICAO	OP - LINK			TICKET	5534147
202411	AQUISICAO	POINT	CANAIS DIGITAIS	APP	ACCOUNT_MONEY	10438550
202411	AQUISICAO	POINT	CANAIS DIGITAIS	APP	CREDIT_CARD	194201135
202411	AQUISICAO	POINT	CANAIS DIGITAIS	APP	DEBIT_CARD	112583794
202411	AQUISICAO	POINT	CANAIS DIGITAIS	DIGITAL_OUTROS	ACCOUNT_MONEY	8058493,53
202411	AQUISICAO	POINT	CANAIS DIGITAIS	DIGITAL_OUTROS	CREDIT_CARD	66150808,48
202411	AQUISICAO	POINT	CANAIS DIGITAIS	DIGITAL_OUTROS	DEBIT_CARD	63000125
202411	AQUISICAO	POINT	CANAIS DIGITAIS	LANDING	ACCOUNT_MONEY	8718890,58
202411	AQUISICAO	POINT	CANAIS DIGITAIS	LANDING	CREDIT_CARD	109436694,4
202411	AQUISICAO	POINT	CANAIS DIGITAIS	LANDING	DEBIT_CARD	72254615
202411	AQUISICAO	POINT	CANAIS DIGITAIS	TO	ACCOUNT_MONEY	7057721,33
202411	AQUISICAO	POINT	CANAIS DIGITAIS	TO	CREDIT_CARD	220529175,7
202411	AQUISICAO	POINT	CANAIS DIGITAIS	TO	DEBIT_CARD	170497692
202411	AQUISICAO	POINT	FDV PROPRIA		ACCOUNT_MONEY	13908160,91
202411	AQUISICAO	POINT	FDV PROPRIA		CREDIT_CARD	406934034,1
202411	AQUISICAO	POINT	FDV PROPRIA		DEBIT_CARD	206597122
202411	AQUISICAO	POINT	FDV TERCEIRA		ACCOUNT_MONEY	8213767,01
202411	AQUISICAO	POINT	FDV TERCEIRA		CREDIT_CARD	204999718
202411	AQUISICAO	POINT	FDV TERCEIRA		DEBIT_CARD	136080664
202411	AQUISICAO	POINT	MgM		ACCOUNT_MONEY	6740340,91
202411	AQUISICAO	POINT	MgM		CREDIT_CARD	120968831,1
202411	AQUISICAO	POINT	MgM		DEBIT_CARD	101739969
202411	AQUISICAO	POINT	RESELLERS		ACCOUNT_MONEY	11023681,28
202411	AQUISICAO	POINT	RESELLERS		CREDIT_CARD	137383796,7
202411	AQUISICAO	POINT	RESELLERS		DEBIT_CARD	125270862
202411	AQUISICAO	POINT	TELEVENDAS		ACCOUNT_MONEY	6007955,8
202411	AQUISICAO	POINT	TELEVENDAS		CREDIT_CARD	103010933,2
202411	AQUISICAO	POINT	TELEVENDAS		DEBIT_CARD	67523592
202411	AQUISICAO	QR			ACCOUNT_MONEY	105242636
202411	AQUISICAO	QR			CREDIT_CARD	5213207,87
202411	AQUISICAO	QR			DEBIT_CARD	630,73
202411	AQUISICAO	QR			PIX	859462118
202411	AQUISICAO	TAP			CREDIT_CARD	398776225,5
202411	AQUISICAO	TAP			DEBIT_CARD	30888967
202411	ENGAGEMENT	OP - CHECKOUT			ACCOUNT_MONEY	4458060,11
202411	ENGAGEMENT	OP - CHECKOUT			CREDIT_CARD	175866935,4
202411	ENGAGEMENT	OP - CHECKOUT			DEBIT_CARD	7,19
202411	ENGAGEMENT	OP - CHECKOUT			PIX	158204798
202411	ENGAGEMENT	OP - CHECKOUT			TICKET	10977194
202411	ENGAGEMENT	OP - LINK			ACCOUNT_MONEY	2864798
202411	ENGAGEMENT	OP - LINK			CREDIT_CARD	765831327,5
202411	ENGAGEMENT	OP - LINK			DEBIT_CARD	111,72
202411	ENGAGEMENT	OP - LINK			PIX	11793666
202411	ENGAGEMENT	OP - LINK			TICKET	5776550
202411	ENGAGEMENT	POINT			ACCOUNT_MONEY	6129275,58
202411	ENGAGEMENT	POINT			CREDIT_CARD	4010528365
202411	ENGAGEMENT	POINT			DEBIT_CARD	2680391381
202411	ENGAGEMENT	QR			ACCOUNT_MONEY	103819804
202411	ENGAGEMENT	QR			CREDIT_CARD	14439408,37
202411	ENGAGEMENT	QR			DEBIT_CARD	4,61
202411	ENGAGEMENT	QR			PIX	1411883357
202411	ENGAGEMENT	TAP			ACCOUNT_MONEY	141011290,1
202411	ENGAGEMENT	TAP			CREDIT_CARD	156210261,9
202411	ENGAGEMENT	TAP			DEBIT_CARD	14038057
202412	AQUISICAO	OP - CHECKOUT			ACCOUNT_MONEY	26266294,86
202412	AQUISICAO	OP - CHECKOUT			CREDIT_CARD	38742432,74
202412	AQUISICAO	OP - CHECKOUT			DEBIT_CARD	469,39
202412	AQUISICAO	OP - CHECKOUT			PIX	96414513
202412	AQUISICAO	OP - CHECKOUT			TICKET	2797952
202412	AQUISICAO	OP - LINK			ACCOUNT_MONEY	140701546,2
202412	AQUISICAO	OP - LINK			CREDIT_CARD	354743773,1
202412	AQUISICAO	OP - LINK			DEBIT_CARD	41,68
202412	AQUISICAO	OP - LINK			PIX	8711979
202412	AQUISICAO	OP - LINK			TICKET	7269720
202412	AQUISICAO	POINT	CANAIS DIGITAIS	APP	ACCOUNT_MONEY	8919220,85
202412	AQUISICAO	POINT	CANAIS DIGITAIS	APP	CREDIT_CARD	215547313,1
202412	AQUISICAO	POINT	CANAIS DIGITAIS	APP	DEBIT_CARD	149353950
202412	AQUISICAO	POINT	CANAIS DIGITAIS	DIGITAL_OUTROS	ACCOUNT_MONEY	8325239,27
202412	AQUISICAO	POINT	CANAIS DIGITAIS	DIGITAL_OUTROS	CREDIT_CARD	73911813,74
202412	AQUISICAO	POINT	CANAIS DIGITAIS	DIGITAL_OUTROS	DEBIT_CARD	80825683
202412	AQUISICAO	POINT	CANAIS DIGITAIS	LANDING	ACCOUNT_MONEY	7834131,6
202412	AQUISICAO	POINT	CANAIS DIGITAIS	LANDING	CREDIT_CARD	119514780,4
202412	AQUISICAO	POINT	CANAIS DIGITAIS	LANDING	DEBIT_CARD	95377060
202412	AQUISICAO	POINT	CANAIS DIGITAIS	TO	ACCOUNT_MONEY	6413958,62
202412	AQUISICAO	POINT	CANAIS DIGITAIS	TO	CREDIT_CARD	233333210,4
202412	AQUISICAO	POINT	CANAIS DIGITAIS	TO	DEBIT_CARD	215724250
202412	AQUISICAO	POINT	FDV PROPRIA		ACCOUNT_MONEY	14460338,19
202412	AQUISICAO	POINT	FDV PROPRIA		CREDIT_CARD	480379842,8
202412	AQUISICAO	POINT	FDV PROPRIA		DEBIT_CARD	302362347
202412	AQUISICAO	POINT	FDV TERCEIRA		ACCOUNT_MONEY	8160610,23
202412	AQUISICAO	POINT	FDV TERCEIRA		CREDIT_CARD	244995313,8
202412	AQUISICAO	POINT	FDV TERCEIRA		DEBIT_CARD	190450331
202412	AQUISICAO	POINT	MgM		ACCOUNT_MONEY	6958819,22
202412	AQUISICAO	POINT	MgM		CREDIT_CARD	133688954,8
202412	AQUISICAO	POINT	MgM		DEBIT_CARD	135525026
202412	AQUISICAO	POINT	RESELLERS		ACCOUNT_MONEY	8904987,49
202412	AQUISICAO	POINT	RESELLERS		CREDIT_CARD	153149366,5
202412	AQUISICAO	POINT	RESELLERS		DEBIT_CARD	162062366
202412	AQUISICAO	POINT	TELEVENDAS		ACCOUNT_MONEY	5253426,98
202412	AQUISICAO	POINT	TELEVENDAS		CREDIT_CARD	111363272
202412	AQUISICAO	POINT	TELEVENDAS		DEBIT_CARD	88322237
202412	AQUISICAO	QR			ACCOUNT_MONEY	122279657
202412	AQUISICAO	QR			CREDIT_CARD	5481879,84
202412	AQUISICAO	QR			DEBIT_CARD	928,22
202412	AQUISICAO	QR			PIX	1174564939
202412	AQUISICAO	TAP			CREDIT_CARD	421854862,4
202412	AQUISICAO	TAP			DEBIT_CARD	39768463
202412	ENGAGEMENT	OP - CHECKOUT			ACCOUNT_MONEY	3453385,54
202412	ENGAGEMENT	OP - CHECKOUT			CREDIT_CARD	134611013,8
202412	ENGAGEMENT	OP - CHECKOUT			DEBIT_CARD	6,6
202412	ENGAGEMENT	OP - CHECKOUT			PIX	145348310
202412	ENGAGEMENT	OP - CHECKOUT			TICKET	9635012
202412	ENGAGEMENT	OP - LINK			ACCOUNT_MONEY	2571801
202412	ENGAGEMENT	OP - LINK			CREDIT_CARD	694320206,7
202412	ENGAGEMENT	OP - LINK			DEBIT_CARD	112,21
202412	ENGAGEMENT	OP - LINK			PIX	11197806
202412	ENGAGEMENT	OP - LINK			TICKET	7580414
202412	ENGAGEMENT	POINT			ACCOUNT_MONEY	7627576,78
202412	ENGAGEMENT	POINT			CREDIT_CARD	3941382271
202412	ENGAGEMENT	POINT			DEBIT_CARD	3163316900
202412	ENGAGEMENT	QR			ACCOUNT_MONEY	126729485
202412	ENGAGEMENT	QR			CREDIT_CARD	13445842,31
202412	ENGAGEMENT	QR			DEBIT_CARD	4,37
202412	ENGAGEMENT	QR			PIX	1768974449
202412	ENGAGEMENT	TAP			ACCOUNT_MONEY	146399990,1
202412	ENGAGEMENT	TAP			CREDIT_CARD	152033311,9
202412	ENGAGEMENT	TAP			DEBIT_CARD	17098311
202501	AQUISICAO	OP - CHECKOUT			ACCOUNT_MONEY	5172677,67
202501	AQUISICAO	OP - CHECKOUT			CREDIT_CARD	3760,04
202501	AQUISICAO	OP - CHECKOUT			DEBIT_CARD	171
202501	AQUISICAO	OP - CHECKOUT			PIX	8673043
202501	AQUISICAO	OP - CHECKOUT			TICKET	525,34
202501	AQUISICAO	OP - LINK			ACCOUNT_MONEY	50175965,31
202501	AQUISICAO	OP - LINK			CREDIT_CARD	74566624,51
202501	AQUISICAO	OP - LINK			DEBIT_CARD	73,9
202501	AQUISICAO	OP - LINK			PIX	1491171,3
202501	AQUISICAO	OP - LINK			TICKET	3418500
202501	AQUISICAO	POINT	CANAIS DIGITAIS	APP	ACCOUNT_MONEY	10591622,97
202501	AQUISICAO	POINT	CANAIS DIGITAIS	APP	CREDIT_CARD	8256581,01
202501	AQUISICAO	POINT	CANAIS DIGITAIS	APP	DEBIT_CARD	8569244
202501	AQUISICAO	POINT	CANAIS DIGITAIS	DIGITAL_OUTROS	ACCOUNT_MONEY	2545341,11
202501	AQUISICAO	POINT	CANAIS DIGITAIS	DIGITAL_OUTROS	CREDIT_CARD	1075966,87
202501	AQUISICAO	POINT	CANAIS DIGITAIS	DIGITAL_OUTROS	DEBIT_CARD	2902030
202501	AQUISICAO	POINT	CANAIS DIGITAIS	LANDING	ACCOUNT_MONEY	5436584,98
202501	AQUISICAO	POINT	CANAIS DIGITAIS	LANDING	CREDIT_CARD	4395356,04
202501	AQUISICAO	POINT	CANAIS DIGITAIS	LANDING	DEBIT_CARD	5047902
202501	AQUISICAO	POINT	CANAIS DIGITAIS	TO	ACCOUNT_MONEY	8029643,32
202501	AQUISICAO	POINT	CANAIS DIGITAIS	TO	CREDIT_CARD	8495524,68
202501	AQUISICAO	POINT	CANAIS DIGITAIS	TO	DEBIT_CARD	10351366
202501	AQUISICAO	POINT	FDV PROPRIA		ACCOUNT_MONEY	6321103,57
202501	AQUISICAO	POINT	FDV PROPRIA		CREDIT_CARD	17991433,42
202501	AQUISICAO	POINT	FDV PROPRIA		DEBIT_CARD	11941366
202501	AQUISICAO	POINT	FDV TERCEIRA		ACCOUNT_MONEY	6176958,86
202501	AQUISICAO	POINT	FDV TERCEIRA		CREDIT_CARD	5895435,14
202501	AQUISICAO	POINT	FDV TERCEIRA		DEBIT_CARD	7029287
202501	AQUISICAO	POINT	MgM		ACCOUNT_MONEY	5495193,31
202501	AQUISICAO	POINT	MgM		CREDIT_CARD	5367337,66
202501	AQUISICAO	POINT	MgM		DEBIT_CARD	6848158
202501	AQUISICAO	POINT	RESELLERS		ACCOUNT_MONEY	7680373,95
202501	AQUISICAO	POINT	RESELLERS		CREDIT_CARD	6489861,07
202501	AQUISICAO	POINT	RESELLERS		DEBIT_CARD	8494561
202501	AQUISICAO	POINT	TELEVENDAS		ACCOUNT_MONEY	3611651,69
202501	AQUISICAO	POINT	TELEVENDAS		CREDIT_CARD	1515328,33
202501	AQUISICAO	POINT	TELEVENDAS		DEBIT_CARD	2832047
202501	AQUISICAO	QR			ACCOUNT_MONEY	18833485
202501	AQUISICAO	QR			CREDIT_CARD	3935,87
202501	AQUISICAO	QR			DEBIT_CARD	998
202501	AQUISICAO	QR			PIX	106823673
202501	AQUISICAO	TAP			ACCOUNT_MONEY	2661733,51
202501	AQUISICAO	TAP			CREDIT_CARD	65252450,84
202501	AQUISICAO	TAP			DEBIT_CARD	5601717,49
202501	ENGAGEMENT	OP - CHECKOUT			ACCOUNT_MONEY	14740522,59
202501	ENGAGEMENT	OP - CHECKOUT			CREDIT_CARD	172946568,2
202501	ENGAGEMENT	OP - CHECKOUT			DEBIT_CARD	8,2
202501	ENGAGEMENT	OP - CHECKOUT			PIX	205319943
202501	ENGAGEMENT	OP - CHECKOUT			TICKET	12414358
202501	ENGAGEMENT	OP - LINK			ACCOUNT_MONEY	6096119,82
202501	ENGAGEMENT	OP - LINK			CREDIT_CARD	987379095,3
202501	ENGAGEMENT	OP - LINK			DEBIT_CARD	136,91
202501	ENGAGEMENT	OP - LINK			PIX	15429609
202501	ENGAGEMENT	OP - LINK			TICKET	10878572
202501	ENGAGEMENT	POINT			ACCOUNT_MONEY	16237048,3
202501	ENGAGEMENT	POINT			CREDIT_CARD	5347575516
202501	ENGAGEMENT	POINT			DEBIT_CARD	3678625868
202501	ENGAGEMENT	QR			ACCOUNT_MONEY	194898748
202501	ENGAGEMENT	QR			CREDIT_CARD	15181479,62
202501	ENGAGEMENT	QR			DEBIT_CARD	8,75
202501	ENGAGEMENT	QR			PIX	2139989149
202501	ENGAGEMENT	TAP			ACCOUNT_MONEY	29175535,33
202501	ENGAGEMENT	TAP			CREDIT_CARD	544319086,7
202501	ENGAGEMENT	TAP			DEBIT_CARD	41997500
202502	AQUISICAO	OP - CHECKOUT			ACCOUNT_MONEY	9486440,81
202502	AQUISICAO	OP - CHECKOUT			CREDIT_CARD	10819322,21
202502	AQUISICAO	OP - CHECKOUT			DEBIT_CARD	353
202502	AQUISICAO	OP - CHECKOUT			PIX	19796321
202502	AQUISICAO	OP - CHECKOUT			TICKET	977,95
202502	AQUISICAO	OP - LINK			ACCOUNT_MONEY	60773349,43
202502	AQUISICAO	OP - LINK			CREDIT_CARD	128562958,7
202502	AQUISICAO	OP - LINK			DEBIT_CARD	844,72
202502	AQUISICAO	OP - LINK			PIX	1850164,11
202502	AQUISICAO	OP - LINK			TICKET	4470025
202502	AQUISICAO	POINT	CANAIS DIGITAIS	APP	ACCOUNT_MONEY	10821028,55
202502	AQUISICAO	POINT	CANAIS DIGITAIS	APP	CREDIT_CARD	38341425,46
202502	AQUISICAO	POINT	CANAIS DIGITAIS	APP	DEBIT_CARD	24596446
202502	AQUISICAO	POINT	CANAIS DIGITAIS	DIGITAL_OUTROS	ACCOUNT_MONEY	3948219,83
202502	AQUISICAO	POINT	CANAIS DIGITAIS	DIGITAL_OUTROS	CREDIT_CARD	6086675,16
202502	AQUISICAO	POINT	CANAIS DIGITAIS	DIGITAL_OUTROS	DEBIT_CARD	8632486
202502	AQUISICAO	POINT	CANAIS DIGITAIS	LANDING	ACCOUNT_MONEY	11992684,31
202502	AQUISICAO	POINT	CANAIS DIGITAIS	LANDING	CREDIT_CARD	10963158,65
202502	AQUISICAO	POINT	CANAIS DIGITAIS	LANDING	DEBIT_CARD	13303106
202502	AQUISICAO	POINT	CANAIS DIGITAIS	TO	ACCOUNT_MONEY	12844345,8
202502	AQUISICAO	POINT	CANAIS DIGITAIS	TO	CREDIT_CARD	21571627,2
202502	AQUISICAO	POINT	CANAIS DIGITAIS	TO	DEBIT_CARD	24649034
202502	AQUISICAO	POINT	FDV PROPRIA		ACCOUNT_MONEY	6169015,81
202502	AQUISICAO	POINT	FDV PROPRIA		CREDIT_CARD	73826509,2
202502	AQUISICAO	POINT	FDV PROPRIA		DEBIT_CARD	38517007
202502	AQUISICAO	POINT	FDV TERCEIRA		ACCOUNT_MONEY	7509754,73
202502	AQUISICAO	POINT	FDV TERCEIRA		CREDIT_CARD	25875690,28
202502	AQUISICAO	POINT	FDV TERCEIRA		DEBIT_CARD	19526753
202502	AQUISICAO	POINT	MgM		ACCOUNT_MONEY	11238129,62
202502	AQUISICAO	POINT	MgM		CREDIT_CARD	16434953,36
202502	AQUISICAO	POINT	MgM		DEBIT_CARD	19317441
202502	AQUISICAO	POINT	RESELLERS		ACCOUNT_MONEY	12708644,63
202502	AQUISICAO	POINT	RESELLERS		CREDIT_CARD	15713817,37
202502	AQUISICAO	POINT	RESELLERS		DEBIT_CARD	20913672
202502	AQUISICAO	POINT	TELEVENDAS		ACCOUNT_MONEY	6683421,27
202502	AQUISICAO	POINT	TELEVENDAS		CREDIT_CARD	8729646,73
202502	AQUISICAO	POINT	TELEVENDAS		DEBIT_CARD	8496772
202502	AQUISICAO	QR			ACCOUNT_MONEY	34734182
202502	AQUISICAO	QR			CREDIT_CARD	5237,71
202502	AQUISICAO	QR			DEBIT_CARD	174,7
202502	AQUISICAO	QR			PIX	219998164
202502	AQUISICAO	TAP			ACCOUNT_MONEY	2249628,76
202502	AQUISICAO	TAP			CREDIT_CARD	113941570,9
202502	AQUISICAO	TAP			DEBIT_CARD	11286992
202502	ENGAGEMENT	OP - CHECKOUT			ACCOUNT_MONEY	13286371,57
202502	ENGAGEMENT	OP - CHECKOUT			CREDIT_CARD	162626010,4
202502	ENGAGEMENT	OP - CHECKOUT			DEBIT_CARD	8,04
202502	ENGAGEMENT	OP - CHECKOUT			PIX	186810760
202502	ENGAGEMENT	OP - CHECKOUT			TICKET	12310463
202502	ENGAGEMENT	OP - LINK			ACCOUNT_MONEY	2825884,94
202502	ENGAGEMENT	OP - LINK			CREDIT_CARD	1000541120
202502	ENGAGEMENT	OP - LINK			DEBIT_CARD	146,01
202502	ENGAGEMENT	OP - LINK			PIX	15360975
202502	ENGAGEMENT	OP - LINK			TICKET	8611077
202502	ENGAGEMENT	POINT			ACCOUNT_MONEY	14528921,77
202502	ENGAGEMENT	POINT			CREDIT_CARD	5138750987
202502	ENGAGEMENT	POINT			DEBIT_CARD	3385904263
202502	ENGAGEMENT	QR			ACCOUNT_MONEY	167817823
202502	ENGAGEMENT	QR			CREDIT_CARD	13288164,47
202502	ENGAGEMENT	QR			DEBIT_CARD	12,54
202502	ENGAGEMENT	QR			PIX	1982531860
202502	ENGAGEMENT	TAP			ACCOUNT_MONEY	42056659,7
202502	ENGAGEMENT	TAP			CREDIT_CARD	536179099,3
202502	ENGAGEMENT	TAP			DEBIT_CARD	40832953
202503	AQUISICAO	OP - CHECKOUT			ACCOUNT_MONEY	12593307,91
202503	AQUISICAO	OP - CHECKOUT			CREDIT_CARD	6346849,31
202503	AQUISICAO	OP - CHECKOUT			DEBIT_CARD	291
202503	AQUISICAO	OP - CHECKOUT			PIX	28583611
202503	AQUISICAO	OP - CHECKOUT			TICKET	1282588,8
202503	AQUISICAO	OP - LINK			ACCOUNT_MONEY	70159091,36
202503	AQUISICAO	OP - LINK			CREDIT_CARD	156423696,7
202503	AQUISICAO	OP - LINK			DEBIT_CARD	29,24
202503	AQUISICAO	OP - LINK			PIX	2413077,7
202503	AQUISICAO	OP - LINK			TICKET	3935385
202503	AQUISICAO	POINT	CANAIS DIGITAIS	APP	ACCOUNT_MONEY	6844166,92
202503	AQUISICAO	POINT	CANAIS DIGITAIS	APP	CREDIT_CARD	75450019,06
202503	AQUISICAO	POINT	CANAIS DIGITAIS	APP	DEBIT_CARD	45396518
202503	AQUISICAO	POINT	CANAIS DIGITAIS	DIGITAL_OUTROS	ACCOUNT_MONEY	5690894,41
202503	AQUISICAO	POINT	CANAIS DIGITAIS	DIGITAL_OUTROS	CREDIT_CARD	10142819,6
202503	AQUISICAO	POINT	CANAIS DIGITAIS	DIGITAL_OUTROS	DEBIT_CARD	14782424
202503	AQUISICAO	POINT	CANAIS DIGITAIS	LANDING	ACCOUNT_MONEY	14027569,38
202503	AQUISICAO	POINT	CANAIS DIGITAIS	LANDING	CREDIT_CARD	23716823,6
202503	AQUISICAO	POINT	CANAIS DIGITAIS	LANDING	DEBIT_CARD	23781911
202503	AQUISICAO	POINT	CANAIS DIGITAIS	TO	ACCOUNT_MONEY	10410413,67
202503	AQUISICAO	POINT	CANAIS DIGITAIS	TO	CREDIT_CARD	47931466,37
202503	AQUISICAO	POINT	CANAIS DIGITAIS	TO	DEBIT_CARD	45361984
202503	AQUISICAO	POINT	FDV PROPRIA		ACCOUNT_MONEY	6036706,25
202503	AQUISICAO	POINT	FDV PROPRIA		CREDIT_CARD	144932803,8
202503	AQUISICAO	POINT	FDV PROPRIA		DEBIT_CARD	76192859
202503	AQUISICAO	POINT	FDV TERCEIRA		ACCOUNT_MONEY	5301275,42
202503	AQUISICAO	POINT	FDV TERCEIRA		CREDIT_CARD	48984265,56
202503	AQUISICAO	POINT	FDV TERCEIRA		DEBIT_CARD	35390782
202503	AQUISICAO	POINT	MgM		ACCOUNT_MONEY	11063663,26
202503	AQUISICAO	POINT	MgM		CREDIT_CARD	36864673,75
202503	AQUISICAO	POINT	MgM		DEBIT_CARD	35382304
202503	AQUISICAO	POINT	RESELLERS		ACCOUNT_MONEY	13236281,47
202503	AQUISICAO	POINT	RESELLERS		CREDIT_CARD	30383795,51
202503	AQUISICAO	POINT	RESELLERS		DEBIT_CARD	39839550
202503	AQUISICAO	POINT	TELEVENDAS		ACCOUNT_MONEY	8315609,9
202503	AQUISICAO	POINT	TELEVENDAS		CREDIT_CARD	17942445,11
202503	AQUISICAO	POINT	TELEVENDAS		DEBIT_CARD	15975710
202503	AQUISICAO	QR			ACCOUNT_MONEY	50685857
202503	AQUISICAO	QR			CREDIT_CARD	1103815,49
202503	AQUISICAO	QR			DEBIT_CARD	208,99
202503	AQUISICAO	QR			PIX	329801833
202503	AQUISICAO	TAP			ACCOUNT_MONEY	1945326,31
202503	AQUISICAO	TAP			CREDIT_CARD	171852346,5
202503	AQUISICAO	TAP			DEBIT_CARD	18369124
202503	ENGAGEMENT	OP - CHECKOUT			ACCOUNT_MONEY	12947935,07
202503	ENGAGEMENT	OP - CHECKOUT			CREDIT_CARD	175346758
202503	ENGAGEMENT	OP - CHECKOUT			DEBIT_CARD	6,92
202503	ENGAGEMENT	OP - CHECKOUT			PIX	198492111
202503	ENGAGEMENT	OP - CHECKOUT			TICKET	10120438
202503	ENGAGEMENT	OP - LINK			ACCOUNT_MONEY	2788016
202503	ENGAGEMENT	OP - LINK			CREDIT_CARD	989329659,4
202503	ENGAGEMENT	OP - LINK			DEBIT_CARD	149,5
202503	ENGAGEMENT	OP - LINK			PIX	16091482
202503	ENGAGEMENT	OP - LINK			TICKET	7940999
202503	ENGAGEMENT	POINT			ACCOUNT_MONEY	15098746,72
202503	ENGAGEMENT	POINT			CREDIT_CARD	5344836814
202503	ENGAGEMENT	POINT			DEBIT_CARD	3750910265
202503	ENGAGEMENT	QR			ACCOUNT_MONEY	176476891
202503	ENGAGEMENT	QR			CREDIT_CARD	14313982,6
202503	ENGAGEMENT	QR			DEBIT_CARD	13,14
202503	ENGAGEMENT	QR			PIX	2127973463
202503	ENGAGEMENT	TAP			ACCOUNT_MONEY	57692630,51
202503	ENGAGEMENT	TAP			CREDIT_CARD	556778803,5
202503	ENGAGEMENT	TAP			DEBIT_CARD	45330527
202504	AQUISICAO	OP - CHECKOUT			ACCOUNT_MONEY	16531262,14
202504	AQUISICAO	OP - CHECKOUT			CREDIT_CARD	8442661,44
202504	AQUISICAO	OP - CHECKOUT			DEBIT_CARD	198,53
202504	AQUISICAO	OP - CHECKOUT			PIX	35992124
202504	AQUISICAO	OP - CHECKOUT			TICKET	1194252,89
202504	AQUISICAO	OP - LINK			ACCOUNT_MONEY	80288137,86
202504	AQUISICAO	OP - LINK			CREDIT_CARD	202332935,3
202504	AQUISICAO	OP - LINK			DEBIT_CARD	37,86
202504	AQUISICAO	OP - LINK			PIX	3630136
202504	AQUISICAO	OP - LINK			TICKET	5066150
202504	AQUISICAO	POINT	CANAIS DIGITAIS	APP	ACCOUNT_MONEY	7548263,02
202504	AQUISICAO	POINT	CANAIS DIGITAIS	APP	CREDIT_CARD	103344970
202504	AQUISICAO	POINT	CANAIS DIGITAIS	APP	DEBIT_CARD	58070631
202504	AQUISICAO	POINT	CANAIS DIGITAIS	DIGITAL_OUTROS	ACCOUNT_MONEY	7908049,03
202504	AQUISICAO	POINT	CANAIS DIGITAIS	DIGITAL_OUTROS	CREDIT_CARD	13127798,97
202504	AQUISICAO	POINT	CANAIS DIGITAIS	DIGITAL_OUTROS	DEBIT_CARD	18043506
202504	AQUISICAO	POINT	CANAIS DIGITAIS	LANDING	ACCOUNT_MONEY	10980323,69
202504	AQUISICAO	POINT	CANAIS DIGITAIS	LANDING	CREDIT_CARD	37447927,32
202504	AQUISICAO	POINT	CANAIS DIGITAIS	LANDING	DEBIT_CARD	28813025
202504	AQUISICAO	POINT	CANAIS DIGITAIS	TO	ACCOUNT_MONEY	7806305,88
202504	AQUISICAO	POINT	CANAIS DIGITAIS	TO	CREDIT_CARD	67512938,11
202504	AQUISICAO	POINT	CANAIS DIGITAIS	TO	DEBIT_CARD	56508230
202504	AQUISICAO	POINT	FDV PROPRIA		ACCOUNT_MONEY	8820038,13
202504	AQUISICAO	POINT	FDV PROPRIA		CREDIT_CARD	232215403,9
202504	AQUISICAO	POINT	FDV PROPRIA		DEBIT_CARD	113451724
202504	AQUISICAO	POINT	FDV TERCEIRA		ACCOUNT_MONEY	6936132,92
202504	AQUISICAO	POINT	FDV TERCEIRA		CREDIT_CARD	74276038,07
202504	AQUISICAO	POINT	FDV TERCEIRA		DEBIT_CARD	47600883
202504	AQUISICAO	POINT	MgM		ACCOUNT_MONEY	9861537,59
202504	AQUISICAO	POINT	MgM		CREDIT_CARD	54970025,4
202504	AQUISICAO	POINT	MgM		DEBIT_CARD	45783060
202504	AQUISICAO	POINT	RESELLERS		ACCOUNT_MONEY	9965563,47
202504	AQUISICAO	POINT	RESELLERS		CREDIT_CARD	45951181,52
202504	AQUISICAO	POINT	RESELLERS		DEBIT_CARD	51036187
202504	AQUISICAO	POINT	TELEVENDAS		ACCOUNT_MONEY	6739077,46
202504	AQUISICAO	POINT	TELEVENDAS		CREDIT_CARD	28303732,53
202504	AQUISICAO	POINT	TELEVENDAS		DEBIT_CARD	20530226
202504	AQUISICAO	QR			ACCOUNT_MONEY	70386466
202504	AQUISICAO	QR			CREDIT_CARD	1336827,86
202504	AQUISICAO	QR			DEBIT_CARD	606,72
202504	AQUISICAO	QR			PIX	399195159
202504	AQUISICAO	TAP			ACCOUNT_MONEY	1813233,89
202504	AQUISICAO	TAP			CREDIT_CARD	222324669,8
202504	AQUISICAO	TAP			DEBIT_CARD	22686961
202504	ENGAGEMENT	OP - CHECKOUT			ACCOUNT_MONEY	10832999,04
202504	ENGAGEMENT	OP - CHECKOUT			CREDIT_CARD	165880809,7
202504	ENGAGEMENT	OP - CHECKOUT			DEBIT_CARD	7,33
202504	ENGAGEMENT	OP - CHECKOUT			PIX	188333088
202504	ENGAGEMENT	OP - CHECKOUT			TICKET	10084688
202504	ENGAGEMENT	OP - LINK			ACCOUNT_MONEY	3119045
202504	ENGAGEMENT	OP - LINK			CREDIT_CARD	1003069906
202504	ENGAGEMENT	OP - LINK			DEBIT_CARD	133,62
202504	ENGAGEMENT	OP - LINK			PIX	14236450
202504	ENGAGEMENT	OP - LINK			TICKET	8828482
202504	ENGAGEMENT	POINT			ACCOUNT_MONEY	5848152,75
202504	ENGAGEMENT	POINT			CREDIT_CARD	5028456656
202504	ENGAGEMENT	POINT			DEBIT_CARD	3409052253
202504	ENGAGEMENT	QR			ACCOUNT_MONEY	156918753
202504	ENGAGEMENT	QR			CREDIT_CARD	13532152,76
202504	ENGAGEMENT	QR			DEBIT_CARD	12,02
202504	ENGAGEMENT	QR			PIX	1966462155
202504	ENGAGEMENT	TAP			ACCOUNT_MONEY	72903813,76
202504	ENGAGEMENT	TAP			CREDIT_CARD	538037911,2
202504	ENGAGEMENT	TAP			DEBIT_CARD	44475643
202505	AQUISICAO	OP - CHECKOUT			ACCOUNT_MONEY	20405221,53
202505	AQUISICAO	OP - CHECKOUT			CREDIT_CARD	15941343,27
202505	AQUISICAO	OP - CHECKOUT			DEBIT_CARD	2,48
202505	AQUISICAO	OP - CHECKOUT			PIX	46971527
202505	AQUISICAO	OP - CHECKOUT			TICKET	1350,76
202505	AQUISICAO	OP - LINK			ACCOUNT_MONEY	90510332,17
202505	AQUISICAO	OP - LINK			CREDIT_CARD	249602777,6
202505	AQUISICAO	OP - LINK			DEBIT_CARD	46,19
202505	AQUISICAO	OP - LINK			PIX	4475468
202505	AQUISICAO	OP - LINK			TICKET	5842262
202505	AQUISICAO	POINT	CANAIS DIGITAIS	APP	ACCOUNT_MONEY	7831645,22
202505	AQUISICAO	POINT	CANAIS DIGITAIS	APP	CREDIT_CARD	136767193,8
202505	AQUISICAO	POINT	CANAIS DIGITAIS	APP	DEBIT_CARD	78712280
202505	AQUISICAO	POINT	CANAIS DIGITAIS	DIGITAL_OUTROS	ACCOUNT_MONEY	6763734,53
202505	AQUISICAO	POINT	CANAIS DIGITAIS	DIGITAL_OUTROS	CREDIT_CARD	19527114,48
202505	AQUISICAO	POINT	CANAIS DIGITAIS	DIGITAL_OUTROS	DEBIT_CARD	22776426
202505	AQUISICAO	POINT	CANAIS DIGITAIS	LANDING	ACCOUNT_MONEY	9487404,97
202505	AQUISICAO	POINT	CANAIS DIGITAIS	LANDING	CREDIT_CARD	51151376,03
202505	AQUISICAO	POINT	CANAIS DIGITAIS	LANDING	DEBIT_CARD	38687972
202505	AQUISICAO	POINT	CANAIS DIGITAIS	TO	ACCOUNT_MONEY	7612506,62
202505	AQUISICAO	POINT	CANAIS DIGITAIS	TO	CREDIT_CARD	87805055,38
202505	AQUISICAO	POINT	CANAIS DIGITAIS	TO	DEBIT_CARD	74591335
202505	AQUISICAO	POINT	FDV PROPRIA		ACCOUNT_MONEY	11958544,76
202505	AQUISICAO	POINT	FDV PROPRIA		CREDIT_CARD	353211984,2
202505	AQUISICAO	POINT	FDV PROPRIA		DEBIT_CARD	171463033
202505	AQUISICAO	POINT	FDV TERCEIRA		ACCOUNT_MONEY	6987915,83
202505	AQUISICAO	POINT	FDV TERCEIRA		CREDIT_CARD	107383572,2
202505	AQUISICAO	POINT	FDV TERCEIRA		DEBIT_CARD	65886300
202505	AQUISICAO	POINT	MgM		ACCOUNT_MONEY	8064908,61
202505	AQUISICAO	POINT	MgM		CREDIT_CARD	76967972,4
202505	AQUISICAO	POINT	MgM		DEBIT_CARD	61971951
202505	AQUISICAO	POINT	RESELLERS		ACCOUNT_MONEY	7819815,81
202505	AQUISICAO	POINT	RESELLERS		CREDIT_CARD	70129166,18
202505	AQUISICAO	POINT	RESELLERS		DEBIT_CARD	70485312
202505	AQUISICAO	POINT	TELEVENDAS		ACCOUNT_MONEY	4225751,42
202505	AQUISICAO	POINT	TELEVENDAS		CREDIT_CARD	41084232,59
202505	AQUISICAO	POINT	TELEVENDAS		DEBIT_CARD	28129242
202505	AQUISICAO	QR			ACCOUNT_MONEY	88181918
202505	AQUISICAO	QR			CREDIT_CARD	1614001,63
202505	AQUISICAO	QR			DEBIT_CARD	8,01
202505	AQUISICAO	QR			PIX	527798879
202505	AQUISICAO	TAP			CREDIT_CARD	369860362,9
202505	AQUISICAO	TAP			DEBIT_CARD	35650323
202505	ENGAGEMENT	OP - CHECKOUT			ACCOUNT_MONEY	8487023,23
202505	ENGAGEMENT	OP - CHECKOUT			CREDIT_CARD	176528243,3
202505	ENGAGEMENT	OP - CHECKOUT			DEBIT_CARD	9,48
202505	ENGAGEMENT	OP - CHECKOUT			PIX	195006718
202505	ENGAGEMENT	OP - CHECKOUT			TICKET	10432679
202505	ENGAGEMENT	OP - LINK			ACCOUNT_MONEY	3620734
202505	ENGAGEMENT	OP - LINK			CREDIT_CARD	1028486456
202505	ENGAGEMENT	OP - LINK			DEBIT_CARD	169,92
202505	ENGAGEMENT	OP - LINK			PIX	16757198
202505	ENGAGEMENT	OP - LINK			TICKET	7104870
202505	ENGAGEMENT	POINT			ACCOUNT_MONEY	16528174,35
202505	ENGAGEMENT	POINT			CREDIT_CARD	5110456531
202505	ENGAGEMENT	POINT			DEBIT_CARD	3592883965
202505	ENGAGEMENT	QR			ACCOUNT_MONEY	166999688
202505	ENGAGEMENT	QR			CREDIT_CARD	13060804,92
202505	ENGAGEMENT	QR			DEBIT_CARD	11,91
202505	ENGAGEMENT	QR			PIX	2033005809
202505	ENGAGEMENT	TAP			ACCOUNT_MONEY	114420620,4
202505	ENGAGEMENT	TAP			CREDIT_CARD	571485510,6
202505	ENGAGEMENT	TAP			DEBIT_CARD	49495474
202506	AQUISICAO	OP - CHECKOUT			ACCOUNT_MONEY	21152301,9
202506	AQUISICAO	OP - CHECKOUT			CREDIT_CARD	21969067,85
202506	AQUISICAO	OP - CHECKOUT			DEBIT_CARD	1034
202506	AQUISICAO	OP - CHECKOUT			PIX	54634568
202506	AQUISICAO	OP - CHECKOUT			TICKET	1415,26
202506	AQUISICAO	OP - LINK			ACCOUNT_MONEY	94795756,93
202506	AQUISICAO	OP - LINK			CREDIT_CARD	283687493,9
202506	AQUISICAO	OP - LINK			DEBIT_CARD	72,23
202506	AQUISICAO	OP - LINK			PIX	4962248
202506	AQUISICAO	OP - LINK			TICKET	4893764
202506	AQUISICAO	POINT	CANAIS DIGITAIS	APP	ACCOUNT_MONEY	6945132,26
202506	AQUISICAO	POINT	CANAIS DIGITAIS	APP	CREDIT_CARD	154520845,7
202506	AQUISICAO	POINT	CANAIS DIGITAIS	APP	DEBIT_CARD	91207694
202506	AQUISICAO	POINT	CANAIS DIGITAIS	DIGITAL_OUTROS	ACCOUNT_MONEY	7613174,55
202506	AQUISICAO	POINT	CANAIS DIGITAIS	DIGITAL_OUTROS	CREDIT_CARD	22756280,45
202506	AQUISICAO	POINT	CANAIS DIGITAIS	DIGITAL_OUTROS	DEBIT_CARD	26219254
202506	AQUISICAO	POINT	CANAIS DIGITAIS	LANDING	ACCOUNT_MONEY	8171358,42
202506	AQUISICAO	POINT	CANAIS DIGITAIS	LANDING	CREDIT_CARD	59821286,59
202506	AQUISICAO	POINT	CANAIS DIGITAIS	LANDING	DEBIT_CARD	43160416
202506	AQUISICAO	POINT	CANAIS DIGITAIS	TO	ACCOUNT_MONEY	6380539,05
202506	AQUISICAO	POINT	CANAIS DIGITAIS	TO	CREDIT_CARD	103855362
202506	AQUISICAO	POINT	CANAIS DIGITAIS	TO	DEBIT_CARD	87492299
202506	AQUISICAO	POINT	FDV PROPRIA		ACCOUNT_MONEY	10920058,5
202506	AQUISICAO	POINT	FDV PROPRIA		CREDIT_CARD	442418025,5
202506	AQUISICAO	POINT	FDV PROPRIA		DEBIT_CARD	217256134
202506	AQUISICAO	POINT	FDV TERCEIRA		ACCOUNT_MONEY	7587249,24
202506	AQUISICAO	POINT	FDV TERCEIRA		CREDIT_CARD	130536222,8
202506	AQUISICAO	POINT	FDV TERCEIRA		DEBIT_CARD	79255204
202506	AQUISICAO	POINT	MgM		ACCOUNT_MONEY	6576878,91
202506	AQUISICAO	POINT	MgM		CREDIT_CARD	90427310,08
202506	AQUISICAO	POINT	MgM		DEBIT_CARD	72899583
202506	AQUISICAO	POINT	RESELLERS		ACCOUNT_MONEY	6161303,46
202506	AQUISICAO	POINT	RESELLERS		CREDIT_CARD	83578659,54
202506	AQUISICAO	POINT	RESELLERS		DEBIT_CARD	87315040
202506	AQUISICAO	POINT	TELEVENDAS		ACCOUNT_MONEY	78642,31
202506	AQUISICAO	POINT	TELEVENDAS		CREDIT_CARD	46916394,67
202506	AQUISICAO	POINT	TELEVENDAS		DEBIT_CARD	32993762
202506	AQUISICAO	QR			ACCOUNT_MONEY	91468690
202506	AQUISICAO	QR			CREDIT_CARD	1957242,12
202506	AQUISICAO	QR			DEBIT_CARD	4,71
202506	AQUISICAO	QR			PIX	600853996
202506	AQUISICAO	TAP			CREDIT_CARD	493720862,3
202506	AQUISICAO	TAP			DEBIT_CARD	45355329
202506	ENGAGEMENT	OP - CHECKOUT			ACCOUNT_MONEY	4296441,43
202506	ENGAGEMENT	OP - CHECKOUT			CREDIT_CARD	171786383,1
202506	ENGAGEMENT	OP - CHECKOUT			DEBIT_CARD	11,5
202506	ENGAGEMENT	OP - CHECKOUT			PIX	191678929
202506	ENGAGEMENT	OP - CHECKOUT			TICKET	9770017
202506	ENGAGEMENT	OP - LINK			ACCOUNT_MONEY	3106721
202506	ENGAGEMENT	OP - LINK			CREDIT_CARD	967496957,6
202506	ENGAGEMENT	OP - LINK			DEBIT_CARD	226,71
202506	ENGAGEMENT	OP - LINK			PIX	15755932
202506	ENGAGEMENT	OP - LINK			TICKET	5696484
202506	ENGAGEMENT	POINT			ACCOUNT_MONEY	23340764,61
202506	ENGAGEMENT	POINT			CREDIT_CARD	4710155886
202506	ENGAGEMENT	POINT			DEBIT_CARD	3397781159
202506	ENGAGEMENT	QR			ACCOUNT_MONEY	154242202
202506	ENGAGEMENT	QR			CREDIT_CARD	11692481,23
202506	ENGAGEMENT	QR			DEBIT_CARD	13,55
202506	ENGAGEMENT	QR			PIX	1957712654
202506	ENGAGEMENT	TAP			ACCOUNT_MONEY	147003236,1
202506	ENGAGEMENT	TAP			CREDIT_CARD	568222032,9
202506	ENGAGEMENT	TAP			DEBIT_CARD	48837567
202507	AQUISICAO	OP - CHECKOUT			ACCOUNT_MONEY	22477223,15
202507	AQUISICAO	OP - CHECKOUT			CREDIT_CARD	26651438,51
202507	AQUISICAO	OP - CHECKOUT			DEBIT_CARD	714,32
202507	AQUISICAO	OP - CHECKOUT			PIX	65172183
202507	AQUISICAO	OP - CHECKOUT			TICKET	2020783
202507	AQUISICAO	OP - LINK			ACCOUNT_MONEY	107853549
202507	AQUISICAO	OP - LINK			CREDIT_CARD	351745129
202507	AQUISICAO	OP - LINK			DEBIT_CARD	68,99
202507	AQUISICAO	OP - LINK			PIX	5834406
202507	AQUISICAO	OP - LINK			TICKET	5734621
202507	AQUISICAO	POINT	CANAIS DIGITAIS	APP	ACCOUNT_MONEY	8957382,65
202507	AQUISICAO	POINT	CANAIS DIGITAIS	APP	CREDIT_CARD	182141561,4
202507	AQUISICAO	POINT	CANAIS DIGITAIS	APP	DEBIT_CARD	105891411
202507	AQUISICAO	POINT	CANAIS DIGITAIS	DIGITAL_OUTROS	ACCOUNT_MONEY	9519853,62
202507	AQUISICAO	POINT	CANAIS DIGITAIS	DIGITAL_OUTROS	CREDIT_CARD	28089946,38
202507	AQUISICAO	POINT	CANAIS DIGITAIS	DIGITAL_OUTROS	DEBIT_CARD	32322654
202507	AQUISICAO	POINT	CANAIS DIGITAIS	LANDING	ACCOUNT_MONEY	6019063,91
202507	AQUISICAO	POINT	CANAIS DIGITAIS	LANDING	CREDIT_CARD	76496738,09
202507	AQUISICAO	POINT	CANAIS DIGITAIS	LANDING	DEBIT_CARD	52670230
202507	AQUISICAO	POINT	CANAIS DIGITAIS	TO	ACCOUNT_MONEY	6751981,26
202507	AQUISICAO	POINT	CANAIS DIGITAIS	TO	CREDIT_CARD	122813802,8
202507	AQUISICAO	POINT	CANAIS DIGITAIS	TO	DEBIT_CARD	102829653
202507	AQUISICAO	POINT	FDV PROPRIA		ACCOUNT_MONEY	11018257,71
202507	AQUISICAO	POINT	FDV PROPRIA		CREDIT_CARD	579886250,3
202507	AQUISICAO	POINT	FDV PROPRIA		DEBIT_CARD	280595532
202507	AQUISICAO	POINT	FDV TERCEIRA		ACCOUNT_MONEY	7636367,99
202507	AQUISICAO	POINT	FDV TERCEIRA		CREDIT_CARD	162142115
202507	AQUISICAO	POINT	FDV TERCEIRA		DEBIT_CARD	98846902
202507	AQUISICAO	POINT	MgM		ACCOUNT_MONEY	7541803,65
202507	AQUISICAO	POINT	MgM		CREDIT_CARD	111104803,4
202507	AQUISICAO	POINT	MgM		DEBIT_CARD	87595038
202507	AQUISICAO	POINT	RESELLERS		ACCOUNT_MONEY	7306114,58
202507	AQUISICAO	POINT	RESELLERS		CREDIT_CARD	104374550,5
202507	AQUISICAO	POINT	RESELLERS		DEBIT_CARD	106910173
202507	AQUISICAO	POINT	TELEVENDAS		ACCOUNT_MONEY	7388802,8
202507	AQUISICAO	POINT	TELEVENDAS		CREDIT_CARD	51032568,2
202507	AQUISICAO	POINT	TELEVENDAS		DEBIT_CARD	33874331
202507	AQUISICAO	QR			ACCOUNT_MONEY	209920711,7
202507	AQUISICAO	QR			CREDIT_CARD	2225126,91
202507	AQUISICAO	QR			DEBIT_CARD	5,38
202507	AQUISICAO	QR			PIX	718486100
202507	AQUISICAO	TAP			ACCOUNT_MONEY	3900601,5
202507	AQUISICAO	TAP			CREDIT_CARD	460740945,5
202507	AQUISICAO	TAP			DEBIT_CARD	43150660
202507	ENGAGEMENT	OP - CHECKOUT			ACCOUNT_MONEY	5433244,46
202507	ENGAGEMENT	OP - CHECKOUT			CREDIT_CARD	176242942,9
202507	ENGAGEMENT	OP - CHECKOUT			DEBIT_CARD	6,49
202507	ENGAGEMENT	OP - CHECKOUT			PIX	203099171
202507	ENGAGEMENT	OP - CHECKOUT			TICKET	11260963
202507	ENGAGEMENT	OP - LINK			ACCOUNT_MONEY	3545639
202507	ENGAGEMENT	OP - LINK			CREDIT_CARD	1014342950
202507	ENGAGEMENT	OP - LINK			DEBIT_CARD	201,16
202507	ENGAGEMENT	OP - LINK			PIX	16097266
202507	ENGAGEMENT	OP - LINK			TICKET	5932997
202507	ENGAGEMENT	POINT			ACCOUNT_MONEY	13737741,2
202507	ENGAGEMENT	POINT			CREDIT_CARD	4820906519
202507	ENGAGEMENT	POINT			DEBIT_CARD	3400912753
202507	ENGAGEMENT	QR			ACCOUNT_MONEY	159261702
202507	ENGAGEMENT	QR			CREDIT_CARD	12059080,4
202507	ENGAGEMENT	QR			DEBIT_CARD	14,59
202507	ENGAGEMENT	QR			PIX	1982978474
202507	ENGAGEMENT	TAP			ACCOUNT_MONEY	5023355,78
202507	ENGAGEMENT	TAP			CREDIT_CARD	763106522,2
202507	ENGAGEMENT	TAP			DEBIT_CARD	64093497
202508	AQUISICAO	OP - CHECKOUT			ACCOUNT_MONEY	13796432,55
202508	AQUISICAO	OP - CHECKOUT			CREDIT_CARD	38049410,11
202508	AQUISICAO	OP - CHECKOUT			DEBIT_CARD	2,73
202508	AQUISICAO	OP - CHECKOUT			PIX	77075932
202508	AQUISICAO	OP - CHECKOUT			TICKET	1129161,64
202508	AQUISICAO	OP - LINK			ACCOUNT_MONEY	17734594,03
202508	AQUISICAO	OP - LINK			CREDIT_CARD	501440780,8
202508	AQUISICAO	OP - LINK			DEBIT_CARD	104,15
202508	AQUISICAO	OP - LINK			PIX	6782414
202508	AQUISICAO	OP - LINK			TICKET	6526354
202508	AQUISICAO	POINT	CANAIS DIGITAIS	APP	ACCOUNT_MONEY	8931285,77
202508	AQUISICAO	POINT	CANAIS DIGITAIS	APP	CREDIT_CARD	207671883,2
202508	AQUISICAO	POINT	CANAIS DIGITAIS	APP	DEBIT_CARD	122092356
202508	AQUISICAO	POINT	CANAIS DIGITAIS	DIGITAL_OUTROS	ACCOUNT_MONEY	9405139,44
202508	AQUISICAO	POINT	CANAIS DIGITAIS	DIGITAL_OUTROS	CREDIT_CARD	31350378,54
202508	AQUISICAO	POINT	CANAIS DIGITAIS	DIGITAL_OUTROS	DEBIT_CARD	35028337
202508	AQUISICAO	POINT	CANAIS DIGITAIS	LANDING	ACCOUNT_MONEY	6769390,83
202508	AQUISICAO	POINT	CANAIS DIGITAIS	LANDING	CREDIT_CARD	88035331,18
202508	AQUISICAO	POINT	CANAIS DIGITAIS	LANDING	DEBIT_CARD	61553970
202508	AQUISICAO	POINT	CANAIS DIGITAIS	TO	ACCOUNT_MONEY	7591097,3
202508	AQUISICAO	POINT	CANAIS DIGITAIS	TO	CREDIT_CARD	139509691,7
202508	AQUISICAO	POINT	CANAIS DIGITAIS	TO	DEBIT_CARD	117966401
202508	AQUISICAO	POINT	FDV PROPRIA		ACCOUNT_MONEY	8254336,4
202508	AQUISICAO	POINT	FDV PROPRIA		CREDIT_CARD	690815581,6
202508	AQUISICAO	POINT	FDV PROPRIA		DEBIT_CARD	332589855
202508	AQUISICAO	POINT	FDV TERCEIRA		ACCOUNT_MONEY	7565434,99
202508	AQUISICAO	POINT	FDV TERCEIRA		CREDIT_CARD	189249364
202508	AQUISICAO	POINT	FDV TERCEIRA		DEBIT_CARD	114158911
202508	AQUISICAO	POINT	MgM		ACCOUNT_MONEY	8740858,4
202508	AQUISICAO	POINT	MgM		CREDIT_CARD	128697334,6
202508	AQUISICAO	POINT	MgM		DEBIT_CARD	102769328
202508	AQUISICAO	POINT	RESELLERS		ACCOUNT_MONEY	8067413,52
202508	AQUISICAO	POINT	RESELLERS		CREDIT_CARD	119717377,5
202508	AQUISICAO	POINT	RESELLERS		DEBIT_CARD	122478130
202508	AQUISICAO	POINT	TELEVENDAS		ACCOUNT_MONEY	7141643,2
202508	AQUISICAO	POINT	TELEVENDAS		CREDIT_CARD	59061952,82
202508	AQUISICAO	POINT	TELEVENDAS		DEBIT_CARD	39258342
202508	AQUISICAO	QR			ACCOUNT_MONEY	141461593,8
202508	AQUISICAO	QR			CREDIT_CARD	3507338,77
202508	AQUISICAO	QR			DEBIT_CARD	8,48
202508	AQUISICAO	QR			PIX	891959012
202508	AQUISICAO	TAP			ACCOUNT_MONEY	4386072,54
202508	AQUISICAO	TAP			CREDIT_CARD	524823178,5
202508	AQUISICAO	TAP			DEBIT_CARD	48623844
202508	ENGAGEMENT	OP - CHECKOUT			ACCOUNT_MONEY	14253816,73
202508	ENGAGEMENT	OP - CHECKOUT			CREDIT_CARD	167266193,5
202508	ENGAGEMENT	OP - CHECKOUT			DEBIT_CARD	8,75
202508	ENGAGEMENT	OP - CHECKOUT			PIX	187740491
202508	ENGAGEMENT	OP - CHECKOUT			TICKET	9003527
202508	ENGAGEMENT	OP - LINK			ACCOUNT_MONEY	24124496,86
202508	ENGAGEMENT	OP - LINK			CREDIT_CARD	885946903,6
202508	ENGAGEMENT	OP - LINK			DEBIT_CARD	169,54
202508	ENGAGEMENT	OP - LINK			PIX	14050542
202508	ENGAGEMENT	OP - LINK			TICKET	5110708
202508	ENGAGEMENT	POINT			ACCOUNT_MONEY	16069036,25
202508	ENGAGEMENT	POINT			CREDIT_CARD	4703766120
202508	ENGAGEMENT	POINT			DEBIT_CARD	3367540010
202508	ENGAGEMENT	QR			ACCOUNT_MONEY	191759918,9
202508	ENGAGEMENT	QR			CREDIT_CARD	9643690,35
202508	ENGAGEMENT	QR			DEBIT_CARD	12,72
202508	ENGAGEMENT	QR			PIX	1906031560
202508	ENGAGEMENT	TAP			ACCOUNT_MONEY	3988511,72
202508	ENGAGEMENT	TAP			CREDIT_CARD	769401889,3
202508	ENGAGEMENT	TAP			DEBIT_CARD	64965199
202509	AQUISICAO	OP - CHECKOUT			ACCOUNT_MONEY	13355090,37
202509	AQUISICAO	OP - CHECKOUT			CREDIT_CARD	44392927,11
202509	AQUISICAO	OP - CHECKOUT			DEBIT_CARD	935,54
202509	AQUISICAO	OP - CHECKOUT			PIX	85087280
202509	AQUISICAO	OP - CHECKOUT			TICKET	2188164
202509	AQUISICAO	OP - LINK			ACCOUNT_MONEY	17636814,8
202509	AQUISICAO	OP - LINK			CREDIT_CARD	570404237,1
202509	AQUISICAO	OP - LINK			DEBIT_CARD	121,11
202509	AQUISICAO	OP - LINK			PIX	7105009
202509	AQUISICAO	OP - LINK			TICKET	6134980
202509	AQUISICAO	POINT	CANAIS DIGITAIS	APP	ACCOUNT_MONEY	8655681,65
202509	AQUISICAO	POINT	CANAIS DIGITAIS	APP	CREDIT_CARD	227956301,4
202509	AQUISICAO	POINT	CANAIS DIGITAIS	APP	DEBIT_CARD	134846899
202509	AQUISICAO	POINT	CANAIS DIGITAIS	DIGITAL_OUTROS	ACCOUNT_MONEY	10214560,22
202509	AQUISICAO	POINT	CANAIS DIGITAIS	DIGITAL_OUTROS	CREDIT_CARD	34072570,77
202509	AQUISICAO	POINT	CANAIS DIGITAIS	DIGITAL_OUTROS	DEBIT_CARD	37955561
202509	AQUISICAO	POINT	CANAIS DIGITAIS	LANDING	ACCOUNT_MONEY	7058421,51
202509	AQUISICAO	POINT	CANAIS DIGITAIS	LANDING	CREDIT_CARD	93220632,51
202509	AQUISICAO	POINT	CANAIS DIGITAIS	LANDING	DEBIT_CARD	65391614
202509	AQUISICAO	POINT	CANAIS DIGITAIS	TO	ACCOUNT_MONEY	8204532,26
202509	AQUISICAO	POINT	CANAIS DIGITAIS	TO	CREDIT_CARD	151432821,7
202509	AQUISICAO	POINT	CANAIS DIGITAIS	TO	DEBIT_CARD	128992920
202509	AQUISICAO	POINT	FDV PROPRIA		ACCOUNT_MONEY	8978931,08
202509	AQUISICAO	POINT	FDV PROPRIA		CREDIT_CARD	757778058,9
202509	AQUISICAO	POINT	FDV PROPRIA		DEBIT_CARD	366402195
202509	AQUISICAO	POINT	FDV TERCEIRA		ACCOUNT_MONEY	7967679,35
202509	AQUISICAO	POINT	FDV TERCEIRA		CREDIT_CARD	203296851,6
202509	AQUISICAO	POINT	FDV TERCEIRA		DEBIT_CARD	122768733
202509	AQUISICAO	POINT	MgM		ACCOUNT_MONEY	8400749,84
202509	AQUISICAO	POINT	MgM		CREDIT_CARD	141491837,2
202509	AQUISICAO	POINT	MgM		DEBIT_CARD	113028332
202509	AQUISICAO	POINT	RESELLERS		ACCOUNT_MONEY	8380108,5
202509	AQUISICAO	POINT	RESELLERS		CREDIT_CARD	125300859,5
202509	AQUISICAO	POINT	RESELLERS		DEBIT_CARD	129933440
202509	AQUISICAO	POINT	TELEVENDAS		ACCOUNT_MONEY	7532792,66
202509	AQUISICAO	POINT	TELEVENDAS		CREDIT_CARD	63509969,33
202509	AQUISICAO	POINT	TELEVENDAS		DEBIT_CARD	42632708
202509	AQUISICAO	QR			ACCOUNT_MONEY	137824059,9
202509	AQUISICAO	QR			CREDIT_CARD	3410536,63
202509	AQUISICAO	QR			DEBIT_CARD	7,49
202509	AQUISICAO	QR			PIX	935672291
202509	AQUISICAO	TAP			ACCOUNT_MONEY	5095379,52
202509	AQUISICAO	TAP			CREDIT_CARD	595082472,5
202509	AQUISICAO	TAP			DEBIT_CARD	54614248
202509	ENGAGEMENT	OP - CHECKOUT			ACCOUNT_MONEY	12922967,8
202509	ENGAGEMENT	OP - CHECKOUT			CREDIT_CARD	170572734,8
202509	ENGAGEMENT	OP - CHECKOUT			DEBIT_CARD	8,45
202509	ENGAGEMENT	OP - CHECKOUT			PIX	175918375
202509	ENGAGEMENT	OP - CHECKOUT			TICKET	8485818
202509	ENGAGEMENT	OP - LINK			ACCOUNT_MONEY	23263794,88
202509	ENGAGEMENT	OP - LINK			CREDIT_CARD	893591478,4
202509	ENGAGEMENT	OP - LINK			DEBIT_CARD	178,72
202509	ENGAGEMENT	OP - LINK			PIX	14044017
202509	ENGAGEMENT	OP - LINK			TICKET	4813033
202509	ENGAGEMENT	POINT			ACCOUNT_MONEY	15631618,99
202509	ENGAGEMENT	POINT			CREDIT_CARD	4382402263
202509	ENGAGEMENT	POINT			DEBIT_CARD	3142974577
202509	ENGAGEMENT	QR			ACCOUNT_MONEY	182074375,1
202509	ENGAGEMENT	QR			CREDIT_CARD	8452014,81
202509	ENGAGEMENT	QR			DEBIT_CARD	12,05
202509	ENGAGEMENT	QR			PIX	1723936828
202509	ENGAGEMENT	TAP			ACCOUNT_MONEY	3864997,33
202509	ENGAGEMENT	TAP			CREDIT_CARD	770535154,7
202509	ENGAGEMENT	TAP			DEBIT_CARD	65474523
202510	AQUISICAO	OP - CHECKOUT			ACCOUNT_MONEY	14026394,88
202510	AQUISICAO	OP - CHECKOUT			CREDIT_CARD	52223239,03
202510	AQUISICAO	OP - CHECKOUT			DEBIT_CARD	3,11
202510	AQUISICAO	OP - CHECKOUT			PIX	94894340
202510	AQUISICAO	OP - CHECKOUT			TICKET	2660121
202510	AQUISICAO	OP - LINK			ACCOUNT_MONEY	19389955,28
202510	AQUISICAO	OP - LINK			CREDIT_CARD	632320066,6
202510	AQUISICAO	OP - LINK			DEBIT_CARD	126,08
202510	AQUISICAO	OP - LINK			PIX	8913665
202510	AQUISICAO	OP - LINK			TICKET	8558210
202510	AQUISICAO	POINT	CANAIS DIGITAIS	APP	ACCOUNT_MONEY	6789697,51
202510	AQUISICAO	POINT	CANAIS DIGITAIS	APP	CREDIT_CARD	262660572,5
202510	AQUISICAO	POINT	CANAIS DIGITAIS	APP	DEBIT_CARD	152758855
202510	AQUISICAO	POINT	CANAIS DIGITAIS	DIGITAL_OUTROS	ACCOUNT_MONEY	8240156,59
202510	AQUISICAO	POINT	CANAIS DIGITAIS	DIGITAL_OUTROS	CREDIT_CARD	42321971,39
202510	AQUISICAO	POINT	CANAIS DIGITAIS	DIGITAL_OUTROS	DEBIT_CARD	43441194
202510	AQUISICAO	POINT	CANAIS DIGITAIS	LANDING	ACCOUNT_MONEY	7940280,78
202510	AQUISICAO	POINT	CANAIS DIGITAIS	LANDING	CREDIT_CARD	104138803,2
202510	AQUISICAO	POINT	CANAIS DIGITAIS	LANDING	DEBIT_CARD	73050857
202510	AQUISICAO	POINT	CANAIS DIGITAIS	TO	ACCOUNT_MONEY	8076138,77
202510	AQUISICAO	POINT	CANAIS DIGITAIS	TO	CREDIT_CARD	169975429,2
202510	AQUISICAO	POINT	CANAIS DIGITAIS	TO	DEBIT_CARD	143708448
202510	AQUISICAO	POINT	FDV PROPRIA		ACCOUNT_MONEY	7493103,4
202510	AQUISICAO	POINT	FDV PROPRIA		CREDIT_CARD	900355646,6
202510	AQUISICAO	POINT	FDV PROPRIA		DEBIT_CARD	432838915
202510	AQUISICAO	POINT	FDV TERCEIRA		ACCOUNT_MONEY	8306197,49
202510	AQUISICAO	POINT	FDV TERCEIRA		CREDIT_CARD	236436608,5
202510	AQUISICAO	POINT	FDV TERCEIRA		DEBIT_CARD	142494985
202510	AQUISICAO	POINT	MgM		ACCOUNT_MONEY	7465693,83
202510	AQUISICAO	POINT	MgM		CREDIT_CARD	163300806,2
202510	AQUISICAO	POINT	MgM		DEBIT_CARD	128276465
202510	AQUISICAO	POINT	RESELLERS		ACCOUNT_MONEY	8271360,36
202510	AQUISICAO	POINT	RESELLERS		CREDIT_CARD	139848892,6
202510	AQUISICAO	POINT	RESELLERS		DEBIT_CARD	143412083
202510	AQUISICAO	POINT	TELEVENDAS		ACCOUNT_MONEY	8340984,67
202510	AQUISICAO	POINT	TELEVENDAS		CREDIT_CARD	81693719,34
202510	AQUISICAO	POINT	TELEVENDAS		DEBIT_CARD	53411710
202510	AQUISICAO	QR			ACCOUNT_MONEY	151458191
202510	AQUISICAO	QR			CREDIT_CARD	3647774,97
202510	AQUISICAO	QR			DEBIT_CARD	8,04
202510	AQUISICAO	QR			PIX	986621779
202510	AQUISICAO	TAP			ACCOUNT_MONEY	3575394,03
202510	AQUISICAO	TAP			CREDIT_CARD	673349221
202510	AQUISICAO	TAP			DEBIT_CARD	61784731
202510	ENGAGEMENT	OP - CHECKOUT			ACCOUNT_MONEY	14113755,67
202510	ENGAGEMENT	OP - CHECKOUT			CREDIT_CARD	154801637,1
202510	ENGAGEMENT	OP - CHECKOUT			DEBIT_CARD	7,23
202510	ENGAGEMENT	OP - CHECKOUT			PIX	171742707
202510	ENGAGEMENT	OP - CHECKOUT			TICKET	8519201
202510	ENGAGEMENT	OP - LINK			ACCOUNT_MONEY	24080561,81
202510	ENGAGEMENT	OP - LINK			CREDIT_CARD	934009271,6
202510	ENGAGEMENT	OP - LINK			DEBIT_CARD	178,56
202510	ENGAGEMENT	OP - LINK			PIX	14426440
202510	ENGAGEMENT	OP - LINK			TICKET	5303113
202510	ENGAGEMENT	POINT			ACCOUNT_MONEY	15366639,58
202510	ENGAGEMENT	POINT			CREDIT_CARD	4558521388
202510	ENGAGEMENT	POINT			DEBIT_CARD	3201582725
202510	ENGAGEMENT	QR			ACCOUNT_MONEY	159576998,1
202510	ENGAGEMENT	QR			CREDIT_CARD	9164508,56
202510	ENGAGEMENT	QR			DEBIT_CARD	13,3
202510	ENGAGEMENT	QR			PIX	1945922570
202510	ENGAGEMENT	TAP			ACCOUNT_MONEY	4168709,32
202510	ENGAGEMENT	TAP			CREDIT_CARD	813483622,7
202510	ENGAGEMENT	TAP			DEBIT_CARD	68903895
202511	AQUISICAO	OP - CHECKOUT			ACCOUNT_MONEY	13294902,84
202511	AQUISICAO	OP - CHECKOUT			CREDIT_CARD	60091106,84
202511	AQUISICAO	OP - CHECKOUT			DEBIT_CARD	3,32
202511	AQUISICAO	OP - CHECKOUT			PIX	100365648
202511	AQUISICAO	OP - CHECKOUT			TICKET	2704197
202511	AQUISICAO	OP - LINK			ACCOUNT_MONEY	20249216,97
202511	AQUISICAO	OP - LINK			CREDIT_CARD	681306589,4
202511	AQUISICAO	OP - LINK			DEBIT_CARD	133,59
202511	AQUISICAO	OP - LINK			PIX	8683305
202511	AQUISICAO	OP - LINK			TICKET	8571773
202511	AQUISICAO	POINT	CANAIS DIGITAIS	APP	ACCOUNT_MONEY	7419482,1
202511	AQUISICAO	POINT	CANAIS DIGITAIS	APP	CREDIT_CARD	288897493,9
202511	AQUISICAO	POINT	CANAIS DIGITAIS	APP	DEBIT_CARD	172936224
202511	AQUISICAO	POINT	CANAIS DIGITAIS	DIGITAL_OUTROS	ACCOUNT_MONEY	8987800,21
202511	AQUISICAO	POINT	CANAIS DIGITAIS	DIGITAL_OUTROS	CREDIT_CARD	46287553,79
202511	AQUISICAO	POINT	CANAIS DIGITAIS	DIGITAL_OUTROS	DEBIT_CARD	47482918
202511	AQUISICAO	POINT	CANAIS DIGITAIS	LANDING	ACCOUNT_MONEY	7448241,3
202511	AQUISICAO	POINT	CANAIS DIGITAIS	LANDING	CREDIT_CARD	113844882,7
202511	AQUISICAO	POINT	CANAIS DIGITAIS	LANDING	DEBIT_CARD	81119235
202511	AQUISICAO	POINT	CANAIS DIGITAIS	TO	ACCOUNT_MONEY	8807366,82
202511	AQUISICAO	POINT	CANAIS DIGITAIS	TO	CREDIT_CARD	185469327,2
202511	AQUISICAO	POINT	CANAIS DIGITAIS	TO	DEBIT_CARD	159947930
202511	AQUISICAO	POINT	FDV PROPRIA		ACCOUNT_MONEY	7347118,53
202511	AQUISICAO	POINT	FDV PROPRIA		CREDIT_CARD	1019366429
202511	AQUISICAO	POINT	FDV PROPRIA		DEBIT_CARD	509193488
202511	AQUISICAO	POINT	FDV TERCEIRA		ACCOUNT_MONEY	8073481,44
202511	AQUISICAO	POINT	FDV TERCEIRA		CREDIT_CARD	260983437,5
202511	AQUISICAO	POINT	FDV TERCEIRA		DEBIT_CARD	161304784
202511	AQUISICAO	POINT	MgM		ACCOUNT_MONEY	7221851,91
202511	AQUISICAO	POINT	MgM		CREDIT_CARD	182254945,1
202511	AQUISICAO	POINT	MgM		DEBIT_CARD	145580134
202511	AQUISICAO	POINT	RESELLERS		ACCOUNT_MONEY	7826348,81
202511	AQUISICAO	POINT	RESELLERS		CREDIT_CARD	153110430,2
202511	AQUISICAO	POINT	RESELLERS		DEBIT_CARD	158590631
202511	AQUISICAO	POINT	TELEVENDAS		ACCOUNT_MONEY	9073412,51
202511	AQUISICAO	POINT	TELEVENDAS		CREDIT_CARD	90876364,49
202511	AQUISICAO	POINT	TELEVENDAS		DEBIT_CARD	61074049
202511	AQUISICAO	QR			ACCOUNT_MONEY	161243132,7
202511	AQUISICAO	QR			CREDIT_CARD	3384445,13
202511	AQUISICAO	QR			DEBIT_CARD	9,21
202511	AQUISICAO	QR			PIX	1102101559
202511	AQUISICAO	TAP			ACCOUNT_MONEY	3779357,85
202511	AQUISICAO	TAP			CREDIT_CARD	703702243,1
202511	AQUISICAO	TAP			DEBIT_CARD	64945438
202511	ENGAGEMENT	OP - CHECKOUT			ACCOUNT_MONEY	13023158,04
202511	ENGAGEMENT	OP - CHECKOUT			CREDIT_CARD	170003148,7
202511	ENGAGEMENT	OP - CHECKOUT			DEBIT_CARD	8,29
202511	ENGAGEMENT	OP - CHECKOUT			PIX	180491398
202511	ENGAGEMENT	OP - CHECKOUT			TICKET	8665690
202511	ENGAGEMENT	OP - LINK			ACCOUNT_MONEY	23154747,07
202511	ENGAGEMENT	OP - LINK			CREDIT_CARD	880755812,1
202511	ENGAGEMENT	OP - LINK			DEBIT_CARD	168,87
202511	ENGAGEMENT	OP - LINK			PIX	13340025
202511	ENGAGEMENT	OP - LINK			TICKET	4883542
202511	ENGAGEMENT	POINT			ACCOUNT_MONEY	15558353,43
202511	ENGAGEMENT	POINT			CREDIT_CARD	4529059295
202511	ENGAGEMENT	POINT			DEBIT_CARD	3039926414
202511	ENGAGEMENT	QR			ACCOUNT_MONEY	151611929,3
202511	ENGAGEMENT	QR			CREDIT_CARD	8116779,86
202511	ENGAGEMENT	QR			DEBIT_CARD	12,8
202511	ENGAGEMENT	QR			PIX	1906415620
202511	ENGAGEMENT	TAP			ACCOUNT_MONEY	3733534,93
202511	ENGAGEMENT	TAP			CREDIT_CARD	784645780,1
202511	ENGAGEMENT	TAP			DEBIT_CARD	66152951
202512	AQUISICAO	OP - CHECKOUT			ACCOUNT_MONEY	13466556,54
202512	AQUISICAO	OP - CHECKOUT			CREDIT_CARD	66828767,01
202512	AQUISICAO	OP - CHECKOUT			DEBIT_CARD	3,45
202512	AQUISICAO	OP - CHECKOUT			PIX	106288088
202512	AQUISICAO	OP - CHECKOUT			TICKET	2882029
202512	AQUISICAO	OP - LINK			ACCOUNT_MONEY	18873309,98
202512	AQUISICAO	OP - LINK			CREDIT_CARD	657416329
202512	AQUISICAO	OP - LINK			DEBIT_CARD	135,07
202512	AQUISICAO	OP - LINK			PIX	8254420
202512	AQUISICAO	OP - LINK			TICKET	7796786
202512	AQUISICAO	POINT	CANAIS DIGITAIS	APP	ACCOUNT_MONEY	6560811,62
202512	AQUISICAO	POINT	CANAIS DIGITAIS	APP	CREDIT_CARD	322691149,4
202512	AQUISICAO	POINT	CANAIS DIGITAIS	APP	DEBIT_CARD	219999965
202512	AQUISICAO	POINT	CANAIS DIGITAIS	DIGITAL_OUTROS	ACCOUNT_MONEY	7302030,66
202512	AQUISICAO	POINT	CANAIS DIGITAIS	DIGITAL_OUTROS	CREDIT_CARD	58759884,33
202512	AQUISICAO	POINT	CANAIS DIGITAIS	DIGITAL_OUTROS	DEBIT_CARD	56735048
202512	AQUISICAO	POINT	CANAIS DIGITAIS	LANDING	ACCOUNT_MONEY	7535216,24
202512	AQUISICAO	POINT	CANAIS DIGITAIS	LANDING	CREDIT_CARD	127231316,7
202512	AQUISICAO	POINT	CANAIS DIGITAIS	LANDING	DEBIT_CARD	102121017
202512	AQUISICAO	POINT	CANAIS DIGITAIS	TO	ACCOUNT_MONEY	10154958,88
202512	AQUISICAO	POINT	CANAIS DIGITAIS	TO	CREDIT_CARD	207508761,1
202512	AQUISICAO	POINT	CANAIS DIGITAIS	TO	DEBIT_CARD	201253249
202512	AQUISICAO	POINT	FDV PROPRIA		ACCOUNT_MONEY	6906108,98
202512	AQUISICAO	POINT	FDV PROPRIA		CREDIT_CARD	1239386229
202512	AQUISICAO	POINT	FDV PROPRIA		DEBIT_CARD	746453343
202512	AQUISICAO	POINT	FDV TERCEIRA		ACCOUNT_MONEY	7551176,27
202512	AQUISICAO	POINT	FDV TERCEIRA		CREDIT_CARD	305537430,7
202512	AQUISICAO	POINT	FDV TERCEIRA		DEBIT_CARD	218898036
202512	AQUISICAO	POINT	MgM		ACCOUNT_MONEY	8505715,77
202512	AQUISICAO	POINT	MgM		CREDIT_CARD	202429082,2
202512	AQUISICAO	POINT	MgM		DEBIT_CARD	190088284
202512	AQUISICAO	POINT	RESELLERS		ACCOUNT_MONEY	8864708,42
202512	AQUISICAO	POINT	RESELLERS		CREDIT_CARD	165959698,6
202512	AQUISICAO	POINT	RESELLERS		DEBIT_CARD	192180842
202512	AQUISICAO	POINT	TELEVENDAS		ACCOUNT_MONEY	10499069,42
202512	AQUISICAO	POINT	TELEVENDAS		CREDIT_CARD	102064039,6
202512	AQUISICAO	POINT	TELEVENDAS		DEBIT_CARD	78682576
202512	AQUISICAO	QR			ACCOUNT_MONEY	169823077
202512	AQUISICAO	QR			CREDIT_CARD	3394464,06
202512	AQUISICAO	QR			DEBIT_CARD	10,91
202512	AQUISICAO	QR			PIX	1410378394
202512	AQUISICAO	TAP			ACCOUNT_MONEY	3947329,72
202512	AQUISICAO	TAP			CREDIT_CARD	736221230,3
202512	AQUISICAO	TAP			DEBIT_CARD	67687333
202512	ENGAGEMENT	OP - CHECKOUT			ACCOUNT_MONEY	15054022,23
202512	ENGAGEMENT	OP - CHECKOUT			CREDIT_CARD	147720804,5
202512	ENGAGEMENT	OP - CHECKOUT			DEBIT_CARD	7,27
202512	ENGAGEMENT	OP - CHECKOUT			PIX	160495938
202512	ENGAGEMENT	OP - CHECKOUT			TICKET	7648899
202512	ENGAGEMENT	OP - LINK			ACCOUNT_MONEY	22012801,49
202512	ENGAGEMENT	OP - LINK			CREDIT_CARD	771629625
202512	ENGAGEMENT	OP - LINK			DEBIT_CARD	152,53
202512	ENGAGEMENT	OP - LINK			PIX	11344120
202512	ENGAGEMENT	OP - LINK			TICKET	4144584
202512	ENGAGEMENT	POINT			ACCOUNT_MONEY	16400042,62
202512	ENGAGEMENT	POINT			CREDIT_CARD	4367005658
202512	ENGAGEMENT	POINT			DEBIT_CARD	3658091686
202512	ENGAGEMENT	QR			ACCOUNT_MONEY	160816784,6
202512	ENGAGEMENT	QR			CREDIT_CARD	6767762,89
202512	ENGAGEMENT	QR			DEBIT_CARD	14,5
202512	ENGAGEMENT	QR			PIX	2143456757
202512	ENGAGEMENT	TAP			ACCOUNT_MONEY	3686472,04
202512	ENGAGEMENT	TAP			CREDIT_CARD	756842868
202512	ENGAGEMENT	TAP			DEBIT_CARD	63987630
202601	AQUISICAO	OP - CHECKOUT			ACCOUNT_MONEY	4132934,01
202601	AQUISICAO	OP - CHECKOUT			CREDIT_CARD	2648520
202601	AQUISICAO	OP - CHECKOUT			DEBIT_CARD	233
202601	AQUISICAO	OP - CHECKOUT			PIX	8275097
202601	AQUISICAO	OP - CHECKOUT			TICKET	228,98
202601	AQUISICAO	OP - LINK			ACCOUNT_MONEY	14520634,91
202601	AQUISICAO	OP - LINK			CREDIT_CARD	146343063,9
202601	AQUISICAO	OP - LINK			DEBIT_CARD	26,55
202601	AQUISICAO	OP - LINK			PIX	1394563,43
202601	AQUISICAO	OP - LINK			TICKET	1467,18
202601	AQUISICAO	POINT	CANAIS DIGITAIS	APP	ACCOUNT_MONEY	10629101,26
202601	AQUISICAO	POINT	CANAIS DIGITAIS	APP	CREDIT_CARD	15094801,74
202601	AQUISICAO	POINT	CANAIS DIGITAIS	APP	DEBIT_CARD	13184929
202601	AQUISICAO	POINT	CANAIS DIGITAIS	LANDING	ACCOUNT_MONEY	4857072,07
202601	AQUISICAO	POINT	CANAIS DIGITAIS	LANDING	CREDIT_CARD	5237604,92
202601	AQUISICAO	POINT	CANAIS DIGITAIS	LANDING	DEBIT_CARD	6239110
202601	AQUISICAO	POINT	CANAIS DIGITAIS	TO	ACCOUNT_MONEY	7228108,65
202601	AQUISICAO	POINT	CANAIS DIGITAIS	TO	CREDIT_CARD	9976140,35
202601	AQUISICAO	POINT	CANAIS DIGITAIS	TO	DEBIT_CARD	12911230
202601	AQUISICAO	POINT	FDV PROPRIA		ACCOUNT_MONEY	4551202,24
202601	AQUISICAO	POINT	FDV PROPRIA		CREDIT_CARD	68663145,78
202601	AQUISICAO	POINT	FDV PROPRIA		DEBIT_CARD	38638091
202601	AQUISICAO	POINT	FDV TERCEIRA		ACCOUNT_MONEY	8990157,85
202601	AQUISICAO	POINT	FDV TERCEIRA		CREDIT_CARD	6756398,17
202601	AQUISICAO	POINT	FDV TERCEIRA		DEBIT_CARD	9797886
202601	AQUISICAO	POINT	MgM		ACCOUNT_MONEY	6315260,42
202601	AQUISICAO	POINT	MgM		CREDIT_CARD	7681817,59
202601	AQUISICAO	POINT	MgM		DEBIT_CARD	10527883
202601	AQUISICAO	POINT	RESELLERS		ACCOUNT_MONEY	6089768,14
202601	AQUISICAO	POINT	RESELLERS		CREDIT_CARD	8281831,88
202601	AQUISICAO	POINT	RESELLERS		DEBIT_CARD	12403581
202601	AQUISICAO	POINT	TELEVENDAS		ACCOUNT_MONEY	4322908,77
202601	AQUISICAO	POINT	TELEVENDAS		CREDIT_CARD	4367,85
202601	AQUISICAO	POINT	TELEVENDAS		DEBIT_CARD	1537,35
202601	AQUISICAO	QR			ACCOUNT_MONEY	37238088,36
202601	AQUISICAO	QR			CREDIT_CARD	4325,64
202601	AQUISICAO	QR			DEBIT_CARD	1104
202601	AQUISICAO	QR			PIX	161763581
202601	AQUISICAO	TAP			ACCOUNT_MONEY	11074296,62
202601	AQUISICAO	TAP			CREDIT_CARD	114905121,3
202601	AQUISICAO	TAP			DEBIT_CARD	11553642
202601	ENGAGEMENT	OP - CHECKOUT			ACCOUNT_MONEY	13378831,71
202601	ENGAGEMENT	OP - CHECKOUT			CREDIT_CARD	213295621,8
202601	ENGAGEMENT	OP - CHECKOUT			DEBIT_CARD	11,47
202601	ENGAGEMENT	OP - CHECKOUT			PIX	228979022
202601	ENGAGEMENT	OP - CHECKOUT			TICKET	10672272
202601	ENGAGEMENT	OP - LINK			ACCOUNT_MONEY	26306907,7
202601	ENGAGEMENT	OP - LINK			CREDIT_CARD	1255054201
202601	ENGAGEMENT	OP - LINK			DEBIT_CARD	230,04
202601	ENGAGEMENT	OP - LINK			PIX	14551618
202601	ENGAGEMENT	OP - LINK			TICKET	10143851
202601	ENGAGEMENT	POINT			ACCOUNT_MONEY	15823120,09
202601	ENGAGEMENT	POINT			CREDIT_CARD	6262170788
202601	ENGAGEMENT	POINT			DEBIT_CARD	4410516995
202601	ENGAGEMENT	QR			ACCOUNT_MONEY	289989172,4
202601	ENGAGEMENT	QR			CREDIT_CARD	8436752,18
202601	ENGAGEMENT	QR			DEBIT_CARD	31,44
202601	ENGAGEMENT	QR			PIX	2694033089
202601	ENGAGEMENT	TAP			ACCOUNT_MONEY	2800963,23
202601	ENGAGEMENT	TAP			CREDIT_CARD	1337108022
202601	ENGAGEMENT	TAP			DEBIT_CARD	111271891
202602	AQUISICAO	OP - CHECKOUT			ACCOUNT_MONEY	8644274,2
202602	AQUISICAO	OP - CHECKOUT			CREDIT_CARD	6950375,75
202602	AQUISICAO	OP - CHECKOUT			DEBIT_CARD	545
202602	AQUISICAO	OP - CHECKOUT			PIX	18662840
202602	AQUISICAO	OP - CHECKOUT			TICKET	448
202602	AQUISICAO	OP - LINK			ACCOUNT_MONEY	14388267,39
202602	AQUISICAO	OP - LINK			CREDIT_CARD	195555774,7
202602	AQUISICAO	OP - LINK			DEBIT_CARD	42,62
202602	AQUISICAO	OP - LINK			PIX	1742953,38
202602	AQUISICAO	OP - LINK			TICKET	1115985,91
202602	AQUISICAO	POINT	CANAIS DIGITAIS	APP	ACCOUNT_MONEY	7537892,56
202602	AQUISICAO	POINT	CANAIS DIGITAIS	APP	CREDIT_CARD	53057486,45
202602	AQUISICAO	POINT	CANAIS DIGITAIS	APP	DEBIT_CARD	32405194
202602	AQUISICAO	POINT	CANAIS DIGITAIS	LANDING	ACCOUNT_MONEY	11572099,31
202602	AQUISICAO	POINT	CANAIS DIGITAIS	LANDING	CREDIT_CARD	12975419,66
202602	AQUISICAO	POINT	CANAIS DIGITAIS	LANDING	DEBIT_CARD	15907727
202602	AQUISICAO	POINT	CANAIS DIGITAIS	TO	ACCOUNT_MONEY	11154851,98
202602	AQUISICAO	POINT	CANAIS DIGITAIS	TO	CREDIT_CARD	21119085,01
202602	AQUISICAO	POINT	CANAIS DIGITAIS	TO	DEBIT_CARD	26136149
202602	AQUISICAO	POINT	FDV PROPRIA		ACCOUNT_MONEY	6103689,2
202602	AQUISICAO	POINT	FDV PROPRIA		CREDIT_CARD	191329790,8
202602	AQUISICAO	POINT	FDV PROPRIA		DEBIT_CARD	107424806
202602	AQUISICAO	POINT	FDV TERCEIRA		ACCOUNT_MONEY	5740466,79
202602	AQUISICAO	POINT	FDV TERCEIRA		CREDIT_CARD	37266196,22
202602	AQUISICAO	POINT	FDV TERCEIRA		DEBIT_CARD	27113551
202602	AQUISICAO	POINT	MgM		ACCOUNT_MONEY	10002228,76
202602	AQUISICAO	POINT	MgM		CREDIT_CARD	26005047,24
202602	AQUISICAO	POINT	MgM		DEBIT_CARD	28449952
202602	AQUISICAO	POINT	RESELLERS		ACCOUNT_MONEY	9741957,3
202602	AQUISICAO	POINT	RESELLERS		CREDIT_CARD	22125210,74
202602	AQUISICAO	POINT	RESELLERS		DEBIT_CARD	28558360
202602	AQUISICAO	POINT	TELEVENDAS		ACCOUNT_MONEY	3667810,52
202602	AQUISICAO	POINT	TELEVENDAS		CREDIT_CARD	4313781,46
202602	AQUISICAO	POINT	TELEVENDAS		DEBIT_CARD	4806227
202602	AQUISICAO	QR			ACCOUNT_MONEY	52994676,62
202602	AQUISICAO	QR			CREDIT_CARD	4881,18
202602	AQUISICAO	QR			DEBIT_CARD	952,22
202602	AQUISICAO	QR			PIX	279983712
202602	AQUISICAO	TAP			ACCOUNT_MONEY	9573385,04
202602	AQUISICAO	TAP			CREDIT_CARD	203917004,9
202602	AQUISICAO	TAP			DEBIT_CARD	19256148
202602	ENGAGEMENT	OP - CHECKOUT			ACCOUNT_MONEY	14254495,33
202602	ENGAGEMENT	OP - CHECKOUT			CREDIT_CARD	199078727,1
202602	ENGAGEMENT	OP - CHECKOUT			DEBIT_CARD	11,55
202602	ENGAGEMENT	OP - CHECKOUT			PIX	207619847
202602	ENGAGEMENT	OP - CHECKOUT			TICKET	10571150
202602	ENGAGEMENT	OP - LINK			ACCOUNT_MONEY	23994507,76
202602	ENGAGEMENT	OP - LINK			CREDIT_CARD	1192303481
202602	ENGAGEMENT	OP - LINK			DEBIT_CARD	232,7
202602	ENGAGEMENT	OP - LINK			PIX	13669830
202602	ENGAGEMENT	OP - LINK			TICKET	7440353
202602	ENGAGEMENT	POINT			ACCOUNT_MONEY	16073045,33
202602	ENGAGEMENT	POINT			CREDIT_CARD	5885446254
202602	ENGAGEMENT	POINT			DEBIT_CARD	4142996490
202602	ENGAGEMENT	QR			ACCOUNT_MONEY	263914222
202602	ENGAGEMENT	QR			CREDIT_CARD	7843310,57
202602	ENGAGEMENT	QR			DEBIT_CARD	28,43
202602	ENGAGEMENT	QR			PIX	2505762395
202602	ENGAGEMENT	TAP			ACCOUNT_MONEY	1456051,49
202602	ENGAGEMENT	TAP			CREDIT_CARD	1329646628
202602	ENGAGEMENT	TAP			DEBIT_CARD	110416495
202603	AQUISICAO	OP - CHECKOUT			ACCOUNT_MONEY	11764217,77
202603	AQUISICAO	OP - CHECKOUT			CREDIT_CARD	13545078,44
202603	AQUISICAO	OP - CHECKOUT			DEBIT_CARD	626
202603	AQUISICAO	OP - CHECKOUT			PIX	29183655
202603	AQUISICAO	OP - CHECKOUT			TICKET	704,77
202603	AQUISICAO	OP - LINK			ACCOUNT_MONEY	14148411,73
202603	AQUISICAO	OP - LINK			CREDIT_CARD	267185732,4
202603	AQUISICAO	OP - LINK			DEBIT_CARD	36,85
202603	AQUISICAO	OP - LINK			PIX	3197018
202603	AQUISICAO	OP - LINK			TICKET	2890141
202603	AQUISICAO	POINT	CANAIS DIGITAIS	APP	ACCOUNT_MONEY	9278407,31
202603	AQUISICAO	POINT	CANAIS DIGITAIS	APP	CREDIT_CARD	91506005,7
202603	AQUISICAO	POINT	CANAIS DIGITAIS	APP	DEBIT_CARD	54005374
202603	AQUISICAO	POINT	CANAIS DIGITAIS	LANDING	ACCOUNT_MONEY	9885160,95
202603	AQUISICAO	POINT	CANAIS DIGITAIS	LANDING	CREDIT_CARD	32779470,07
202603	AQUISICAO	POINT	CANAIS DIGITAIS	LANDING	DEBIT_CARD	27632635
202603	AQUISICAO	POINT	CANAIS DIGITAIS	TO	ACCOUNT_MONEY	10262580,15
202603	AQUISICAO	POINT	CANAIS DIGITAIS	TO	CREDIT_CARD	48468098,85
202603	AQUISICAO	POINT	CANAIS DIGITAIS	TO	DEBIT_CARD	49640293
202603	AQUISICAO	POINT	FDV PROPRIA		ACCOUNT_MONEY	8650659,68
202603	AQUISICAO	POINT	FDV PROPRIA		CREDIT_CARD	372710481,3
202603	AQUISICAO	POINT	FDV PROPRIA		DEBIT_CARD	197019872
202603	AQUISICAO	POINT	FDV TERCEIRA		ACCOUNT_MONEY	4421906,66
202603	AQUISICAO	POINT	FDV TERCEIRA		CREDIT_CARD	63306296,35
202603	AQUISICAO	POINT	FDV TERCEIRA		DEBIT_CARD	42303248
202603	AQUISICAO	POINT	MgM		ACCOUNT_MONEY	7393439,16
202603	AQUISICAO	POINT	MgM		CREDIT_CARD	53971668,85
202603	AQUISICAO	POINT	MgM		DEBIT_CARD	49506763
202603	AQUISICAO	POINT	RESELLERS		ACCOUNT_MONEY	8798689,5
202603	AQUISICAO	POINT	RESELLERS		CREDIT_CARD	47088976,55
202603	AQUISICAO	POINT	RESELLERS		DEBIT_CARD	50725430
202603	AQUISICAO	POINT	TELEVENDAS		ACCOUNT_MONEY	6542968,48
202603	AQUISICAO	POINT	TELEVENDAS		CREDIT_CARD	7438364,5
202603	AQUISICAO	POINT	TELEVENDAS		DEBIT_CARD	8190025
202603	AQUISICAO	QR			ACCOUNT_MONEY	77361915,02
202603	AQUISICAO	QR			CREDIT_CARD	4257,87
202603	AQUISICAO	QR			DEBIT_CARD	2,12
202603	AQUISICAO	QR			PIX	424306022
202603	AQUISICAO	TAP			ACCOUNT_MONEY	5094246,65
202603	AQUISICAO	TAP			CREDIT_CARD	312113355,4
202603	AQUISICAO	TAP			DEBIT_CARD	28467693
202603	ENGAGEMENT	OP - CHECKOUT			ACCOUNT_MONEY	13980622,29
202603	ENGAGEMENT	OP - CHECKOUT			CREDIT_CARD	214608999,8
202603	ENGAGEMENT	OP - CHECKOUT			DEBIT_CARD	918,89
202603	ENGAGEMENT	OP - CHECKOUT			PIX	219747912
202603	ENGAGEMENT	OP - CHECKOUT			TICKET	8655073
202603	ENGAGEMENT	OP - LINK			ACCOUNT_MONEY	27611678,27
202603	ENGAGEMENT	OP - LINK			CREDIT_CARD	1297597606
202603	ENGAGEMENT	OP - LINK			DEBIT_CARD	261,17
202603	ENGAGEMENT	OP - LINK			PIX	15725906
202603	ENGAGEMENT	OP - LINK			TICKET	7528515
202603	ENGAGEMENT	POINT			ACCOUNT_MONEY	17269896,5
202603	ENGAGEMENT	POINT			CREDIT_CARD	6230595646
202603	ENGAGEMENT	POINT			DEBIT_CARD	4479835363
202603	ENGAGEMENT	QR			ACCOUNT_MONEY	270214682,7
202603	ENGAGEMENT	QR			CREDIT_CARD	8528351,81
202603	ENGAGEMENT	QR			DEBIT_CARD	29,52
202603	ENGAGEMENT	QR			PIX	2665530394
202603	ENGAGEMENT	TAP			ACCOUNT_MONEY	1545401,05
202603	ENGAGEMENT	TAP			CREDIT_CARD	1428582550
202603	ENGAGEMENT	TAP			DEBIT_CARD	118860084
202604	AQUISICAO	OP - CHECKOUT			ACCOUNT_MONEY	13266193,72
202604	AQUISICAO	OP - CHECKOUT			CREDIT_CARD	18098384,5
202604	AQUISICAO	OP - CHECKOUT			DEBIT_CARD	984
202604	AQUISICAO	OP - CHECKOUT			PIX	37326034
202604	AQUISICAO	OP - CHECKOUT			TICKET	921,77
202604	AQUISICAO	OP - LINK			ACCOUNT_MONEY	12486964,06
202604	AQUISICAO	OP - LINK			CREDIT_CARD	336156635,9
202604	AQUISICAO	OP - LINK			DEBIT_CARD	53,97
202604	AQUISICAO	OP - LINK			PIX	3853821
202604	AQUISICAO	OP - LINK			TICKET	3590312
202604	AQUISICAO	POINT	CANAIS DIGITAIS	APP	ACCOUNT_MONEY	7914666,41
202604	AQUISICAO	POINT	CANAIS DIGITAIS	APP	CREDIT_CARD	126383483,6
202604	AQUISICAO	POINT	CANAIS DIGITAIS	APP	DEBIT_CARD	68526531
202604	AQUISICAO	POINT	CANAIS DIGITAIS	LANDING	ACCOUNT_MONEY	9686386,91
202604	AQUISICAO	POINT	CANAIS DIGITAIS	LANDING	CREDIT_CARD	46542064,1
202604	AQUISICAO	POINT	CANAIS DIGITAIS	LANDING	DEBIT_CARD	34844874
202604	AQUISICAO	POINT	CANAIS DIGITAIS	TO	ACCOUNT_MONEY	9698019,27
202604	AQUISICAO	POINT	CANAIS DIGITAIS	TO	CREDIT_CARD	68560026,72
202604	AQUISICAO	POINT	CANAIS DIGITAIS	TO	DEBIT_CARD	63030487
202604	AQUISICAO	POINT	FDV PROPRIA		ACCOUNT_MONEY	12038538,41
202604	AQUISICAO	POINT	FDV PROPRIA		CREDIT_CARD	527371696,6
202604	AQUISICAO	POINT	FDV PROPRIA		DEBIT_CARD	262048614
202604	AQUISICAO	POINT	FDV TERCEIRA		ACCOUNT_MONEY	5488477,03
202604	AQUISICAO	POINT	FDV TERCEIRA		CREDIT_CARD	89235658,01
202604	AQUISICAO	POINT	FDV TERCEIRA		DEBIT_CARD	56489716
202604	AQUISICAO	POINT	MgM		ACCOUNT_MONEY	7851803,33
202604	AQUISICAO	POINT	MgM		CREDIT_CARD	74870594,65
202604	AQUISICAO	POINT	MgM		DEBIT_CARD	62226165
202604	AQUISICAO	POINT	RESELLERS		ACCOUNT_MONEY	7425382,19
202604	AQUISICAO	POINT	RESELLERS		CREDIT_CARD	66116947,83
202604	AQUISICAO	POINT	RESELLERS		DEBIT_CARD	64828267
202604	AQUISICAO	POINT	TELEVENDAS		ACCOUNT_MONEY	8882898,21
202604	AQUISICAO	POINT	TELEVENDAS		CREDIT_CARD	9942939,78
202604	AQUISICAO	POINT	TELEVENDAS		DEBIT_CARD	10318461
202604	AQUISICAO	QR			ACCOUNT_MONEY	104492253,3
202604	AQUISICAO	QR			CREDIT_CARD	7225,63
202604	AQUISICAO	QR			DEBIT_CARD	3,09
202604	AQUISICAO	QR			PIX	518713265
202604	AQUISICAO	TAP			ACCOUNT_MONEY	5751510,73
202604	AQUISICAO	TAP			CREDIT_CARD	394867491,3
202604	AQUISICAO	TAP			DEBIT_CARD	36391267
202604	ENGAGEMENT	OP - CHECKOUT			ACCOUNT_MONEY	13168475,95
202604	ENGAGEMENT	OP - CHECKOUT			CREDIT_CARD	202379905
202604	ENGAGEMENT	OP - CHECKOUT			DEBIT_CARD	11,06
202604	ENGAGEMENT	OP - CHECKOUT			PIX	207907720
202604	ENGAGEMENT	OP - CHECKOUT			TICKET	8572635
202604	ENGAGEMENT	OP - LINK			ACCOUNT_MONEY	27468215,61
202604	ENGAGEMENT	OP - LINK			CREDIT_CARD	1244744843
202604	ENGAGEMENT	OP - LINK			DEBIT_CARD	218,62
202604	ENGAGEMENT	OP - LINK			PIX	13110414
202604	ENGAGEMENT	OP - LINK			TICKET	8159442
202604	ENGAGEMENT	POINT			ACCOUNT_MONEY	15847488,92
202604	ENGAGEMENT	POINT			CREDIT_CARD	5830043366
202604	ENGAGEMENT	POINT			DEBIT_CARD	4080650145
202604	ENGAGEMENT	QR			ACCOUNT_MONEY	256096397,5
202604	ENGAGEMENT	QR			CREDIT_CARD	7432155,29
202604	ENGAGEMENT	QR			DEBIT_CARD	27,21
202604	ENGAGEMENT	QR			PIX	2474023982
202604	ENGAGEMENT	TAP			ACCOUNT_MONEY	2229667,1
202604	ENGAGEMENT	TAP			CREDIT_CARD	1357083997
202604	ENGAGEMENT	TAP			DEBIT_CARD	113279877
202605	AQUISICAO	OP - CHECKOUT			ACCOUNT_MONEY	13573376,7
202605	AQUISICAO	OP - CHECKOUT			CREDIT_CARD	27999162,77
202605	AQUISICAO	OP - CHECKOUT			DEBIT_CARD	1274
202605	AQUISICAO	OP - CHECKOUT			PIX	49025872
202605	AQUISICAO	OP - CHECKOUT			TICKET	1170,54
202605	AQUISICAO	OP - LINK			ACCOUNT_MONEY	14413803,2
202605	AQUISICAO	OP - LINK			CREDIT_CARD	408964532,7
202605	AQUISICAO	OP - LINK			DEBIT_CARD	64,07
202605	AQUISICAO	OP - LINK			PIX	4602307
202605	AQUISICAO	OP - LINK			TICKET	4483739
202605	AQUISICAO	POINT	CANAIS DIGITAIS	APP	ACCOUNT_MONEY	8788549,65
202605	AQUISICAO	POINT	CANAIS DIGITAIS	APP	CREDIT_CARD	162278968,3
202605	AQUISICAO	POINT	CANAIS DIGITAIS	APP	DEBIT_CARD	86949386
202605	AQUISICAO	POINT	CANAIS DIGITAIS	LANDING	ACCOUNT_MONEY	7687159,14
202605	AQUISICAO	POINT	CANAIS DIGITAIS	LANDING	CREDIT_CARD	67895304,84
202605	AQUISICAO	POINT	CANAIS DIGITAIS	LANDING	DEBIT_CARD	46916118
202605	AQUISICAO	POINT	CANAIS DIGITAIS	TO	ACCOUNT_MONEY	6822273,9
202605	AQUISICAO	POINT	CANAIS DIGITAIS	TO	CREDIT_CARD	94173584,11
202605	AQUISICAO	POINT	CANAIS DIGITAIS	TO	DEBIT_CARD	83063391
202605	AQUISICAO	POINT	FDV PROPRIA		ACCOUNT_MONEY	11283233,47
202605	AQUISICAO	POINT	FDV PROPRIA		CREDIT_CARD	677866449,5
202605	AQUISICAO	POINT	FDV PROPRIA		DEBIT_CARD	329090569
202605	AQUISICAO	POINT	FDV TERCEIRA		ACCOUNT_MONEY	5586326,08
202605	AQUISICAO	POINT	FDV TERCEIRA		CREDIT_CARD	111116473,9
202605	AQUISICAO	POINT	FDV TERCEIRA		DEBIT_CARD	68577076
202605	AQUISICAO	POINT	MgM		ACCOUNT_MONEY	9904147,94
202605	AQUISICAO	POINT	MgM		CREDIT_CARD	96893273,06
202605	AQUISICAO	POINT	MgM		DEBIT_CARD	80246686
202605	AQUISICAO	POINT	RESELLERS		ACCOUNT_MONEY	8665237,09
202605	AQUISICAO	POINT	RESELLERS		CREDIT_CARD	91439288,9
202605	AQUISICAO	POINT	RESELLERS		DEBIT_CARD	88542449
202605	AQUISICAO	POINT	TELEVENDAS		ACCOUNT_MONEY	10779772,44
202605	AQUISICAO	POINT	TELEVENDAS		CREDIT_CARD	13950417,55
202605	AQUISICAO	POINT	TELEVENDAS		DEBIT_CARD	13519073
202605	AQUISICAO	QR			ACCOUNT_MONEY	122644694,8
202605	AQUISICAO	QR			CREDIT_CARD	6173,41
202605	AQUISICAO	QR			DEBIT_CARD	3,84
202605	AQUISICAO	QR			PIX	657608968
202605	AQUISICAO	TAP			ACCOUNT_MONEY	3867724,41
202605	AQUISICAO	TAP			CREDIT_CARD	504782342,6
202605	AQUISICAO	TAP			DEBIT_CARD	46020202
202605	ENGAGEMENT	OP - CHECKOUT			ACCOUNT_MONEY	13379827
202605	ENGAGEMENT	OP - CHECKOUT			CREDIT_CARD	212968015,4
202605	ENGAGEMENT	OP - CHECKOUT			DEBIT_CARD	13,67
202605	ENGAGEMENT	OP - CHECKOUT			PIX	214797384
202605	ENGAGEMENT	OP - CHECKOUT			TICKET	8843501
202605	ENGAGEMENT	OP - LINK			ACCOUNT_MONEY	27665559,4
202605	ENGAGEMENT	OP - LINK			CREDIT_CARD	1273283689
202605	ENGAGEMENT	OP - LINK			DEBIT_CARD	277,27
202605	ENGAGEMENT	OP - LINK			PIX	15353675
202605	ENGAGEMENT	OP - LINK			TICKET	6356448
202605	ENGAGEMENT	POINT			ACCOUNT_MONEY	15552266,11
202605	ENGAGEMENT	POINT			CREDIT_CARD	5951954327
202605	ENGAGEMENT	POINT			DEBIT_CARD	4288207078
202605	ENGAGEMENT	QR			ACCOUNT_MONEY	246873803,8
202605	ENGAGEMENT	QR			CREDIT_CARD	7201068,93
202605	ENGAGEMENT	QR			DEBIT_CARD	33,25
202605	ENGAGEMENT	QR			PIX	2564008200
202605	ENGAGEMENT	TAP			ACCOUNT_MONEY	2132459,41
202605	ENGAGEMENT	TAP			CREDIT_CARD	1394098021
202605	ENGAGEMENT	TAP			DEBIT_CARD	116436217
202606	AQUISICAO	OP - CHECKOUT			ACCOUNT_MONEY	13976348,02
202606	AQUISICAO	OP - CHECKOUT			CREDIT_CARD	37173937,64
202606	AQUISICAO	OP - CHECKOUT			DEBIT_CARD	1375
202606	AQUISICAO	OP - CHECKOUT			PIX	56409178
202606	AQUISICAO	OP - CHECKOUT			TICKET	1355,31
202606	AQUISICAO	OP - LINK			ACCOUNT_MONEY	15874254,5
202606	AQUISICAO	OP - LINK			CREDIT_CARD	454508717,8
202606	AQUISICAO	OP - LINK			DEBIT_CARD	64,76
202606	AQUISICAO	OP - LINK			PIX	4995133
202606	AQUISICAO	OP - LINK			TICKET	5003358
202606	AQUISICAO	POINT	CANAIS DIGITAIS	APP	ACCOUNT_MONEY	8013718,26
202606	AQUISICAO	POINT	CANAIS DIGITAIS	APP	CREDIT_CARD	191042559,8
202606	AQUISICAO	POINT	CANAIS DIGITAIS	APP	DEBIT_CARD	103694532
202606	AQUISICAO	POINT	CANAIS DIGITAIS	LANDING	ACCOUNT_MONEY	9014473,5
202606	AQUISICAO	POINT	CANAIS DIGITAIS	LANDING	CREDIT_CARD	81291435,48
202606	AQUISICAO	POINT	CANAIS DIGITAIS	LANDING	DEBIT_CARD	55967285
202606	AQUISICAO	POINT	CANAIS DIGITAIS	TO	ACCOUNT_MONEY	6825209,95
202606	AQUISICAO	POINT	CANAIS DIGITAIS	TO	CREDIT_CARD	111293738,1
202606	AQUISICAO	POINT	CANAIS DIGITAIS	TO	DEBIT_CARD	96402455
202606	AQUISICAO	POINT	FDV PROPRIA		ACCOUNT_MONEY	11088106,8
202606	AQUISICAO	POINT	FDV PROPRIA		CREDIT_CARD	815043421,2
202606	AQUISICAO	POINT	FDV PROPRIA		DEBIT_CARD	398707484
202606	AQUISICAO	POINT	FDV TERCEIRA		ACCOUNT_MONEY	6395002,6
202606	AQUISICAO	POINT	FDV TERCEIRA		CREDIT_CARD	129346771,4
202606	AQUISICAO	POINT	FDV TERCEIRA		DEBIT_CARD	80132622
202606	AQUISICAO	POINT	MgM		ACCOUNT_MONEY	9407668,92
202606	AQUISICAO	POINT	MgM		CREDIT_CARD	117251793,1
202606	AQUISICAO	POINT	MgM		DEBIT_CARD	95632852
202606	AQUISICAO	POINT	RESELLERS		ACCOUNT_MONEY	9080086,83
202606	AQUISICAO	POINT	RESELLERS		CREDIT_CARD	111073067,2
202606	AQUISICAO	POINT	RESELLERS		DEBIT_CARD	106386909
202606	AQUISICAO	POINT	TELEVENDAS		ACCOUNT_MONEY	8726587,67
202606	AQUISICAO	POINT	TELEVENDAS		CREDIT_CARD	18724130,37
202606	AQUISICAO	POINT	TELEVENDAS		DEBIT_CARD	15045786
202606	AQUISICAO	QR			ACCOUNT_MONEY	122621035
202606	AQUISICAO	QR			CREDIT_CARD	5147,04
202606	AQUISICAO	QR			DEBIT_CARD	3,98
202606	AQUISICAO	QR			PIX	747814048
202606	AQUISICAO	TAP			ACCOUNT_MONEY	3364658,98
202606	AQUISICAO	TAP			CREDIT_CARD	589361574
202606	AQUISICAO	TAP			DEBIT_CARD	53375453
202606	ENGAGEMENT	OP - CHECKOUT			ACCOUNT_MONEY	13013439,57
202606	ENGAGEMENT	OP - CHECKOUT			CREDIT_CARD	203754088,5
202606	ENGAGEMENT	OP - CHECKOUT			DEBIT_CARD	16,92
202606	ENGAGEMENT	OP - CHECKOUT			PIX	210437146
202606	ENGAGEMENT	OP - CHECKOUT			TICKET	8243757
202606	ENGAGEMENT	OP - LINK			ACCOUNT_MONEY	23964819,55
202606	ENGAGEMENT	OP - LINK			CREDIT_CARD	1209081889
202606	ENGAGEMENT	OP - LINK			DEBIT_CARD	372,52
202606	ENGAGEMENT	OP - LINK			PIX	14620583
202606	ENGAGEMENT	OP - LINK			TICKET	5059381
202606	ENGAGEMENT	POINT			ACCOUNT_MONEY	14224831,03
202606	ENGAGEMENT	POINT			CREDIT_CARD	5483167208
202606	ENGAGEMENT	POINT			DEBIT_CARD	4045909594
202606	ENGAGEMENT	QR			ACCOUNT_MONEY	229021555,6
202606	ENGAGEMENT	QR			CREDIT_CARD	6809125,74
202606	ENGAGEMENT	QR			DEBIT_CARD	32,65
202606	ENGAGEMENT	QR			PIX	2380435216
202606	ENGAGEMENT	TAP			ACCOUNT_MONEY	1969434,59
202606	ENGAGEMENT	TAP			CREDIT_CARD	1317808777
202606	ENGAGEMENT	TAP			DEBIT_CARD	110312300
202607	AQUISICAO	OP - CHECKOUT			ACCOUNT_MONEY	12463294,69
202607	AQUISICAO	OP - CHECKOUT			CREDIT_CARD	45625056,84
202607	AQUISICAO	OP - CHECKOUT			DEBIT_CARD	1665
202607	AQUISICAO	OP - CHECKOUT			PIX	67334436
202607	AQUISICAO	OP - CHECKOUT			TICKET	1571,48
202607	AQUISICAO	OP - LINK			ACCOUNT_MONEY	16769926,29
202607	AQUISICAO	OP - LINK			CREDIT_CARD	555353287,4
202607	AQUISICAO	OP - LINK			DEBIT_CARD	79,37
202607	AQUISICAO	OP - LINK			PIX	5932303
202607	AQUISICAO	OP - LINK			TICKET	6165295
202607	AQUISICAO	POINT	CANAIS DIGITAIS	APP	ACCOUNT_MONEY	7131437,42
202607	AQUISICAO	POINT	CANAIS DIGITAIS	APP	CREDIT_CARD	224805069,6
202607	AQUISICAO	POINT	CANAIS DIGITAIS	APP	DEBIT_CARD	119836187
202607	AQUISICAO	POINT	CANAIS DIGITAIS	LANDING	ACCOUNT_MONEY	10656614,72
202607	AQUISICAO	POINT	CANAIS DIGITAIS	LANDING	CREDIT_CARD	97187293,27
202607	AQUISICAO	POINT	CANAIS DIGITAIS	LANDING	DEBIT_CARD	67323033
202607	AQUISICAO	POINT	CANAIS DIGITAIS	TO	ACCOUNT_MONEY	7941640,41
202607	AQUISICAO	POINT	CANAIS DIGITAIS	TO	CREDIT_CARD	129366380,6
202607	AQUISICAO	POINT	CANAIS DIGITAIS	TO	DEBIT_CARD	112427978
202607	AQUISICAO	POINT	FDV PROPRIA		ACCOUNT_MONEY	9443179,36
202607	AQUISICAO	POINT	FDV PROPRIA		CREDIT_CARD	952265859,6
202607	AQUISICAO	POINT	FDV PROPRIA		DEBIT_CARD	463799107
202607	AQUISICAO	POINT	FDV TERCEIRA		ACCOUNT_MONEY	6199942,85
202607	AQUISICAO	POINT	FDV TERCEIRA		CREDIT_CARD	147800616,2
202607	AQUISICAO	POINT	FDV TERCEIRA		DEBIT_CARD	91214107
202607	AQUISICAO	POINT	MgM		ACCOUNT_MONEY	8759492,74
202607	AQUISICAO	POINT	MgM		CREDIT_CARD	137914933,3
202607	AQUISICAO	POINT	MgM		DEBIT_CARD	110839769
202607	AQUISICAO	POINT	RESELLERS		ACCOUNT_MONEY	9958863,16
202607	AQUISICAO	POINT	RESELLERS		CREDIT_CARD	138820889,8
202607	AQUISICAO	POINT	RESELLERS		DEBIT_CARD	132742867
202607	AQUISICAO	POINT	TELEVENDAS		ACCOUNT_MONEY	8212792,98
202607	AQUISICAO	POINT	TELEVENDAS		CREDIT_CARD	25009184,98
202607	AQUISICAO	POINT	TELEVENDAS		DEBIT_CARD	18223825
202607	AQUISICAO	QR			ACCOUNT_MONEY	148548950,3
202607	AQUISICAO	QR			CREDIT_CARD	5343,96
202607	AQUISICAO	QR			DEBIT_CARD	4,73
202607	AQUISICAO	QR			PIX	874909597
202607	AQUISICAO	TAP			ACCOUNT_MONEY	3230651,11
202607	AQUISICAO	TAP			CREDIT_CARD	707226105,9
202607	AQUISICAO	TAP			DEBIT_CARD	63265359
202607	ENGAGEMENT	OP - CHECKOUT			ACCOUNT_MONEY	15203957,92
202607	ENGAGEMENT	OP - CHECKOUT			CREDIT_CARD	209046748,6
202607	ENGAGEMENT	OP - CHECKOUT			DEBIT_CARD	9,47
202607	ENGAGEMENT	OP - CHECKOUT			PIX	222621322
202607	ENGAGEMENT	OP - CHECKOUT			TICKET	9511868
202607	ENGAGEMENT	OP - LINK			ACCOUNT_MONEY	21312396,67
202607	ENGAGEMENT	OP - LINK			CREDIT_CARD	1236431648
202607	ENGAGEMENT	OP - LINK			DEBIT_CARD	320,63
202607	ENGAGEMENT	OP - LINK			PIX	14567159
202607	ENGAGEMENT	OP - LINK			TICKET	5205276
202607	ENGAGEMENT	POINT			ACCOUNT_MONEY	14292525,7
202607	ENGAGEMENT	POINT			CREDIT_CARD	5593229749
202607	ENGAGEMENT	POINT			DEBIT_CARD	4023488137
202607	ENGAGEMENT	QR			ACCOUNT_MONEY	246714166,9
202607	ENGAGEMENT	QR			CREDIT_CARD	5853591,43
202607	ENGAGEMENT	QR			DEBIT_CARD	30,68
202607	ENGAGEMENT	QR			PIX	2426995755
202607	ENGAGEMENT	TAP			ACCOUNT_MONEY	3122774,09
202607	ENGAGEMENT	TAP			CREDIT_CARD	1341320163
202607	ENGAGEMENT	TAP			DEBIT_CARD	112471295
202608	AQUISICAO	OP - CHECKOUT			ACCOUNT_MONEY	14577989,03
202608	AQUISICAO	OP - CHECKOUT			CREDIT_CARD	53239931,29
202608	AQUISICAO	OP - CHECKOUT			DEBIT_CARD	753,12
202608	AQUISICAO	OP - CHECKOUT			PIX	72940658
202608	AQUISICAO	OP - CHECKOUT			TICKET	1745,55
202608	AQUISICAO	OP - LINK			ACCOUNT_MONEY	17617361,38
202608	AQUISICAO	OP - LINK			CREDIT_CARD	630004370,1
202608	AQUISICAO	OP - LINK			DEBIT_CARD	87,55
202608	AQUISICAO	OP - LINK			PIX	6576484
202608	AQUISICAO	OP - LINK			TICKET	7017033
202608	AQUISICAO	POINT	CANAIS DIGITAIS	APP	ACCOUNT_MONEY	8151892,95
202608	AQUISICAO	POINT	CANAIS DIGITAIS	APP	CREDIT_CARD	258293281,1
202608	AQUISICAO	POINT	CANAIS DIGITAIS	APP	DEBIT_CARD	138156903
202608	AQUISICAO	POINT	CANAIS DIGITAIS	LANDING	ACCOUNT_MONEY	10078446,46
202608	AQUISICAO	POINT	CANAIS DIGITAIS	LANDING	CREDIT_CARD	115574227,5
202608	AQUISICAO	POINT	CANAIS DIGITAIS	LANDING	DEBIT_CARD	78587546
202608	AQUISICAO	POINT	CANAIS DIGITAIS	TO	ACCOUNT_MONEY	8024267,7
202608	AQUISICAO	POINT	CANAIS DIGITAIS	TO	CREDIT_CARD	149224449,3
202608	AQUISICAO	POINT	CANAIS DIGITAIS	TO	DEBIT_CARD	129445829
202608	AQUISICAO	POINT	FDV PROPRIA		ACCOUNT_MONEY	9404880,71
202608	AQUISICAO	POINT	FDV PROPRIA		CREDIT_CARD	1085231959
202608	AQUISICAO	POINT	FDV PROPRIA		DEBIT_CARD	526711485
202608	AQUISICAO	POINT	FDV TERCEIRA		ACCOUNT_MONEY	5837197,96
202608	AQUISICAO	POINT	FDV TERCEIRA		CREDIT_CARD	166853142,1
202608	AQUISICAO	POINT	FDV TERCEIRA		DEBIT_CARD	102025581
202608	AQUISICAO	POINT	MgM		ACCOUNT_MONEY	8857692,44
202608	AQUISICAO	POINT	MgM		CREDIT_CARD	159262801,6
202608	AQUISICAO	POINT	MgM		DEBIT_CARD	127238213
202608	AQUISICAO	POINT	RESELLERS		ACCOUNT_MONEY	9063301,63
202608	AQUISICAO	POINT	RESELLERS		CREDIT_CARD	163347171,4
202608	AQUISICAO	POINT	RESELLERS		DEBIT_CARD	154345083
202608	AQUISICAO	POINT	TELEVENDAS		ACCOUNT_MONEY	7454835,7
202608	AQUISICAO	POINT	TELEVENDAS		CREDIT_CARD	31529851,29
202608	AQUISICAO	POINT	TELEVENDAS		DEBIT_CARD	21399722
202608	AQUISICAO	QR			ACCOUNT_MONEY	136711379,4
202608	AQUISICAO	QR			CREDIT_CARD	5322,5
202608	AQUISICAO	QR			DEBIT_CARD	5,12
202608	AQUISICAO	QR			PIX	984372582
202608	AQUISICAO	TAP			ACCOUNT_MONEY	2434259,3
202608	AQUISICAO	TAP			CREDIT_CARD	777313011,7
202608	AQUISICAO	TAP			DEBIT_CARD	69868997
202608	ENGAGEMENT	OP - CHECKOUT			ACCOUNT_MONEY	15074575,43
202608	ENGAGEMENT	OP - CHECKOUT			CREDIT_CARD	202353657,4
202608	ENGAGEMENT	OP - CHECKOUT			DEBIT_CARD	13,19
202608	ENGAGEMENT	OP - CHECKOUT			PIX	210492301
202608	ENGAGEMENT	OP - CHECKOUT			TICKET	7766176
202608	ENGAGEMENT	OP - LINK			ACCOUNT_MONEY	22379329,77
202608	ENGAGEMENT	OP - LINK			CREDIT_CARD	1186274159
202608	ENGAGEMENT	OP - LINK			DEBIT_CARD	301,13
202608	ENGAGEMENT	OP - LINK			PIX	13690338
202608	ENGAGEMENT	OP - LINK			TICKET	4810002
202608	ENGAGEMENT	POINT			ACCOUNT_MONEY	14080479,94
202608	ENGAGEMENT	POINT			CREDIT_CARD	5486024362
202608	ENGAGEMENT	POINT			DEBIT_CARD	3993370588
202608	ENGAGEMENT	QR			ACCOUNT_MONEY	251796379,4
202608	ENGAGEMENT	QR			CREDIT_CARD	5550365,13
202608	ENGAGEMENT	QR			DEBIT_CARD	31,43
202608	ENGAGEMENT	QR			PIX	2381338082
202608	ENGAGEMENT	TAP			ACCOUNT_MONEY	2931318,75
202608	ENGAGEMENT	TAP			CREDIT_CARD	1330713300
202608	ENGAGEMENT	TAP			DEBIT_CARD	111649669
202609	AQUISICAO	OP - CHECKOUT			ACCOUNT_MONEY	14269365,35
202609	AQUISICAO	OP - CHECKOUT			CREDIT_CARD	57197148,49
202609	AQUISICAO	OP - CHECKOUT			DEBIT_CARD	825,16
202609	AQUISICAO	OP - CHECKOUT			PIX	80689812
202609	AQUISICAO	OP - CHECKOUT			TICKET	1050232,99
202609	AQUISICAO	OP - LINK			ACCOUNT_MONEY	19012584,45
202609	AQUISICAO	OP - LINK			CREDIT_CARD	706334583,9
202609	AQUISICAO	OP - LINK			DEBIT_CARD	94,63
202609	AQUISICAO	OP - LINK			PIX	7198037
202609	AQUISICAO	OP - LINK			TICKET	7895177
202609	AQUISICAO	POINT	CANAIS DIGITAIS	APP	ACCOUNT_MONEY	7915252,82
202609	AQUISICAO	POINT	CANAIS DIGITAIS	APP	CREDIT_CARD	285895895,2
202609	AQUISICAO	POINT	CANAIS DIGITAIS	APP	DEBIT_CARD	153324096
202609	AQUISICAO	POINT	CANAIS DIGITAIS	LANDING	ACCOUNT_MONEY	9925157,91
202609	AQUISICAO	POINT	CANAIS DIGITAIS	LANDING	CREDIT_CARD	128665232,1
202609	AQUISICAO	POINT	CANAIS DIGITAIS	LANDING	DEBIT_CARD	86863109
202609	AQUISICAO	POINT	CANAIS DIGITAIS	TO	ACCOUNT_MONEY	9028547,41
202609	AQUISICAO	POINT	CANAIS DIGITAIS	TO	CREDIT_CARD	168599512,6
202609	AQUISICAO	POINT	CANAIS DIGITAIS	TO	DEBIT_CARD	146277476
202609	AQUISICAO	POINT	FDV PROPRIA		ACCOUNT_MONEY	7334841,82
202609	AQUISICAO	POINT	FDV PROPRIA		CREDIT_CARD	1212869894
202609	AQUISICAO	POINT	FDV PROPRIA		DEBIT_CARD	588676101
202609	AQUISICAO	POINT	FDV TERCEIRA		ACCOUNT_MONEY	6381338,27
202609	AQUISICAO	POINT	FDV TERCEIRA		CREDIT_CARD	182088476,7
202609	AQUISICAO	POINT	FDV TERCEIRA		DEBIT_CARD	111605067
202609	AQUISICAO	POINT	MgM		ACCOUNT_MONEY	8826377,79
202609	AQUISICAO	POINT	MgM		CREDIT_CARD	179862395,2
202609	AQUISICAO	POINT	MgM		DEBIT_CARD	143155828
202609	AQUISICAO	POINT	RESELLERS		ACCOUNT_MONEY	9930376,68
202609	AQUISICAO	POINT	RESELLERS		CREDIT_CARD	180434105,3
202609	AQUISICAO	POINT	RESELLERS		DEBIT_CARD	170584612
202609	AQUISICAO	POINT	TELEVENDAS		ACCOUNT_MONEY	6186594,21
202609	AQUISICAO	POINT	TELEVENDAS		CREDIT_CARD	37775710,77
202609	AQUISICAO	POINT	TELEVENDAS		DEBIT_CARD	24155523
202609	AQUISICAO	QR			ACCOUNT_MONEY	139359078,3
202609	AQUISICAO	QR			CREDIT_CARD	5423,28
202609	AQUISICAO	QR			DEBIT_CARD	5,46
202609	AQUISICAO	QR			PIX	1082606534
202609	AQUISICAO	TAP			ACCOUNT_MONEY	2749635,62
202609	AQUISICAO	TAP			CREDIT_CARD	851844858,4
202609	AQUISICAO	TAP			DEBIT_CARD	76256829
202609	ENGAGEMENT	OP - CHECKOUT			ACCOUNT_MONEY	14645711,33
202609	ENGAGEMENT	OP - CHECKOUT			CREDIT_CARD	204308567,9
202609	ENGAGEMENT	OP - CHECKOUT			DEBIT_CARD	12,77
202609	ENGAGEMENT	OP - CHECKOUT			PIX	197101831
202609	ENGAGEMENT	OP - CHECKOUT			TICKET	7314726
202609	ENGAGEMENT	OP - LINK			ACCOUNT_MONEY	21686335,96
202609	ENGAGEMENT	OP - LINK			CREDIT_CARD	1149179500
202609	ENGAGEMENT	OP - LINK			DEBIT_CARD	304,07
202609	ENGAGEMENT	OP - LINK			PIX	13103385
202609	ENGAGEMENT	OP - LINK			TICKET	4332210
202609	ENGAGEMENT	POINT			ACCOUNT_MONEY	14186528,82
202609	ENGAGEMENT	POINT			CREDIT_CARD	5144048308
202609	ENGAGEMENT	POINT			DEBIT_CARD	3670332207
202609	ENGAGEMENT	QR			ACCOUNT_MONEY	200386086,6
202609	ENGAGEMENT	QR			CREDIT_CARD	5074548,16
202609	ENGAGEMENT	QR			DEBIT_CARD	29,21
202609	ENGAGEMENT	QR			PIX	2237982473
202609	ENGAGEMENT	TAP			ACCOUNT_MONEY	2682839,48
202609	ENGAGEMENT	TAP			CREDIT_CARD	1288307063
202609	ENGAGEMENT	TAP			DEBIT_CARD	108204010
202610	AQUISICAO	OP - CHECKOUT			ACCOUNT_MONEY	14588087,62
202610	AQUISICAO	OP - CHECKOUT			CREDIT_CARD	64204920,69
202610	AQUISICAO	OP - CHECKOUT			DEBIT_CARD	915,31
202610	AQUISICAO	OP - CHECKOUT			PIX	89171469
202610	AQUISICAO	OP - CHECKOUT			TICKET	1144558,37
202610	AQUISICAO	OP - LINK			ACCOUNT_MONEY	19289267,6
202610	AQUISICAO	OP - LINK			CREDIT_CARD	821282059,2
202610	AQUISICAO	OP - LINK			DEBIT_CARD	108,28
202610	AQUISICAO	OP - LINK			PIX	8155631
202610	AQUISICAO	OP - LINK			TICKET	9175728
202610	AQUISICAO	POINT	CANAIS DIGITAIS	APP	ACCOUNT_MONEY	6653137,2
202610	AQUISICAO	POINT	CANAIS DIGITAIS	APP	CREDIT_CARD	319075083,8
202610	AQUISICAO	POINT	CANAIS DIGITAIS	APP	DEBIT_CARD	170058873
202610	AQUISICAO	POINT	CANAIS DIGITAIS	LANDING	ACCOUNT_MONEY	8036643,31
202610	AQUISICAO	POINT	CANAIS DIGITAIS	LANDING	CREDIT_CARD	149913947,7
202610	AQUISICAO	POINT	CANAIS DIGITAIS	LANDING	DEBIT_CARD	99279971
202610	AQUISICAO	POINT	CANAIS DIGITAIS	TO	ACCOUNT_MONEY	7896208,88
202610	AQUISICAO	POINT	CANAIS DIGITAIS	TO	CREDIT_CARD	190961695,1
202610	AQUISICAO	POINT	CANAIS DIGITAIS	TO	DEBIT_CARD	164148090
202610	AQUISICAO	POINT	FDV PROPRIA		ACCOUNT_MONEY	7996572,42
202610	AQUISICAO	POINT	FDV PROPRIA		CREDIT_CARD	1333774585
202610	AQUISICAO	POINT	FDV PROPRIA		DEBIT_CARD	647238122
202610	AQUISICAO	POINT	FDV TERCEIRA		ACCOUNT_MONEY	6937340,72
202610	AQUISICAO	POINT	FDV TERCEIRA		CREDIT_CARD	196411095,3
202610	AQUISICAO	POINT	FDV TERCEIRA		DEBIT_CARD	120591474
202610	AQUISICAO	POINT	MgM		ACCOUNT_MONEY	7970317,7
202610	AQUISICAO	POINT	MgM		CREDIT_CARD	207293838,3
202610	AQUISICAO	POINT	MgM		DEBIT_CARD	163563270
202610	AQUISICAO	POINT	RESELLERS		ACCOUNT_MONEY	10017684,29
202610	AQUISICAO	POINT	RESELLERS		CREDIT_CARD	203067095,7
202610	AQUISICAO	POINT	RESELLERS		DEBIT_CARD	191348165
202610	AQUISICAO	POINT	TELEVENDAS		ACCOUNT_MONEY	5537091,36
202610	AQUISICAO	POINT	TELEVENDAS		CREDIT_CARD	50767561,65
202610	AQUISICAO	POINT	TELEVENDAS		DEBIT_CARD	30957164
202610	AQUISICAO	QR			ACCOUNT_MONEY	158969736,6
202610	AQUISICAO	QR			CREDIT_CARD	1085227,34
202610	AQUISICAO	QR			DEBIT_CARD	6,07
202610	AQUISICAO	QR			PIX	1194834423
202610	AQUISICAO	TAP			ACCOUNT_MONEY	2827674,49
202610	AQUISICAO	TAP			CREDIT_CARD	890065212,5
202610	AQUISICAO	TAP			DEBIT_CARD	79948961
202610	ENGAGEMENT	OP - CHECKOUT			ACCOUNT_MONEY	14722020,15
202610	ENGAGEMENT	OP - CHECKOUT			CREDIT_CARD	200826721,3
202610	ENGAGEMENT	OP - CHECKOUT			DEBIT_CARD	11,62
202610	ENGAGEMENT	OP - CHECKOUT			PIX	205296267
202610	ENGAGEMENT	OP - CHECKOUT			TICKET	7837519
202610	ENGAGEMENT	OP - LINK			ACCOUNT_MONEY	21204063,57
202610	ENGAGEMENT	OP - LINK			CREDIT_CARD	1196038065
202610	ENGAGEMENT	OP - LINK			DEBIT_CARD	301,41
202610	ENGAGEMENT	OP - LINK			PIX	13352414
202610	ENGAGEMENT	OP - LINK			TICKET	4744325
202610	ENGAGEMENT	POINT			ACCOUNT_MONEY	13465263,51
202610	ENGAGEMENT	POINT			CREDIT_CARD	5427836855
202610	ENGAGEMENT	POINT			DEBIT_CARD	3676086627
202610	ENGAGEMENT	QR			ACCOUNT_MONEY	202065279,6
202610	ENGAGEMENT	QR			CREDIT_CARD	4746912,69
202610	ENGAGEMENT	QR			DEBIT_CARD	29,7
202610	ENGAGEMENT	QR			PIX	2325170704
202610	ENGAGEMENT	TAP			ACCOUNT_MONEY	2723271,01
202610	ENGAGEMENT	TAP			CREDIT_CARD	1297982655
202610	ENGAGEMENT	TAP			DEBIT_CARD	109182722
202611	AQUISICAO	OP - CHECKOUT			ACCOUNT_MONEY	14511149,75
202611	AQUISICAO	OP - CHECKOUT			CREDIT_CARD	70688785,31
202611	AQUISICAO	OP - CHECKOUT			DEBIT_CARD	955,33
202611	AQUISICAO	OP - CHECKOUT			PIX	89356589
202611	AQUISICAO	OP - CHECKOUT			TICKET	1184415,6
202611	AQUISICAO	OP - LINK			ACCOUNT_MONEY	20265565,69
202611	AQUISICAO	OP - LINK			CREDIT_CARD	893770885,8
202611	AQUISICAO	OP - LINK			DEBIT_CARD	114,53
202611	AQUISICAO	OP - LINK			PIX	8667173
202611	AQUISICAO	OP - LINK			TICKET	10027328
202611	AQUISICAO	POINT	CANAIS DIGITAIS	APP	ACCOUNT_MONEY	7378836,79
202611	AQUISICAO	POINT	CANAIS DIGITAIS	APP	CREDIT_CARD	355552354,2
202611	AQUISICAO	POINT	CANAIS DIGITAIS	APP	DEBIT_CARD	192493444
202611	AQUISICAO	POINT	CANAIS DIGITAIS	LANDING	ACCOUNT_MONEY	8841421,73
202611	AQUISICAO	POINT	CANAIS DIGITAIS	LANDING	CREDIT_CARD	166030850,3
202611	AQUISICAO	POINT	CANAIS DIGITAIS	LANDING	DEBIT_CARD	112482930
202611	AQUISICAO	POINT	CANAIS DIGITAIS	TO	ACCOUNT_MONEY	8648772,57
202611	AQUISICAO	POINT	CANAIS DIGITAIS	TO	CREDIT_CARD	209355515,4
202611	AQUISICAO	POINT	CANAIS DIGITAIS	TO	DEBIT_CARD	183083093
202611	AQUISICAO	POINT	FDV PROPRIA		ACCOUNT_MONEY	7516393,08
202611	AQUISICAO	POINT	FDV PROPRIA		CREDIT_CARD	1420582115
202611	AQUISICAO	POINT	FDV PROPRIA		DEBIT_CARD	715621174
202611	AQUISICAO	POINT	FDV TERCEIRA		ACCOUNT_MONEY	7408760,83
202611	AQUISICAO	POINT	FDV TERCEIRA		CREDIT_CARD	206284395,2
202611	AQUISICAO	POINT	FDV TERCEIRA		DEBIT_CARD	130656078
202611	AQUISICAO	POINT	MgM		ACCOUNT_MONEY	8737068,18
202611	AQUISICAO	POINT	MgM		CREDIT_CARD	228420150,8
202611	AQUISICAO	POINT	MgM		DEBIT_CARD	183857604
202611	AQUISICAO	POINT	RESELLERS		ACCOUNT_MONEY	9856162,97
202611	AQUISICAO	POINT	RESELLERS		CREDIT_CARD	224007137
202611	AQUISICAO	POINT	RESELLERS		DEBIT_CARD	213617927
202611	AQUISICAO	POINT	TELEVENDAS		ACCOUNT_MONEY	5201224,57
202611	AQUISICAO	POINT	TELEVENDAS		CREDIT_CARD	59712111,44
202611	AQUISICAO	POINT	TELEVENDAS		DEBIT_CARD	36589469
202611	AQUISICAO	QR			ACCOUNT_MONEY	165063437,4
202611	AQUISICAO	QR			CREDIT_CARD	6306,12
202611	AQUISICAO	QR			DEBIT_CARD	6,48
202611	AQUISICAO	QR			PIX	1306488337
202611	AQUISICAO	TAP			ACCOUNT_MONEY	3390579,02
202611	AQUISICAO	TAP			CREDIT_CARD	1066838086
202611	AQUISICAO	TAP			DEBIT_CARD	95884049
202611	ENGAGEMENT	OP - CHECKOUT			ACCOUNT_MONEY	15861728,09
202611	ENGAGEMENT	OP - CHECKOUT			CREDIT_CARD	237843526,4
202611	ENGAGEMENT	OP - CHECKOUT			DEBIT_CARD	14,52
202611	ENGAGEMENT	OP - CHECKOUT			PIX	234950054
202611	ENGAGEMENT	OP - CHECKOUT			TICKET	8675056
202611	ENGAGEMENT	OP - LINK			ACCOUNT_MONEY	20750751,66
202611	ENGAGEMENT	OP - LINK			CREDIT_CARD	1155233879
202611	ENGAGEMENT	OP - LINK			DEBIT_CARD	291,72
202611	ENGAGEMENT	OP - LINK			PIX	12633851
202611	ENGAGEMENT	OP - LINK			TICKET	4469153
202611	ENGAGEMENT	POINT			ACCOUNT_MONEY	14137322,76
202611	ENGAGEMENT	POINT			CREDIT_CARD	5305001862
202611	ENGAGEMENT	POINT			DEBIT_CARD	3567874350
202611	ENGAGEMENT	QR			ACCOUNT_MONEY	189827026,5
202611	ENGAGEMENT	QR			CREDIT_CARD	3446885,07
202611	ENGAGEMENT	QR			DEBIT_CARD	29,39
202611	ENGAGEMENT	QR			PIX	2280976844
202611	ENGAGEMENT	TAP			ACCOUNT_MONEY	2668460,87
202611	ENGAGEMENT	TAP			CREDIT_CARD	1333846437
202611	ENGAGEMENT	TAP			DEBIT_CARD	112143645
202612	AQUISICAO	OP - CHECKOUT			ACCOUNT_MONEY	14128627,61
202612	AQUISICAO	OP - CHECKOUT			CREDIT_CARD	74799966,87
202612	AQUISICAO	OP - CHECKOUT			DEBIT_CARD	990,38
202612	AQUISICAO	OP - CHECKOUT			PIX	92056452
202612	AQUISICAO	OP - CHECKOUT			TICKET	1217391,12
202612	AQUISICAO	OP - LINK			ACCOUNT_MONEY	20459979,48
202612	AQUISICAO	OP - LINK			CREDIT_CARD	863679952,4
202612	AQUISICAO	OP - LINK			DEBIT_CARD	115,14
202612	AQUISICAO	OP - LINK			PIX	8258709
202612	AQUISICAO	OP - LINK			TICKET	9364881
202612	AQUISICAO	POINT	CANAIS DIGITAIS	APP	ACCOUNT_MONEY	7373248,37
202612	AQUISICAO	POINT	CANAIS DIGITAIS	APP	CREDIT_CARD	381920633,6
202612	AQUISICAO	POINT	CANAIS DIGITAIS	APP	DEBIT_CARD	253491214
202612	AQUISICAO	POINT	CANAIS DIGITAIS	LANDING	ACCOUNT_MONEY	9218061,71
202612	AQUISICAO	POINT	CANAIS DIGITAIS	LANDING	CREDIT_CARD	184681548,3
202612	AQUISICAO	POINT	CANAIS DIGITAIS	LANDING	DEBIT_CARD	148949896
202612	AQUISICAO	POINT	CANAIS DIGITAIS	TO	ACCOUNT_MONEY	9783608,59
202612	AQUISICAO	POINT	CANAIS DIGITAIS	TO	CREDIT_CARD	232712257,4
202612	AQUISICAO	POINT	CANAIS DIGITAIS	TO	DEBIT_CARD	232174265
202612	AQUISICAO	POINT	FDV PROPRIA		ACCOUNT_MONEY	9048441,5
202612	AQUISICAO	POINT	FDV PROPRIA		CREDIT_CARD	1656235601
202612	AQUISICAO	POINT	FDV PROPRIA		DEBIT_CARD	1008408916
202612	AQUISICAO	POINT	FDV TERCEIRA		ACCOUNT_MONEY	6386455,15
202612	AQUISICAO	POINT	FDV TERCEIRA		CREDIT_CARD	232692180,9
202612	AQUISICAO	POINT	FDV TERCEIRA		DEBIT_CARD	170564792
202612	AQUISICAO	POINT	MgM		ACCOUNT_MONEY	8976935,08
202612	AQUISICAO	POINT	MgM		CREDIT_CARD	248798956,9
202612	AQUISICAO	POINT	MgM		DEBIT_CARD	234927544
202612	AQUISICAO	POINT	RESELLERS		ACCOUNT_MONEY	9759205,03
202612	AQUISICAO	POINT	RESELLERS		CREDIT_CARD	237620964
202612	AQUISICAO	POINT	RESELLERS		DEBIT_CARD	263411463
202612	AQUISICAO	POINT	TELEVENDAS		ACCOUNT_MONEY	5540733,72
202612	AQUISICAO	POINT	TELEVENDAS		CREDIT_CARD	61883768,29
202612	AQUISICAO	POINT	TELEVENDAS		DEBIT_CARD	46154137
202612	AQUISICAO	QR			ACCOUNT_MONEY	166776385
202612	AQUISICAO	QR			CREDIT_CARD	1174888,31
202612	AQUISICAO	QR			DEBIT_CARD	7,64
202612	AQUISICAO	QR			PIX	1626168635
202612	AQUISICAO	TAP			ACCOUNT_MONEY	2562883,55
202612	AQUISICAO	TAP			CREDIT_CARD	1147552494
202612	AQUISICAO	TAP			DEBIT_CARD	102976202
202612	ENGAGEMENT	OP - CHECKOUT			ACCOUNT_MONEY	14330996,36
202612	ENGAGEMENT	OP - CHECKOUT			CREDIT_CARD	205991132,2
202612	ENGAGEMENT	OP - CHECKOUT			DEBIT_CARD	12,46
202612	ENGAGEMENT	OP - CHECKOUT			PIX	203926348
202612	ENGAGEMENT	OP - CHECKOUT			TICKET	7476675
202612	ENGAGEMENT	OP - LINK			ACCOUNT_MONEY	20863116,05
202612	ENGAGEMENT	OP - LINK			CREDIT_CARD	1012754954
202612	ENGAGEMENT	OP - LINK			DEBIT_CARD	265,49
202612	ENGAGEMENT	OP - LINK			PIX	10832981
202612	ENGAGEMENT	OP - LINK			TICKET	3819905
202612	ENGAGEMENT	POINT			ACCOUNT_MONEY	14039576,35
202612	ENGAGEMENT	POINT			CREDIT_CARD	5107445523
202612	ENGAGEMENT	POINT			DEBIT_CARD	4310180369
202612	ENGAGEMENT	QR			ACCOUNT_MONEY	283784906,3
202612	ENGAGEMENT	QR			CREDIT_CARD	3919560
202612	ENGAGEMENT	QR			DEBIT_CARD	58,75
202612	ENGAGEMENT	QR			PIX	2448959605
202612	ENGAGEMENT	TAP			ACCOUNT_MONEY	1861848,29
202612	ENGAGEMENT	TAP			CREDIT_CARD	1401425697
202612	ENGAGEMENT	TAP			DEBIT_CARD	117881274